micro_step,opt_step,tokens,loss_avg,grad_norm_last,grad_norm_max,lr,tok_per_s,vram_gb
50,6,614400,11.6900,,,3.000000e-06,16671,18.01
100,12,1228800,10.7944,,,6.000000e-06,47234,18.01
150,18,1843200,10.3156,,,9.000000e-06,46966,18.01
200,25,2457600,10.1076,,,1.250000e-05,46041,18.01
250,31,3072000,9.9924,,,1.550000e-05,46466,18.01
300,37,3686400,9.8379,,,1.850000e-05,46259,18.01
350,43,4300800,9.6693,,,2.150000e-05,46156,18.01
400,50,4915200,9.4566,,,2.500000e-05,45377,18.01
450,56,5529600,9.2934,,,2.800000e-05,45879,18.01
500,62,6144000,9.0901,,,3.100000e-05,45544,18.01
550,68,6758400,8.8447,,,3.400000e-05,43555,18.01
600,75,7372800,8.6791,,,3.750000e-05,44813,18.01
650,81,7987200,8.4695,,,4.050000e-05,45322,18.01
700,87,8601600,8.3093,,,4.350000e-05,45179,18.01
750,93,9216000,8.1430,,,4.650000e-05,45056,18.01
800,100,9830400,7.9769,,,5.000000e-05,44215,18.01
850,106,10444800,7.7480,,,5.300000e-05,45040,18.01
900,112,11059200,7.7532,,,5.600000e-05,44872,18.01
950,118,11673600,7.5417,,,5.900000e-05,44701,18.01
1000,125,12288000,7.4673,,,6.250000e-05,44131,18.01
1050,131,12902400,7.3930,,,6.550000e-05,43197,18.01
1100,137,13516800,7.3378,,,6.850000e-05,44444,18.01
1150,143,14131200,7.2225,,,7.150000e-05,44027,18.01
1200,150,14745600,7.1046,,,7.500000e-05,43724,18.01
1250,156,15360000,7.2654,,,7.800000e-05,44395,18.01
1300,162,15974400,7.1144,,,8.100000e-05,44138,18.01
1350,168,16588800,7.1886,,,8.400000e-05,44131,18.01
1400,175,17203200,6.9641,,,8.750000e-05,43255,18.01
1450,181,17817600,6.9735,,,9.050000e-05,43719,18.01
1500,187,18432000,6.9428,,,9.350000e-05,43910,18.01
1550,193,19046400,6.8731,,,9.650000e-05,42593,18.01
1600,200,19660800,6.9232,,,1.000000e-04,43466,18.01
1650,206,20275200,6.7709,,,1.030000e-04,43800,18.01
1700,212,20889600,6.7461,,,1.060000e-04,43585,18.01
1750,218,21504000,6.7772,,,1.090000e-04,43687,18.01
1800,225,22118400,6.7636,,,1.125000e-04,43231,18.01
1850,231,22732800,6.6723,,,1.155000e-04,43843,18.01
1900,237,23347200,6.6728,,,1.185000e-04,43779,18.01
1950,243,23961600,6.7043,,,1.215000e-04,43302,18.01
2000,250,24576000,6.5095,,,1.250000e-04,43018,18.01
2050,256,25190400,6.6447,,,1.280000e-04,42277,18.01
2100,262,25804800,6.4715,,,1.310000e-04,43484,18.01
2150,268,26419200,6.4538,,,1.340000e-04,43505,18.01
2200,275,27033600,6.5060,,,1.375000e-04,43326,18.01
2250,281,27648000,6.4398,,,1.405000e-04,43633,18.01
2300,287,28262400,6.3402,,,1.435000e-04,43450,18.01
2350,293,28876800,6.4314,,,1.465000e-04,43453,18.01
2400,300,29491200,6.4045,,,1.500000e-04,42483,18.01
2450,306,30105600,6.3955,,,1.530000e-04,43656,18.01
2500,312,30720000,6.3129,,,1.560000e-04,43465,18.01
2550,318,31334400,6.2891,,,1.590000e-04,42270,18.01
2600,325,31948800,6.2851,,,1.625000e-04,43200,18.01
2650,331,32563200,6.3359,,,1.655000e-04,43757,18.01
2700,337,33177600,6.2198,,,1.685000e-04,43519,18.01
2750,343,33792000,6.1907,,,1.715000e-04,43346,18.01
2800,350,34406400,6.1773,,,1.750000e-04,42980,18.01
2850,356,35020800,6.2018,,,1.780000e-04,43832,18.01
2900,362,35635200,6.1452,,,1.810000e-04,43591,18.01
2950,368,36249600,6.0591,,,1.840000e-04,43733,18.01
3000,375,36864000,6.1701,,,1.875000e-04,43078,18.01
3050,381,37478400,6.0634,,,1.905000e-04,42096,18.01
3100,387,38092800,6.0612,,,1.935000e-04,43349,18.01
3150,393,38707200,6.0595,,,1.965000e-04,43732,18.01
3200,400,39321600,5.9568,,,2.000000e-04,43322,18.01
3250,406,39936000,6.0005,,,2.030000e-04,43704,18.01
3300,412,40550400,6.0171,,,2.060000e-04,43207,18.01
3350,418,41164800,6.0409,,,2.090000e-04,43142,18.01
3400,425,41779200,5.9635,,,2.125000e-04,42841,18.01
3450,431,42393600,5.9261,,,2.155000e-04,43784,18.01
3500,437,43008000,5.8506,,,2.185000e-04,43527,18.01
3550,443,43622400,5.8412,,,2.215000e-04,42050,18.01
3600,450,44236800,5.8818,,,2.250000e-04,43128,18.01
3650,456,44851200,5.8304,,,2.280000e-04,43801,18.01
3700,462,45465600,5.8524,,,2.310000e-04,43399,18.01
3750,468,46080000,5.8887,,,2.340000e-04,43545,18.01
3800,475,46694400,5.7942,,,2.375000e-04,42956,18.01
3850,481,47308800,5.7581,,,2.405000e-04,43751,18.01
3900,487,47923200,5.7123,,,2.435000e-04,43373,18.01
3950,493,48537600,5.8088,,,2.465000e-04,43638,18.01
4000,500,49152000,5.8058,,,2.500000e-04,43121,18.01
4050,506,49766400,5.7490,,,2.530000e-04,42212,18.01
4100,512,50380800,5.7534,,,2.560000e-04,43484,18.01
4150,518,50995200,5.7314,,,2.590000e-04,43561,18.01
4200,525,51609600,5.7496,,,2.625000e-04,43026,18.01
4250,531,52224000,5.7204,,,2.655000e-04,43578,18.01
4300,537,52838400,5.8292,,,2.685000e-04,43386,18.01
4350,543,53452800,5.6629,,,2.715000e-04,43466,18.01
4400,550,54067200,5.6969,,,2.750000e-04,43205,18.01
4450,556,54681600,5.6921,,,2.780000e-04,43615,18.01
4500,562,55296000,5.6077,,,2.810000e-04,43452,18.01
4550,568,55910400,5.6256,,,2.840000e-04,42060,18.01
4600,575,56524800,5.5922,,,2.875000e-04,43204,18.01
4650,581,57139200,5.6273,,,2.905000e-04,43468,18.01
4700,587,57753600,5.5621,,,2.935000e-04,43481,18.01
4750,593,58368000,5.5520,,,2.965000e-04,43669,18.01
4800,600,58982400,5.5886,,,3.000000e-04,43007,18.01
4850,606,59596800,5.5387,,,3.000000e-04,43674,18.01
4900,612,60211200,5.5702,,,3.000000e-04,43524,18.01
4950,618,60825600,5.5436,,,3.000000e-04,43357,18.01
5000,625,61440000,5.4672,,,3.000000e-04,42685,18.01
5050,631,62054400,5.5580,,,3.000000e-04,29638,18.01
5100,637,62668800,5.4922,,,3.000000e-04,43803,18.01
5150,643,63283200,5.5065,,,3.000000e-04,43471,18.01
5200,650,63897600,5.4458,,,3.000000e-04,43287,18.01
5250,656,64512000,5.5520,,,3.000000e-04,43469,18.01
5300,662,65126400,5.4148,,,3.000000e-04,43599,18.01
5350,668,65740800,5.4599,,,3.000000e-04,43449,18.01
5400,675,66355200,5.4613,,,3.000000e-04,43107,18.01
5450,681,66969600,5.4098,,,3.000000e-04,43558,18.01
5500,687,67584000,5.4502,,,3.000000e-04,43767,18.01
5550,693,68198400,5.4853,,,3.000000e-04,41831,18.01
5600,700,68812800,5.3602,,,3.000000e-04,43102,18.01
5650,706,69427200,5.3875,,,3.000000e-04,43831,18.01
5700,712,70041600,5.3593,,,3.000000e-04,43706,18.01
5750,718,70656000,5.3961,,,3.000000e-04,43761,18.01
5800,725,71270400,5.3791,,,3.000000e-04,43016,18.01
5850,731,71884800,5.2920,,,3.000000e-04,43423,18.01
5900,737,72499200,5.4041,,,3.000000e-04,43287,18.01
5950,743,73113600,5.2812,,,3.000000e-04,43418,18.01
6000,750,73728000,5.3048,,,3.000000e-04,42945,18.01
6050,756,74342400,5.3955,,,3.000000e-04,42318,18.01
6100,762,74956800,5.2228,,,3.000000e-04,43473,18.01
6150,768,75571200,5.3448,,,3.000000e-04,43398,18.01
6200,775,76185600,5.2156,,,3.000000e-04,42619,18.01
6250,781,76800000,5.2494,,,3.000000e-04,43697,18.01
6300,787,77414400,5.2704,,,3.000000e-04,43282,18.01
6350,793,78028800,5.2125,,,3.000000e-04,43497,18.01
6400,800,78643200,5.2485,,,3.000000e-04,43032,18.01
6450,806,79257600,5.2361,,,3.000000e-04,43485,18.01
6500,812,79872000,5.2202,,,3.000000e-04,43497,18.01
6550,818,80486400,5.1894,,,3.000000e-04,42108,18.01
6600,825,81100800,5.1768,,,3.000000e-04,42846,18.01
6650,831,81715200,5.1744,,,3.000000e-04,43494,18.01
6700,837,82329600,5.2100,,,3.000000e-04,43504,18.01
6750,843,82944000,5.0941,,,3.000000e-04,43401,18.01
6800,850,83558400,5.1419,,,3.000000e-04,42937,18.01
6850,856,84172800,5.1246,,,3.000000e-04,43535,18.01
6900,862,84787200,5.1508,,,3.000000e-04,43131,18.01
6950,868,85401600,5.1165,,,3.000000e-04,43371,18.01
7000,875,86016000,5.1429,,,3.000000e-04,43095,18.01
7050,881,86630400,5.0814,,,3.000000e-04,42224,18.01
7100,887,87244800,5.0755,,,3.000000e-04,43651,18.01
7150,893,87859200,5.0820,,,3.000000e-04,43577,18.01
7200,900,88473600,4.9914,,,3.000000e-04,42979,18.01
7250,906,89088000,5.0357,,,3.000000e-04,43241,18.01
7300,912,89702400,5.0003,,,2.999999e-04,43589,18.01
7350,918,90316800,4.9510,,,2.999999e-04,43291,18.01
7400,925,90931200,5.0205,,,2.999999e-04,43191,18.01
7450,931,91545600,4.9958,,,2.999999e-04,43487,18.01
7500,937,92160000,4.9687,,,2.999999e-04,43432,18.01
7550,943,92774400,4.9459,,,2.999999e-04,42264,18.01
7600,950,93388800,4.9684,,,2.999999e-04,43218,18.01
7650,956,94003200,5.0001,,,2.999999e-04,43543,18.01
7700,962,94617600,4.9781,,,2.999999e-04,43409,18.01
7750,968,95232000,4.9532,,,2.999999e-04,43196,18.01
7800,975,95846400,4.9095,,,2.999999e-04,42965,18.01
7850,981,96460800,4.8845,,,2.999999e-04,43606,18.01
7900,987,97075200,4.8852,,,2.999999e-04,43236,18.01
7950,993,97689600,4.9272,,,2.999999e-04,43099,18.01
8000,1000,98304000,4.9951,,,2.999999e-04,43082,18.01
8050,1006,98918400,4.8778,,,2.999999e-04,42244,18.01
8100,1012,99532800,4.9018,,,2.999999e-04,43498,18.01
8150,1018,100147200,4.8707,,,2.999999e-04,43233,18.01
8200,1025,100761600,4.9575,,,2.999999e-04,43069,18.01
8250,1031,101376000,4.9078,,,2.999999e-04,43466,18.01
8300,1037,101990400,4.8467,,,2.999999e-04,43476,18.01
8350,1043,102604800,4.8572,,,2.999999e-04,43467,18.01
8400,1050,103219200,4.8496,,,2.999999e-04,42974,18.01
8450,1056,103833600,4.8437,,,2.999999e-04,43553,18.01
8500,1062,104448000,4.8276,,,2.999999e-04,43400,18.01
8550,1068,105062400,4.8312,,,2.999999e-04,42231,18.01
8600,1075,105676800,4.7900,,,2.999999e-04,43091,18.01
8650,1081,106291200,4.8297,,,2.999999e-04,43523,18.01
8700,1087,106905600,4.8078,,,2.999999e-04,43497,18.01
8750,1093,107520000,4.8377,,,2.999999e-04,43703,18.01
8800,1100,108134400,4.7400,,,2.999999e-04,42761,18.01
8850,1106,108748800,4.7991,,,2.999999e-04,43474,18.01
8900,1112,109363200,4.7765,,,2.999999e-04,43603,18.01
8950,1118,109977600,4.7573,,,2.999999e-04,43476,18.01
9000,1125,110592000,4.7009,,,2.999999e-04,42947,18.01
9050,1131,111206400,4.7539,,,2.999999e-04,41818,18.01
9100,1137,111820800,4.7490,,,2.999999e-04,43332,18.01
9150,1143,112435200,4.7882,,,2.999998e-04,43766,18.01
9200,1150,113049600,4.7545,,,2.999998e-04,42862,18.01
9250,1156,113664000,4.7802,,,2.999998e-04,43682,18.01
9300,1162,114278400,4.7924,,,2.999998e-04,43527,18.01
9350,1168,114892800,4.7055,,,2.999998e-04,43404,18.01
9400,1175,115507200,4.7169,,,2.999998e-04,42938,18.01
9450,1181,116121600,4.6957,,,2.999998e-04,43550,18.01
9500,1187,116736000,4.6785,,,2.999998e-04,43543,18.01
9550,1193,117350400,4.7099,,,2.999998e-04,41859,18.01
9600,1200,117964800,4.6917,,,2.999998e-04,42848,18.01
9650,1206,118579200,4.6918,,,2.999998e-04,43387,18.01
9700,1212,119193600,4.6573,,,2.999998e-04,43287,18.01
9750,1218,119808000,4.6420,,,2.999998e-04,43456,18.01
9800,1225,120422400,4.7274,,,2.999998e-04,43262,18.01
9850,1231,121036800,4.6625,,,2.999998e-04,43556,18.01
9900,1237,121651200,4.5954,,,2.999998e-04,43400,18.01
9950,1243,122265600,4.6707,,,2.999998e-04,43586,18.01
10000,1250,122880000,4.6352,,,2.999998e-04,42675,18.01
10050,1256,123494400,4.6332,,,2.999998e-04,29562,18.01
10100,1262,124108800,4.6052,,,2.999998e-04,43936,18.01
10150,1268,124723200,4.6345,,,2.999998e-04,43784,18.01
10200,1275,125337600,4.6469,,,2.999998e-04,43309,18.01
10250,1281,125952000,4.6333,,,2.999998e-04,43495,18.01
10300,1287,126566400,4.6198,,,2.999998e-04,43609,18.01
10350,1293,127180800,4.6539,,,2.999998e-04,43619,18.01
10400,1300,127795200,4.6140,,,2.999997e-04,43282,18.01
10450,1306,128409600,4.6250,,,2.999997e-04,43598,18.01
10500,1312,129024000,4.6301,,,2.999997e-04,43442,18.01
10550,1318,129638400,4.6618,,,2.999997e-04,41944,18.01
10600,1325,130252800,4.6256,,,2.999997e-04,43340,18.01
10650,1331,130867200,4.5886,,,2.999997e-04,43822,18.01
10700,1337,131481600,4.6127,,,2.999997e-04,43647,18.01
10750,1343,132096000,4.5735,,,2.999997e-04,43563,18.01
10800,1350,132710400,4.5727,,,2.999997e-04,42852,18.01
10850,1356,133324800,4.5389,,,2.999997e-04,43757,18.01
10900,1362,133939200,4.6224,,,2.999997e-04,43338,18.01
10950,1368,134553600,4.6314,,,2.999997e-04,43479,18.01
11000,1375,135168000,4.5602,,,2.999997e-04,43131,18.01
11050,1381,135782400,4.5879,,,2.999997e-04,41590,18.01
11100,1387,136396800,4.5657,,,2.999997e-04,43651,18.01
11150,1393,137011200,4.6051,,,2.999997e-04,43524,18.01
11200,1400,137625600,4.6025,,,2.999997e-04,42757,18.01
11250,1406,138240000,4.5770,,,2.999997e-04,43553,18.01
11300,1412,138854400,4.5447,,,2.999997e-04,42778,18.01
11350,1418,139468800,4.5857,,,2.999997e-04,43659,18.01
11400,1425,140083200,4.6058,,,2.999996e-04,43179,18.01
11450,1431,140697600,4.5612,,,2.999996e-04,43488,18.01
11500,1437,141312000,4.5687,,,2.999996e-04,43609,18.01
11550,1443,141926400,4.5194,,,2.999996e-04,42361,18.01
11600,1450,142540800,4.5355,,,2.999996e-04,43160,18.01
11650,1456,143155200,4.5244,,,2.999996e-04,43583,18.01
11700,1462,143769600,4.5713,,,2.999996e-04,43394,18.01
11750,1468,144384000,4.5336,,,2.999996e-04,43679,18.01
11800,1475,144998400,4.5348,,,2.999996e-04,42885,18.01
11850,1481,145612800,4.5833,,,2.999996e-04,43602,18.01
11900,1487,146227200,4.5071,,,2.999996e-04,43566,18.01
11950,1493,146841600,4.5267,,,2.999996e-04,43561,18.01
12000,1500,147456000,4.4828,,,2.999996e-04,42959,18.01
12050,1506,148070400,4.4559,,,2.999996e-04,42088,18.01
12100,1512,148684800,4.4801,,,2.999996e-04,43354,18.01
12150,1518,149299200,4.5180,,,2.999996e-04,43756,18.01
12200,1525,149913600,4.4951,,,2.999996e-04,43263,18.01
12250,1531,150528000,4.5109,,,2.999996e-04,43336,18.01
12300,1537,151142400,4.4531,,,2.999995e-04,43591,18.01
12350,1543,151756800,4.4502,,,2.999995e-04,43406,18.01
12400,1550,152371200,4.4683,,,2.999995e-04,43216,18.01
12450,1556,152985600,4.5016,,,2.999995e-04,43583,18.01
12500,1562,153600000,4.4803,,,2.999995e-04,43532,18.01
12550,1568,154214400,4.4493,,,2.999995e-04,42147,18.01
12600,1575,154828800,4.4419,,,2.999995e-04,42653,18.01
12650,1581,155443200,4.4973,,,2.999995e-04,43479,18.01
12700,1587,156057600,4.4672,,,2.999995e-04,43513,18.01
12750,1593,156672000,4.4475,,,2.999995e-04,43355,18.01
12800,1600,157286400,4.4735,,,2.999995e-04,43294,18.01
12850,1606,157900800,4.4634,,,2.999995e-04,43617,18.01
12900,1612,158515200,4.4764,,,2.999995e-04,43356,18.01
12950,1618,159129600,4.4547,,,2.999995e-04,43600,18.01
13000,1625,159744000,4.3747,,,2.999995e-04,43007,18.01
13050,1631,160358400,4.4201,,,2.999995e-04,42105,18.01
13100,1637,160972800,4.4665,,,2.999994e-04,43706,18.01
13150,1643,161587200,4.4621,,,2.999994e-04,43300,18.01
13200,1650,162201600,4.4197,,,2.999994e-04,43215,18.01
13250,1656,162816000,4.4140,,,2.999994e-04,43379,18.01
13300,1662,163430400,4.4448,,,2.999994e-04,43251,18.01
13350,1668,164044800,4.4299,,,2.999994e-04,43598,18.01
13400,1675,164659200,4.4216,,,2.999994e-04,43124,18.01
13450,1681,165273600,4.4133,,,2.999994e-04,43624,18.01
13500,1687,165888000,4.4004,,,2.999994e-04,43466,18.01
13550,1693,166502400,4.4370,,,2.999994e-04,41935,18.01
13600,1700,167116800,4.4382,,,2.999994e-04,43145,18.01
13650,1706,167731200,4.4082,,,2.999994e-04,43644,18.01
13700,1712,168345600,4.3946,,,2.999994e-04,43485,18.01
13750,1718,168960000,4.4152,,,2.999994e-04,43609,18.01
13800,1725,169574400,4.3723,,,2.999993e-04,42605,18.01
13850,1731,170188800,4.4219,,,2.999993e-04,42900,18.01
13900,1737,170803200,4.3579,,,2.999993e-04,43836,18.01
13950,1743,171417600,4.3826,,,2.999993e-04,43479,18.01
14000,1750,172032000,4.3963,,,2.999993e-04,42627,18.01
14050,1756,172646400,4.3911,,,2.999993e-04,42181,18.01
14100,1762,173260800,4.3581,,,2.999993e-04,43689,18.01
14150,1768,173875200,4.3393,,,2.999993e-04,43634,18.01
14200,1775,174489600,4.3514,,,2.999993e-04,42530,18.01
14250,1781,175104000,4.3647,,,2.999993e-04,43382,18.01
14300,1787,175718400,4.3892,,,2.999993e-04,43380,18.01
14350,1793,176332800,4.3781,,,2.999993e-04,43658,18.01
14400,1800,176947200,4.4163,,,2.999993e-04,43217,18.01
14450,1806,177561600,4.3573,,,2.999993e-04,43175,18.01
14500,1812,178176000,4.3524,,,2.999992e-04,43416,18.01
14550,1818,178790400,4.3833,,,2.999992e-04,41820,18.01
14600,1825,179404800,4.3861,,,2.999992e-04,43101,18.01
14650,1831,180019200,4.3818,,,2.999992e-04,43349,18.01
14700,1837,180633600,4.3809,,,2.999992e-04,43555,18.01
14750,1843,181248000,4.3506,,,2.999992e-04,43683,18.01
14800,1850,181862400,4.3362,,,2.999992e-04,43146,18.01
14850,1856,182476800,4.3498,,,2.999992e-04,43606,18.01
14900,1862,183091200,4.3488,,,2.999992e-04,43096,18.01
14950,1868,183705600,4.3270,,,2.999992e-04,43688,18.01
15000,1875,184320000,4.3246,,,2.999992e-04,42760,18.01
15050,1881,184934400,4.3109,,,2.999992e-04,29484,18.01
15100,1887,185548800,4.3418,,,2.999991e-04,44010,18.01
15150,1893,186163200,4.3906,,,2.999991e-04,43908,18.01
15200,1900,186777600,4.3327,,,2.999991e-04,43162,18.01
15250,1906,187392000,4.3726,,,2.999991e-04,43751,18.01
15300,1912,188006400,4.3070,,,2.999991e-04,43652,18.01
15350,1918,188620800,4.3462,,,2.999991e-04,43726,18.01
15400,1925,189235200,4.3280,,,2.999991e-04,43083,18.01
15450,1931,189849600,4.3431,,,2.999991e-04,43547,18.01
15500,1937,190464000,4.2938,,,2.999991e-04,43754,18.01
15550,1943,191078400,4.3225,,,2.999991e-04,41992,18.01
15600,1950,191692800,4.3212,,,2.999991e-04,43254,18.01
15650,1956,192307200,4.3170,,,2.999991e-04,43732,18.01
15700,1962,192921600,4.3488,,,2.999990e-04,43502,18.01
15750,1968,193536000,4.2852,,,2.999990e-04,43629,18.01
15800,1975,194150400,4.2903,,,2.999990e-04,43165,18.01
15850,1981,194764800,4.2956,,,2.999990e-04,43469,18.01
15900,1987,195379200,4.2861,,,2.999990e-04,43710,18.01
15950,1993,195993600,4.3193,,,2.999990e-04,43547,18.01
16000,2000,196608000,4.2688,,,2.999990e-04,43021,18.01
16050,2006,197222400,4.3449,,,2.999990e-04,41763,18.01
16100,2012,197836800,4.2526,,,2.999990e-04,43732,18.01
16150,2018,198451200,4.3946,,,2.999990e-04,43775,18.01
16200,2025,199065600,4.3017,,,2.999990e-04,43120,18.01
16250,2031,199680000,4.3303,,,2.999989e-04,43400,18.01
16300,2037,200294400,4.2609,,,2.999989e-04,43410,18.01
16350,2043,200908800,4.2554,,,2.999989e-04,43366,18.01
16400,2050,201523200,4.3466,,,2.999989e-04,43209,18.01
16450,2056,202137600,4.3296,,,2.999989e-04,43123,18.01
16500,2062,202752000,4.2733,,,2.999989e-04,43495,18.01
16550,2068,203366400,4.3070,,,2.999989e-04,42015,18.01
16600,2075,203980800,4.2772,,,2.999989e-04,43161,18.01
16650,2081,204595200,4.2455,,,2.999989e-04,43554,18.01
16700,2087,205209600,4.3145,,,2.999989e-04,43278,18.01
16750,2093,205824000,4.2694,,,2.999989e-04,43671,18.01
16800,2100,206438400,4.2626,,,2.999988e-04,42872,18.01
16850,2106,207052800,4.3034,,,2.999988e-04,43459,18.01
16900,2112,207667200,4.2680,,,2.999988e-04,43482,18.01
16950,2118,208281600,4.2065,,,2.999988e-04,43622,18.01
17000,2125,208896000,4.2542,,,2.999988e-04,43085,18.01
17050,2131,209510400,4.2630,,,2.999988e-04,42135,18.01
17100,2137,210124800,4.2658,,,2.999988e-04,43636,18.01
17150,2143,210739200,4.2555,,,2.999988e-04,43226,18.01
17200,2150,211353600,4.2469,,,2.999988e-04,43208,18.01
17250,2156,211968000,4.2239,,,2.999988e-04,43349,18.01
17300,2162,212582400,4.2439,,,2.999987e-04,43642,18.01
17350,2168,213196800,4.2252,,,2.999987e-04,43290,18.01
17400,2175,213811200,4.2630,,,2.999987e-04,43306,18.01
17450,2181,214425600,4.3099,,,2.999987e-04,43574,18.01
17500,2187,215040000,4.1955,,,2.999987e-04,43337,18.01
17550,2193,215654400,4.2410,,,2.999987e-04,42205,18.01
17600,2200,216268800,4.1724,,,2.999987e-04,43255,18.01
17650,2206,216883200,4.2244,,,2.999987e-04,43547,18.01
17700,2212,217497600,4.2671,,,2.999987e-04,43630,18.01
17750,2218,218112000,4.2309,,,2.999987e-04,43641,18.01
17800,2225,218726400,4.2776,,,2.999986e-04,42602,18.01
17850,2231,219340800,4.2168,,,2.999986e-04,43822,18.01
17900,2237,219955200,4.2356,,,2.999986e-04,43486,18.01
17950,2243,220569600,4.2545,,,2.999986e-04,43693,18.01
18000,2250,221184000,4.2236,,,2.999986e-04,43244,18.01
18050,2256,221798400,4.2415,,,2.999986e-04,42096,18.01
18100,2262,222412800,4.2824,,,2.999986e-04,43800,18.01
18150,2268,223027200,4.1903,,,2.999986e-04,43768,18.01
18200,2275,223641600,4.1954,,,2.999986e-04,43275,18.01
18250,2281,224256000,4.2184,,,2.999985e-04,43823,18.01
18300,2287,224870400,4.2058,,,2.999985e-04,43221,18.01
18350,2293,225484800,4.1756,,,2.999985e-04,43268,18.01
18400,2300,226099200,4.2227,,,2.999985e-04,43418,18.01
18450,2306,226713600,4.2112,,,2.999985e-04,43414,18.01
18500,2312,227328000,4.1712,,,2.999985e-04,43756,18.01
18550,2318,227942400,4.1843,,,2.999985e-04,42095,18.01
18600,2325,228556800,4.1899,,,2.999985e-04,43586,18.01
18650,2331,229171200,4.1978,,,2.999985e-04,43927,18.01
18700,2337,229785600,4.2429,,,2.999984e-04,43890,18.01
18750,2343,230400000,4.1818,,,2.999984e-04,43865,18.01
18800,2350,231014400,4.2439,,,2.999984e-04,43245,18.01
18850,2356,231628800,4.2035,,,2.999984e-04,43664,18.01
18900,2362,232243200,4.2045,,,2.999984e-04,43816,18.01
18950,2368,232857600,4.2083,,,2.999984e-04,43513,18.01
19000,2375,233472000,4.2268,,,2.999984e-04,43124,18.01
19050,2381,234086400,4.1728,,,2.999984e-04,42637,18.01
19100,2387,234700800,4.1981,,,2.999984e-04,43716,18.01
19150,2393,235315200,4.1851,,,2.999983e-04,44021,18.01
19200,2400,235929600,4.1547,,,2.999983e-04,43013,18.01
19250,2406,236544000,4.1906,,,2.999983e-04,43834,18.01
19300,2412,237158400,4.1792,,,2.999983e-04,43884,18.01
19350,2418,237772800,4.1790,,,2.999983e-04,43717,18.01
19400,2425,238387200,4.2055,,,2.999983e-04,43396,18.01
19450,2431,239001600,4.1668,,,2.999983e-04,43587,18.01
19500,2437,239616000,4.2018,,,2.999983e-04,43729,18.01
19550,2443,240230400,4.1242,,,2.999983e-04,42701,18.01
19600,2450,240844800,4.1279,,,2.999982e-04,43249,18.01
19650,2456,241459200,4.1147,,,2.999982e-04,43813,18.01
19700,2462,242073600,4.1266,,,2.999982e-04,43720,18.01
19750,2468,242688000,4.1345,,,2.999982e-04,43899,18.01
19800,2475,243302400,4.2088,,,2.999982e-04,43180,18.01
19850,2481,243916800,4.1829,,,2.999982e-04,43950,18.01
19900,2487,244531200,4.1887,,,2.999982e-04,43694,18.01
19950,2493,245145600,4.2157,,,2.999982e-04,43783,18.01
20000,2500,245760000,4.1281,,,2.999981e-04,43096,18.01
20050,2506,246374400,4.1234,,,2.999981e-04,29955,18.01
20100,2512,246988800,4.1534,,,2.999981e-04,43903,18.01
20150,2518,247603200,4.1538,,,2.999981e-04,44114,18.01
20200,2525,248217600,4.1734,,,2.999981e-04,43729,18.01
20250,2531,248832000,4.1734,,,2.999981e-04,44102,18.01
20300,2537,249446400,4.1356,,,2.999981e-04,43788,18.01
20350,2543,250060800,4.1354,,,2.999981e-04,43744,18.01
20400,2550,250675200,4.1635,,,2.999980e-04,43547,18.01
20450,2556,251289600,4.1624,,,2.999980e-04,44131,18.01
20500,2562,251904000,4.1416,,,2.999980e-04,43756,18.01
20550,2568,252518400,4.1282,,,2.999980e-04,42676,18.01
20600,2575,253132800,4.1341,,,2.999980e-04,43255,18.01
20650,2581,253747200,4.1785,,,2.999980e-04,43874,18.01
20700,2587,254361600,4.1024,,,2.999980e-04,44029,18.01
20750,2593,254976000,4.1755,,,2.999980e-04,43822,18.01
20800,2600,255590400,4.1370,,,2.999979e-04,43397,18.01
20850,2606,256204800,4.1383,,,2.999979e-04,43756,18.01
20900,2612,256819200,4.1618,,,2.999979e-04,43847,18.01
20950,2618,257433600,4.1198,,,2.999979e-04,43957,18.01
21000,2625,258048000,4.1357,,,2.999979e-04,43336,18.01
21050,2631,258662400,4.1159,,,2.999979e-04,42429,18.01
21100,2637,259276800,4.1455,,,2.999979e-04,43948,18.01
21150,2643,259891200,4.1655,,,2.999979e-04,43741,18.01
21200,2650,260505600,4.2090,,,2.999978e-04,43468,18.01
21250,2656,261120000,4.1136,,,2.999978e-04,43918,18.01
21300,2662,261734400,4.1226,,,2.999978e-04,44068,18.01
21350,2668,262348800,4.1342,,,2.999978e-04,43999,18.01
21400,2675,262963200,4.0926,,,2.999978e-04,43499,18.01
21450,2681,263577600,4.1291,,,2.999978e-04,43897,18.01
21500,2687,264192000,4.1273,,,2.999978e-04,43579,18.01
21550,2693,264806400,4.0900,,,2.999977e-04,42649,18.01
21600,2700,265420800,4.0918,,,2.999977e-04,43564,18.01
21650,2706,266035200,4.0972,,,2.999977e-04,43712,18.01
21700,2712,266649600,4.1588,,,2.999977e-04,43837,18.01
21750,2718,267264000,4.1432,,,2.999977e-04,44137,18.01
21800,2725,267878400,4.1009,,,2.999977e-04,43490,18.01
21850,2731,268492800,4.1418,,,2.999977e-04,44017,18.01
21900,2737,269107200,4.1155,,,2.999977e-04,44092,18.01
21950,2743,269721600,4.1692,,,2.999976e-04,43869,18.01
22000,2750,270336000,4.1280,,,2.999976e-04,43402,18.01
22050,2756,270950400,4.1445,,,2.999976e-04,42552,18.01
22100,2762,271564800,4.1251,,,2.999976e-04,43852,18.01
22150,2768,272179200,4.1420,,,2.999976e-04,43789,18.01
22200,2775,272793600,4.1878,,,2.999976e-04,43304,18.01
22250,2781,273408000,4.1050,,,2.999976e-04,44194,18.01
22300,2787,274022400,4.1270,,,2.999975e-04,43994,18.01
22350,2793,274636800,4.0981,,,2.999975e-04,43765,18.01
22400,2800,275251200,4.1334,,,2.999975e-04,43200,18.01
22450,2806,275865600,4.0505,,,2.999975e-04,43880,18.01
22500,2812,276480000,4.0809,,,2.999975e-04,43750,18.01
22550,2818,277094400,4.1105,,,2.999975e-04,42529,18.01
22600,2825,277708800,4.1173,,,2.999975e-04,43535,18.01
22650,2831,278323200,4.1619,,,2.999974e-04,43941,18.01
22700,2837,278937600,4.0843,,,2.999974e-04,44004,18.01
22750,2843,279552000,4.0761,,,2.999974e-04,43938,18.01
22800,2850,280166400,4.1119,,,2.999974e-04,43620,18.01
22850,2856,280780800,4.1126,,,2.999974e-04,43896,18.01
22900,2862,281395200,4.1106,,,2.999974e-04,44051,18.01
22950,2868,282009600,4.0902,,,2.999974e-04,43939,18.01
23000,2875,282624000,4.0458,,,2.999973e-04,43451,18.01
23050,2881,283238400,4.0588,,,2.999973e-04,42470,18.01
23100,2887,283852800,4.1185,,,2.999973e-04,44263,18.01
23150,2893,284467200,4.0745,,,2.999973e-04,44081,18.01
23200,2900,285081600,4.0922,,,2.999973e-04,43182,18.01
23250,2906,285696000,4.0604,,,2.999973e-04,44261,18.01
23300,2912,286310400,4.1013,,,2.999973e-04,43981,18.01
23350,2918,286924800,4.1231,,,2.999972e-04,43828,18.01
23400,2925,287539200,4.0950,,,2.999972e-04,43639,18.01
23450,2931,288153600,4.0696,,,2.999972e-04,43989,18.01
23500,2937,288768000,4.0505,,,2.999972e-04,43847,18.01
23550,2943,289382400,4.0688,,,2.999972e-04,42754,18.01
23600,2950,289996800,4.0650,,,2.999972e-04,43673,18.01
23650,2956,290611200,4.0562,,,2.999971e-04,43900,18.01
23700,2962,291225600,4.0653,,,2.999971e-04,43783,18.01
23750,2968,291840000,4.0465,,,2.999971e-04,43906,18.01
23800,2975,292454400,4.0673,,,2.999971e-04,43295,18.01
23850,2981,293068800,4.0942,,,2.999971e-04,43463,18.01
23900,2987,293683200,4.0861,,,2.999971e-04,44015,18.01
23950,2993,294297600,4.0847,,,2.999971e-04,44077,18.01
24000,3000,294912000,4.0814,,,2.999970e-04,43642,18.01
24050,3006,295526400,4.0512,,,2.999970e-04,42617,18.01
24100,3012,296140800,4.0287,,,2.999970e-04,44205,18.01
24150,3018,296755200,4.0946,,,2.999970e-04,43918,18.01
24200,3025,297369600,4.0993,,,2.999970e-04,43469,18.01
24250,3031,297984000,4.0561,,,2.999970e-04,44292,18.01
24300,3037,298598400,4.0797,,,2.999969e-04,43728,18.01
24350,3043,299212800,4.0955,,,2.999969e-04,43861,18.01
24400,3050,299827200,4.0304,,,2.999969e-04,43729,18.01
24450,3056,300441600,4.0498,,,2.999969e-04,43908,18.01
24500,3062,301056000,4.0611,,,2.999969e-04,44131,18.01
24550,3068,301670400,4.0908,,,2.999969e-04,42150,18.01
24600,3075,302284800,4.1197,,,2.999968e-04,43715,18.01
24650,3081,302899200,4.0362,,,2.999968e-04,44137,18.01
24700,3087,303513600,4.0896,,,2.999968e-04,43896,18.01
24750,3093,304128000,4.0945,,,2.999968e-04,44072,18.01
24800,3100,304742400,4.0773,,,2.999968e-04,43511,18.01
24850,3106,305356800,4.0909,,,2.999968e-04,44148,18.01
24900,3112,305971200,4.0706,,,2.999968e-04,44023,18.01
24950,3118,306585600,4.0648,,,2.999967e-04,43883,18.01
25000,3125,307200000,4.0754,,,2.999967e-04,43665,18.01
25050,3131,307814400,4.0526,,,2.999967e-04,29899,18.01
25100,3137,308428800,4.0054,,,2.999967e-04,44310,18.01
25150,3143,309043200,4.0549,,,2.999967e-04,44028,18.01
25200,3150,309657600,4.0540,,,2.999967e-04,43673,18.01
25250,3156,310272000,4.0377,,,2.999966e-04,44077,18.01
25300,3162,310886400,4.0783,,,2.999966e-04,44010,18.01
25350,3168,311500800,4.0661,,,2.999966e-04,44237,18.01
25400,3175,312115200,4.0534,,,2.999966e-04,43559,18.01
25450,3181,312729600,3.9885,,,2.999966e-04,44242,18.01
25500,3187,313344000,4.0304,,,2.999966e-04,44055,18.01
25550,3193,313958400,4.0343,,,2.999965e-04,42662,18.01
25600,3200,314572800,4.0548,,,2.999965e-04,43312,18.01
25650,3206,315187200,4.0755,,,2.999965e-04,44322,18.01
25700,3212,315801600,4.0188,,,2.999965e-04,43923,18.01
25750,3218,316416000,4.0505,,,2.999965e-04,44059,18.01
25800,3225,317030400,4.0811,,,2.999965e-04,43745,18.01
25850,3231,317644800,4.0418,,,2.999964e-04,43667,18.01
25900,3237,318259200,4.0287,,,2.999964e-04,43630,18.01
25950,3243,318873600,4.0261,,,2.999964e-04,43773,18.01
26000,3250,319488000,4.0552,,,2.999964e-04,43662,18.01
26050,3256,320102400,4.0432,,,2.999964e-04,42371,18.01
26100,3262,320716800,4.0147,,,2.999964e-04,44079,18.01
26150,3268,321331200,4.0482,,,2.999963e-04,44159,18.01
26200,3275,321945600,4.0620,,,2.999963e-04,43705,18.01
26250,3281,322560000,3.9870,,,2.999963e-04,43979,18.01
26300,3287,323174400,4.0762,,,2.999963e-04,43920,18.01
26350,3293,323788800,4.0339,,,2.999963e-04,44139,18.01
26400,3300,324403200,4.0568,,,2.999963e-04,43499,18.01
26450,3306,325017600,4.0817,,,2.999962e-04,43707,18.01
26500,3312,325632000,4.0341,,,2.999962e-04,44114,18.01
26550,3318,326246400,4.0178,,,2.999962e-04,42595,18.01
26600,3325,326860800,4.0908,,,2.999962e-04,43676,18.01
26650,3331,327475200,4.0871,,,2.999962e-04,43964,18.01
26700,3337,328089600,4.0177,,,2.999961e-04,44057,18.01
26750,3343,328704000,4.0103,,,2.999961e-04,43815,18.01
26800,3350,329318400,3.9917,,,2.999961e-04,43439,18.01
26850,3356,329932800,4.0349,,,2.999961e-04,44035,18.01
26900,3362,330547200,4.0475,,,2.999961e-04,44074,18.01
26950,3368,331161600,4.0547,,,2.999961e-04,44106,18.01
27000,3375,331776000,4.0115,,,2.999960e-04,43647,18.01
27050,3381,332390400,3.9813,,,2.999960e-04,42514,18.01
27100,3387,333004800,4.0457,,,2.999960e-04,43929,18.01
27150,3393,333619200,4.0494,,,2.999960e-04,44023,18.01
27200,3400,334233600,3.9693,,,2.999960e-04,43625,18.01
27250,3406,334848000,4.0423,,,2.999960e-04,43999,18.01
27300,3412,335462400,4.0389,,,2.999959e-04,44082,18.01
27350,3418,336076800,4.0115,,,2.999959e-04,43945,18.01
27400,3425,336691200,4.0072,,,2.999959e-04,43299,18.01
27450,3431,337305600,4.0400,,,2.999959e-04,44215,18.01
27500,3437,337920000,4.0331,,,2.999959e-04,43672,18.01
27550,3443,338534400,4.0787,,,2.999958e-04,42714,18.01
27600,3450,339148800,4.0207,,,2.999958e-04,43679,18.01
27650,3456,339763200,4.0458,,,2.999958e-04,43996,18.01
27700,3462,340377600,3.9736,,,2.999958e-04,43873,18.01
27750,3468,340992000,4.0211,,,2.999958e-04,44078,18.01
27800,3475,341606400,3.9837,,,2.999957e-04,43428,18.01
27850,3481,342220800,4.0307,,,2.999957e-04,43983,18.01
27900,3487,342835200,4.0496,,,2.999957e-04,43708,18.01
27950,3493,343449600,4.0060,,,2.999957e-04,44078,18.01
28000,3500,344064000,4.0211,,,2.999957e-04,43528,18.01
28050,3506,344678400,3.9921,,,2.999957e-04,42854,18.01
28100,3512,345292800,4.0369,,,2.999956e-04,44038,18.01
28150,3518,345907200,3.9864,,,2.999956e-04,44096,18.01
28200,3525,346521600,3.9686,,,2.999956e-04,43544,18.01
28250,3531,347136000,4.0045,,,2.999956e-04,44108,18.01
28300,3537,347750400,4.0228,,,2.999956e-04,44014,18.01
28350,3543,348364800,3.9895,,,2.999955e-04,44166,18.01
28400,3550,348979200,3.9986,,,2.999955e-04,43564,18.01
28450,3556,349593600,3.9495,,,2.999955e-04,44138,18.01
28500,3562,350208000,4.0151,,,2.999955e-04,43850,18.01
28550,3568,350822400,4.0180,,,2.999955e-04,42684,18.01
28600,3575,351436800,4.0111,,,2.999954e-04,43479,18.01
28650,3581,352051200,4.0482,,,2.999954e-04,44102,18.01
28700,3587,352665600,3.9555,,,2.999954e-04,43768,18.01
28750,3593,353280000,3.9823,,,2.999954e-04,43946,18.01
28800,3600,353894400,4.0419,,,2.999954e-04,43713,18.01
28850,3606,354508800,4.0402,,,2.999954e-04,44172,18.01
28900,3612,355123200,4.0235,,,2.999953e-04,44109,18.01
28950,3618,355737600,3.9869,,,2.999953e-04,43733,18.01
29000,3625,356352000,4.0439,,,2.999953e-04,43642,18.01
29050,3631,356966400,3.9733,,,2.999953e-04,42760,18.01
29100,3637,357580800,4.0228,,,2.999953e-04,44229,18.01
29150,3643,358195200,3.9972,,,2.999952e-04,43995,18.01
29200,3650,358809600,4.0136,,,2.999952e-04,43655,18.01
29250,3656,359424000,4.0398,,,2.999952e-04,44285,18.01
29300,3662,360038400,3.9832,,,2.999952e-04,43825,18.01
29350,3668,360652800,3.9795,,,2.999952e-04,44138,18.01
29400,3675,361267200,4.0001,,,2.999951e-04,43546,18.01
29450,3681,361881600,3.9659,,,2.999951e-04,44261,18.01
29500,3687,362496000,3.9741,,,2.999951e-04,43667,18.01
29550,3693,363110400,4.0153,,,2.999951e-04,42734,18.01
29600,3700,363724800,3.9564,,,2.999951e-04,43500,18.01
29650,3706,364339200,3.9799,,,2.999950e-04,43866,18.01
29700,3712,364953600,3.9757,,,2.999950e-04,44093,18.01
29750,3718,365568000,3.9623,,,2.999950e-04,44267,18.01
29800,3725,366182400,3.9678,,,2.999950e-04,43103,18.01
29850,3731,366796800,3.9991,,,2.999950e-04,44165,18.01
29900,3737,367411200,3.9544,,,2.999949e-04,44164,18.01
29950,3743,368025600,4.0041,,,2.999949e-04,44226,18.01
30000,3750,368640000,3.9939,,,2.999949e-04,43507,18.01
30050,3756,369254400,3.9641,,,2.999949e-04,29767,18.01
30100,3762,369868800,3.9312,,,2.999949e-04,44087,18.01
30150,3768,370483200,4.0258,,,2.999948e-04,44215,18.01
30200,3775,371097600,3.9484,,,2.999948e-04,43623,18.01
30250,3781,371712000,3.9752,,,2.999948e-04,43926,18.01
30300,3787,372326400,3.9634,,,2.999948e-04,43998,18.01
30350,3793,372940800,4.0152,,,2.999948e-04,43868,18.01
30400,3800,373555200,3.9809,,,2.999947e-04,43868,18.01
30450,3806,374169600,3.9675,,,2.999947e-04,44294,18.01
30500,3812,374784000,3.9690,,,2.999947e-04,43939,18.01
30550,3818,375398400,3.9606,,,2.999947e-04,42751,18.01
30600,3825,376012800,3.9464,,,2.999947e-04,43798,18.01
30650,3831,376627200,3.9899,,,2.999946e-04,44346,18.01
30700,3837,377241600,3.9611,,,2.999946e-04,44026,18.01
30750,3843,377856000,4.0219,,,2.999946e-04,43926,18.01
30800,3850,378470400,3.9583,,,2.999946e-04,43636,18.01
30850,3856,379084800,3.9233,,,2.999945e-04,43845,18.01
30900,3862,379699200,3.9672,,,2.999945e-04,43786,18.01
30950,3868,380313600,3.9725,,,2.999945e-04,44165,18.01
31000,3875,380928000,3.9854,,,2.999945e-04,43652,18.01
31050,3881,381542400,3.9509,,,2.999945e-04,42637,18.01
31100,3887,382156800,3.9754,,,2.999944e-04,44148,18.01
31150,3893,382771200,3.9634,,,2.999944e-04,43925,18.01
31200,3900,383385600,3.9247,,,2.999944e-04,43546,18.01
31250,3906,384000000,3.9458,,,2.999944e-04,44215,18.01
31300,3912,384614400,3.9947,,,2.999944e-04,44118,18.01
31350,3918,385228800,3.9999,,,2.999943e-04,43916,18.01
31400,3925,385843200,3.9583,,,2.999943e-04,43488,18.01
31450,3931,386457600,3.9616,,,2.999943e-04,44259,18.01
31500,3937,387072000,3.9513,,,2.999943e-04,44105,18.01
31550,3943,387686400,3.9678,,,2.999943e-04,42850,18.01
31600,3950,388300800,3.9945,,,2.999942e-04,43753,18.01
31650,3956,388915200,3.9317,,,2.999942e-04,44035,18.01
31700,3962,389529600,3.9760,,,2.999942e-04,44256,18.01
31750,3968,390144000,3.9528,,,2.999942e-04,44232,18.01
31800,3975,390758400,3.9307,,,2.999941e-04,43607,18.01
31850,3981,391372800,3.9392,,,2.999941e-04,43928,18.01
31900,3987,391987200,3.9569,,,2.999941e-04,44069,18.01
31950,3993,392601600,3.9469,,,2.999941e-04,44011,18.01
32000,4000,393216000,3.9804,,,2.999941e-04,43559,18.01
32050,4006,393830400,3.9253,,,2.999940e-04,42871,18.01
32100,4012,394444800,3.9541,,,2.999940e-04,44189,18.01
32150,4018,395059200,3.9592,,,2.999940e-04,44096,18.01
32200,4025,395673600,3.9614,,,2.999940e-04,43689,18.01
32250,4031,396288000,3.9755,,,2.999939e-04,44067,18.01
32300,4037,396902400,3.9120,,,2.999939e-04,43689,18.01
32350,4043,397516800,3.9572,,,2.999939e-04,44097,18.01
32400,4050,398131200,3.9965,,,2.999939e-04,43798,18.01
32450,4056,398745600,3.8484,,,2.999939e-04,44122,18.01
32500,4062,399360000,3.9104,,,2.999938e-04,44370,18.01
32550,4068,399974400,3.9480,,,2.999938e-04,42896,18.01
32600,4075,400588800,3.8957,,,2.999938e-04,43636,18.01
32650,4081,401203200,3.9590,,,2.999938e-04,44045,18.01
32700,4087,401817600,3.8861,,,2.999937e-04,44314,18.01
32750,4093,402432000,3.9449,,,2.999937e-04,43892,18.01
32800,4100,403046400,3.9820,,,2.999937e-04,43730,18.01
32850,4106,403660800,3.9598,,,2.999937e-04,44230,18.01
32900,4112,404275200,3.9167,,,2.999937e-04,44171,18.01
32950,4118,404889600,3.9269,,,2.999936e-04,44131,18.01
33000,4125,405504000,3.9398,,,2.999936e-04,43593,18.01
33050,4131,406118400,3.9899,,,2.999936e-04,42535,18.01
33100,4137,406732800,3.9701,,,2.999936e-04,44196,18.01
33150,4143,407347200,3.9119,,,2.999935e-04,44371,18.01
33200,4150,407961600,3.9850,,,2.999935e-04,43388,18.01
33250,4156,408576000,3.9178,,,2.999935e-04,44020,18.01
33300,4162,409190400,3.9089,,,2.999935e-04,44194,18.01
33350,4168,409804800,3.9240,,,2.999935e-04,43948,18.01
33400,4175,410419200,3.9548,,,2.999934e-04,43631,18.01
33450,4181,411033600,3.9145,,,2.999934e-04,44180,18.01
33500,4187,411648000,3.9337,,,2.999934e-04,44213,18.01
33550,4193,412262400,3.9257,,,2.999934e-04,42945,18.01
33600,4200,412876800,3.9336,,,2.999933e-04,43604,18.01
33650,4206,413491200,3.9725,,,2.999933e-04,44219,18.01
33700,4212,414105600,3.9553,,,2.999933e-04,44015,18.01
33750,4218,414720000,3.9742,,,2.999933e-04,44173,18.01
33800,4225,415334400,3.9423,,,2.999932e-04,43783,18.01
33850,4231,415948800,3.8833,,,2.999932e-04,44231,18.01
33900,4237,416563200,3.8925,,,2.999932e-04,44264,18.01
33950,4243,417177600,3.8855,,,2.999932e-04,44287,18.01
34000,4250,417792000,3.9211,,,2.999931e-04,43750,18.01
34050,4256,418406400,3.9309,,,2.999931e-04,42522,18.01
34100,4262,419020800,3.9668,,,2.999931e-04,44292,18.01
34150,4268,419635200,3.9142,,,2.999931e-04,44138,18.01
34200,4275,420249600,3.9447,,,2.999931e-04,43374,18.01
34250,4281,420864000,3.9470,,,2.999930e-04,44226,18.01
34300,4287,421478400,3.9513,,,2.999930e-04,44127,18.01
34350,4293,422092800,3.9352,,,2.999930e-04,44340,18.01
34400,4300,422707200,3.9451,,,2.999930e-04,43807,18.01
34450,4306,423321600,3.9592,,,2.999929e-04,44091,18.01
34500,4312,423936000,3.9309,,,2.999929e-04,43879,18.01
34550,4318,424550400,3.9468,,,2.999929e-04,42917,18.01
34600,4325,425164800,3.9268,,,2.999929e-04,43754,18.01
34650,4331,425779200,3.8951,,,2.999928e-04,44093,18.01
34700,4337,426393600,3.8870,,,2.999928e-04,44199,18.01
34750,4343,427008000,3.9211,,,2.999928e-04,44304,18.01
34800,4350,427622400,3.9241,,,2.999928e-04,43700,18.01
34850,4356,428236800,3.8945,,,2.999927e-04,44185,18.01
34900,4362,428851200,3.9124,,,2.999927e-04,44207,18.01
34950,4368,429465600,3.9023,,,2.999927e-04,44114,18.01
35000,4375,430080000,3.9102,,,2.999927e-04,43723,18.01
35050,4381,430694400,3.9654,,,2.999926e-04,32913,18.01
35100,4387,431308800,3.9662,,,2.999926e-04,44411,18.01
35150,4393,431923200,3.9407,,,2.999926e-04,44040,18.01
35200,4400,432537600,3.9081,,,2.999926e-04,43875,18.01
35250,4406,433152000,3.8670,,,2.999925e-04,44382,18.01
35300,4412,433766400,3.9075,,,2.999925e-04,44345,18.01
35350,4418,434380800,3.9131,,,2.999925e-04,44340,18.01
35400,4425,434995200,3.9021,,,2.999925e-04,43611,18.01
35450,4431,435609600,3.8865,,,2.999925e-04,44328,18.01
35500,4437,436224000,3.9273,,,2.999924e-04,44043,18.01
35550,4443,436838400,3.9398,,,2.999924e-04,42829,18.01
35600,4450,437452800,3.9609,,,2.999924e-04,43759,18.01
35650,4456,438067200,3.9150,,,2.999924e-04,44088,18.01
35700,4462,438681600,3.8970,,,2.999923e-04,44311,18.01
35750,4468,439296000,3.9675,,,2.999923e-04,44228,18.01
35800,4475,439910400,3.9140,,,2.999923e-04,43313,18.01
35850,4481,440524800,3.9426,,,2.999923e-04,44308,18.01
35900,4487,441139200,3.9373,,,2.999922e-04,44121,18.01
35950,4493,441753600,3.8865,,,2.999922e-04,44109,18.01
36000,4500,442368000,3.9237,,,2.999922e-04,43905,18.01
36050,4506,442982400,3.9326,,,2.999922e-04,42796,18.01
36100,4512,443596800,3.9263,,,2.999921e-04,44279,18.01
36150,4518,444211200,3.8895,,,2.999921e-04,44061,18.01
36200,4525,444825600,3.8699,,,2.999921e-04,43785,18.01
36250,4531,445440000,3.8788,,,2.999921e-04,44101,18.01
36300,4537,446054400,3.9351,,,2.999920e-04,44140,18.01
36350,4543,446668800,3.8797,,,2.999920e-04,44120,18.01
36400,4550,447283200,3.8534,,,2.999920e-04,43751,18.01
36450,4556,447897600,3.8767,,,2.999920e-04,44275,18.01
36500,4562,448512000,3.9041,,,2.999919e-04,44340,18.01
36550,4568,449126400,3.9431,,,2.999919e-04,42804,18.01
36600,4575,449740800,3.8641,,,2.999919e-04,43708,18.01
36650,4581,450355200,3.8828,,,2.999918e-04,44322,18.01
36700,4587,450969600,3.8838,,,2.999918e-04,44090,18.01
36750,4593,451584000,3.8786,,,2.999918e-04,44343,18.01
36800,4600,452198400,3.9216,,,2.999918e-04,43843,18.01
36850,4606,452812800,3.8982,,,2.999917e-04,44360,18.01
36900,4612,453427200,3.8623,,,2.999917e-04,44269,18.01
36950,4618,454041600,3.9207,,,2.999917e-04,44326,18.01
37000,4625,454656000,3.8989,,,2.999917e-04,43497,18.01
37050,4631,455270400,3.8680,,,2.999916e-04,42758,18.01
37100,4637,455884800,3.8976,,,2.999916e-04,44377,18.01
37150,4643,456499200,3.8463,,,2.999916e-04,44363,18.01
37200,4650,457113600,3.9229,,,2.999916e-04,43708,18.01
37250,4656,457728000,3.8627,,,2.999915e-04,44293,18.01
37300,4662,458342400,3.8840,,,2.999915e-04,44214,18.01
37350,4668,458956800,3.8829,,,2.999915e-04,44209,18.01
37400,4675,459571200,3.8592,,,2.999915e-04,43792,18.01
37450,4681,460185600,3.8801,,,2.999914e-04,44089,18.01
37500,4687,460800000,3.9148,,,2.999914e-04,44128,18.01
37550,4693,461414400,3.8898,,,2.999914e-04,42988,18.01
37600,4700,462028800,3.8964,,,2.999914e-04,43491,18.01
37650,4706,462643200,3.8861,,,2.999913e-04,44112,18.01
37700,4712,463257600,3.8941,,,2.999913e-04,44449,18.01
37750,4718,463872000,3.8261,,,2.999913e-04,44137,18.01
37800,4725,464486400,3.8772,,,2.999912e-04,43468,18.01
37850,4731,465100800,3.8971,,,2.999912e-04,44480,18.01
37900,4737,465715200,3.9019,,,2.999912e-04,44236,18.01
37950,4743,466329600,3.9362,,,2.999912e-04,43982,18.01
38000,4750,466944000,3.8857,,,2.999911e-04,43755,18.01
38050,4756,467558400,3.8467,,,2.999911e-04,42722,18.01
38100,4762,468172800,3.9031,,,2.999911e-04,44321,18.01
38150,4768,468787200,3.8782,,,2.999911e-04,44038,18.01
38200,4775,469401600,3.8996,,,2.999910e-04,43664,18.01
38250,4781,470016000,3.8694,,,2.999910e-04,44435,18.01
38300,4787,470630400,3.8979,,,2.999910e-04,44328,18.01
38350,4793,471244800,3.9271,,,2.999910e-04,44244,18.01
38400,4800,471859200,3.8828,,,2.999909e-04,43780,18.01
38450,4806,472473600,3.9007,,,2.999909e-04,44325,18.01
38500,4812,473088000,3.8657,,,2.999909e-04,44087,18.01
38550,4818,473702400,3.9088,,,2.999908e-04,42816,18.01
38600,4825,474316800,3.8935,,,2.999908e-04,43840,18.01
38650,4831,474931200,3.8864,,,2.999908e-04,44038,18.01
38700,4837,475545600,3.8661,,,2.999908e-04,44213,18.01
38750,4843,476160000,3.8155,,,2.999907e-04,44490,18.01
38800,4850,476774400,3.8838,,,2.999907e-04,43689,18.01
38850,4856,477388800,3.8882,,,2.999907e-04,44251,18.01
38900,4862,478003200,3.8408,,,2.999907e-04,44470,18.01
38950,4868,478617600,3.8480,,,2.999906e-04,44187,18.01
39000,4875,479232000,3.8735,,,2.999906e-04,43894,18.01
39050,4881,479846400,3.8322,,,2.999906e-04,42983,18.01
39100,4887,480460800,3.8476,,,2.999905e-04,44313,18.01
39150,4893,481075200,3.8715,,,2.999905e-04,44096,18.01
39200,4900,481689600,3.9191,,,2.999905e-04,43813,18.01
39250,4906,482304000,3.8213,,,2.999905e-04,44209,18.01
39300,4912,482918400,3.8518,,,2.999904e-04,44148,18.01
39350,4918,483532800,3.8189,,,2.999904e-04,44356,18.01
39400,4925,484147200,3.8780,,,2.999904e-04,43789,18.01
39450,4931,484761600,3.9060,,,2.999904e-04,44407,18.01
39500,4937,485376000,3.8820,,,2.999903e-04,44447,18.01
39550,4943,485990400,3.9128,,,2.999903e-04,42879,18.01
39600,4950,486604800,3.8803,,,2.999903e-04,43623,18.01
39650,4956,487219200,3.9204,,,2.999902e-04,44445,18.01
39700,4962,487833600,3.8847,,,2.999902e-04,44064,18.01
39750,4968,488448000,3.8324,,,2.999902e-04,44365,18.01
39800,4975,489062400,3.8855,,,2.999902e-04,43862,18.01
39850,4981,489676800,3.8160,,,2.999901e-04,44069,18.01
39900,4987,490291200,3.8743,,,2.999901e-04,44445,18.01
39950,4993,490905600,3.8881,,,2.999901e-04,43969,18.01
40000,5000,491520000,3.8504,,,2.999900e-04,43685,18.01
40050,5006,492134400,3.8890,,,2.999900e-04,33156,18.01
40100,5012,492748800,3.8703,,,2.999900e-04,44212,18.01
40150,5018,493363200,3.8813,,,2.999900e-04,44377,18.01
40200,5025,493977600,3.8714,,,2.999899e-04,43801,18.01
40250,5031,494592000,3.8389,,,2.999899e-04,44232,18.01
40300,5037,495206400,3.8960,,,2.999899e-04,44313,18.01
40350,5043,495820800,3.8321,,,2.999898e-04,44351,18.01
40400,5050,496435200,3.9098,,,2.999898e-04,43826,18.01
40450,5056,497049600,3.8627,,,2.999898e-04,44211,18.01
40500,5062,497664000,3.8740,,,2.999898e-04,43839,18.01
40550,5068,498278400,3.8591,,,2.999897e-04,42860,18.01
40600,5075,498892800,3.9032,,,2.999897e-04,43592,18.01
40650,5081,499507200,3.8759,,,2.999897e-04,44299,18.01
40700,5087,500121600,3.8634,,,2.999896e-04,44212,18.01
40750,5093,500736000,3.8632,,,2.999896e-04,44248,18.01
40800,5100,501350400,3.8234,,,2.999896e-04,43690,18.01
40850,5106,501964800,3.8558,,,2.999896e-04,44051,18.01
40900,5112,502579200,3.8855,,,2.999895e-04,44041,18.01
40950,5118,503193600,3.8644,,,2.999895e-04,44399,18.01
41000,5125,503808000,3.8588,,,2.999895e-04,43734,18.01
41050,5131,504422400,3.8838,,,2.999894e-04,42820,18.01
41100,5137,505036800,3.8566,,,2.999894e-04,44297,18.01
41150,5143,505651200,3.8650,,,2.999894e-04,44098,18.01
41200,5150,506265600,3.8653,,,2.999894e-04,43815,18.01
41250,5156,506880000,3.8261,,,2.999893e-04,44009,18.01
41300,5162,507494400,3.8447,,,2.999893e-04,44160,18.01
41350,5168,508108800,3.8182,,,2.999893e-04,44208,18.01
41400,5175,508723200,3.8673,,,2.999892e-04,43654,18.01
41450,5181,509337600,3.7974,,,2.999892e-04,44260,18.01
41500,5187,509952000,3.8764,,,2.999892e-04,44069,18.01
41550,5193,510566400,3.8776,,,2.999892e-04,43068,18.01
41600,5200,511180800,3.8749,,,2.999891e-04,43456,18.01
41650,5206,511795200,3.8974,,,2.999891e-04,44149,18.01
41700,5212,512409600,3.8319,,,2.999891e-04,44277,18.01
41750,5218,513024000,3.8351,,,2.999890e-04,44188,18.01
41800,5225,513638400,3.8080,,,2.999890e-04,43734,18.01
41850,5231,514252800,3.8461,,,2.999890e-04,44091,18.01
41900,5237,514867200,3.8017,,,2.999889e-04,44122,18.01
41950,5243,515481600,3.8555,,,2.999889e-04,43912,18.01
42000,5250,516096000,3.8394,,,2.999889e-04,43720,18.01
42050,5256,516710400,3.8265,,,2.999889e-04,42906,18.01
42100,5262,517324800,3.8064,,,2.999888e-04,44130,18.01
42150,5268,517939200,3.8431,,,2.999888e-04,44245,18.01
42200,5275,518553600,3.8393,,,2.999888e-04,43816,18.01
42250,5281,519168000,3.8275,,,2.999887e-04,44088,18.01
42300,5287,519782400,3.8197,,,2.999887e-04,44037,18.01
42350,5293,520396800,3.8272,,,2.999887e-04,44039,18.01
42400,5300,521011200,3.8710,,,2.999886e-04,43554,18.01
42450,5306,521625600,3.8693,,,2.999886e-04,44332,18.01
42500,5312,522240000,3.8497,,,2.999886e-04,43889,18.01
42550,5318,522854400,3.8455,,,2.999886e-04,42470,18.01
42600,5325,523468800,3.8604,,,2.999885e-04,43509,18.01
42650,5331,524083200,3.8234,,,2.999885e-04,44150,18.01
42700,5337,524697600,3.8634,,,2.999885e-04,43942,18.01
42750,5343,525312000,3.8390,,,2.999884e-04,44224,18.01
42800,5350,525926400,3.8377,,,2.999884e-04,43671,18.01
42850,5356,526540800,3.8705,,,2.999884e-04,44298,18.01
42900,5362,527155200,3.8579,,,2.999883e-04,43826,18.01
42950,5368,527769600,3.8057,,,2.999883e-04,44424,18.01
43000,5375,528384000,3.8862,,,2.999883e-04,43437,18.01
43050,5381,528998400,3.8407,,,2.999882e-04,42808,18.01
43100,5387,529612800,3.8231,,,2.999882e-04,44209,18.01
43150,5393,530227200,3.8726,,,2.999882e-04,44032,18.01
43200,5400,530841600,3.8643,,,2.999882e-04,43546,18.01
43250,5406,531456000,3.8556,,,2.999881e-04,44241,18.01
43300,5412,532070400,3.8297,,,2.999881e-04,43858,18.01
43350,5418,532684800,3.8756,,,2.999881e-04,44178,18.01
43400,5425,533299200,3.7842,,,2.999880e-04,43774,18.01
43450,5431,533913600,3.8181,,,2.999880e-04,44195,18.01
43500,5437,534528000,3.8710,,,2.999880e-04,44029,18.01
43550,5443,535142400,3.8137,,,2.999879e-04,42763,18.01
43600,5450,535756800,3.8279,,,2.999879e-04,43796,18.01
43650,5456,536371200,3.8788,,,2.999879e-04,44172,18.01
43700,5462,536985600,3.8536,,,2.999878e-04,44234,18.01
43750,5468,537600000,3.7881,,,2.999878e-04,43702,18.01
43800,5475,538214400,3.8553,,,2.999878e-04,43601,18.01
43850,5481,538828800,3.8532,,,2.999877e-04,44193,18.01
43900,5487,539443200,3.8705,,,2.999877e-04,43876,18.01
43950,5493,540057600,3.8356,,,2.999877e-04,44055,18.01
44000,5500,540672000,3.8352,,,2.999877e-04,43423,18.01
44050,5506,541286400,3.8615,,,2.999876e-04,42917,18.01
44100,5512,541900800,3.8262,,,2.999876e-04,44186,18.01
44150,5518,542515200,3.8728,,,2.999876e-04,43787,18.01
44200,5525,543129600,3.8147,,,2.999875e-04,43566,18.01
44250,5531,543744000,3.8233,,,2.999875e-04,44316,18.01
44300,5537,544358400,3.8364,,,2.999875e-04,44095,18.01
44350,5543,544972800,3.8061,,,2.999874e-04,44176,18.01
44400,5550,545587200,3.8428,,,2.999874e-04,43661,18.01
44450,5556,546201600,3.8390,,,2.999874e-04,44038,18.01
44500,5562,546816000,3.8089,,,2.999873e-04,44243,18.01
44550,5568,547430400,3.7865,,,2.999873e-04,42818,18.01
44600,5575,548044800,3.8560,,,2.999873e-04,43717,18.01
44650,5581,548659200,3.8452,,,2.999872e-04,44106,18.01
44700,5587,549273600,3.8122,,,2.999872e-04,44251,18.01
44750,5593,549888000,3.7845,,,2.999872e-04,44130,18.01
44800,5600,550502400,3.8590,,,2.999871e-04,43429,18.01
44850,5606,551116800,3.8293,,,2.999871e-04,44205,18.01
44900,5612,551731200,3.8331,,,2.999871e-04,44032,18.01
44950,5618,552345600,3.8425,,,2.999870e-04,44156,18.01
45000,5625,552960000,3.8495,,,2.999870e-04,43695,18.01
45050,5631,553574400,3.7919,,,2.999870e-04,33094,18.01
45100,5637,554188800,3.8649,,,2.999870e-04,44393,18.01
45150,5643,554803200,3.8220,,,2.999869e-04,44247,18.01
45200,5650,555417600,3.8354,,,2.999869e-04,43783,18.01
45250,5656,556032000,3.8441,,,2.999869e-04,44272,18.01
45300,5662,556646400,3.8029,,,2.999868e-04,44105,18.01
45350,5668,557260800,3.8266,,,2.999868e-04,44211,18.01
45400,5675,557875200,3.8394,,,2.999868e-04,43882,18.01
45450,5681,558489600,3.8268,,,2.999867e-04,44028,18.01
45500,5687,559104000,3.8429,,,2.999867e-04,43859,18.01
45550,5693,559718400,3.9025,,,2.999867e-04,42914,18.01
45600,5700,560332800,3.8013,,,2.999866e-04,43493,18.01
45650,5706,560947200,3.8301,,,2.999866e-04,44213,18.01
45700,5712,561561600,3.8211,,,2.999866e-04,44031,18.01
45750,5718,562176000,3.7678,,,2.999865e-04,43763,18.01
45800,5725,562790400,3.8478,,,2.999865e-04,43338,18.01
45850,5731,563404800,3.8574,,,2.999865e-04,44239,18.01
45900,5737,564019200,3.8248,,,2.999864e-04,44041,18.01
45950,5743,564633600,3.7995,,,2.999864e-04,43983,18.01
46000,5750,565248000,3.8336,,,2.999864e-04,43539,18.01
46050,5756,565862400,3.7941,,,2.999863e-04,42683,18.01
46100,5762,566476800,3.8180,,,2.999863e-04,44334,18.01
46150,5768,567091200,3.8076,,,2.999863e-04,43952,18.01
46200,5775,567705600,3.8135,,,2.999862e-04,43771,18.01
46250,5781,568320000,3.8377,,,2.999862e-04,44000,18.01
46300,5787,568934400,3.8413,,,2.999862e-04,44159,18.01
46350,5793,569548800,3.8147,,,2.999861e-04,44166,18.01
46400,5800,570163200,3.8055,,,2.999861e-04,43631,18.01
46450,5806,570777600,3.7811,,,2.999861e-04,44003,18.01
46500,5812,571392000,3.8319,,,2.999860e-04,44166,18.01
46550,5818,572006400,3.8582,,,2.999860e-04,42795,18.01
46600,5825,572620800,3.8262,,,2.999860e-04,43732,18.01
46650,5831,573235200,3.7804,,,2.999859e-04,44084,18.01
46700,5837,573849600,3.8288,,,2.999859e-04,44286,18.01
46750,5843,574464000,3.8448,,,2.999859e-04,44202,18.01
46800,5850,575078400,3.8375,,,2.999858e-04,43511,18.01
46850,5856,575692800,3.8077,,,2.999858e-04,44281,18.01
46900,5862,576307200,3.7872,,,2.999858e-04,43975,18.01
46950,5868,576921600,3.8152,,,2.999857e-04,43998,18.01
47000,5875,577536000,3.8000,,,2.999857e-04,43805,18.01
47050,5881,578150400,3.8161,,,2.999857e-04,42671,18.01
47100,5887,578764800,3.8269,,,2.999856e-04,43928,18.01
47150,5893,579379200,3.8481,,,2.999856e-04,44249,18.01
47200,5900,579993600,3.8263,,,2.999856e-04,43518,18.01
47250,5906,580608000,3.8106,,,2.999855e-04,44137,18.01
47300,5912,581222400,3.7999,,,2.999855e-04,44008,18.01
47350,5918,581836800,3.8485,,,2.999855e-04,44257,18.01
47400,5925,582451200,3.7936,,,2.999854e-04,43681,18.01
47450,5931,583065600,3.8345,,,2.999854e-04,44218,18.01
47500,5937,583680000,3.7939,,,2.999854e-04,44355,18.01
47550,5943,584294400,3.7793,,,2.999853e-04,42539,18.01
47600,5950,584908800,3.8247,,,2.999853e-04,43508,18.01
47650,5956,585523200,3.8351,,,2.999852e-04,44379,18.01
47700,5962,586137600,3.7965,,,2.999852e-04,43917,18.01
47750,5968,586752000,3.8118,,,2.999852e-04,44236,18.01
47800,5975,587366400,3.8120,,,2.999851e-04,43636,18.01
47850,5981,587980800,3.8214,,,2.999851e-04,44075,18.01
47900,5987,588595200,3.8161,,,2.999851e-04,43828,18.01
47950,5993,589209600,3.7809,,,2.999850e-04,44208,18.01
48000,6000,589824000,3.7964,,,2.999850e-04,43570,18.01
48050,6006,590438400,3.8023,,,2.999850e-04,42384,18.01
48100,6012,591052800,3.7745,,,2.999849e-04,44286,18.01
48150,6018,591667200,3.7940,,,2.999849e-04,44257,18.01
48200,6025,592281600,3.7916,,,2.999849e-04,43720,18.01
48250,6031,592896000,3.8121,,,2.999848e-04,43946,18.01
48300,6037,593510400,3.8230,,,2.999848e-04,44181,18.01
48350,6043,594124800,3.7619,,,2.999848e-04,43872,18.01
48400,6050,594739200,3.8499,,,2.999847e-04,43646,18.01
48450,6056,595353600,3.8416,,,2.999847e-04,44181,18.01
48500,6062,595968000,3.7955,,,2.999847e-04,44052,18.01
48550,6068,596582400,3.8178,,,2.999846e-04,42837,18.01
48600,6075,597196800,3.7687,,,2.999846e-04,43818,18.01
48650,6081,597811200,3.7891,,,2.999845e-04,44021,18.01
48700,6087,598425600,3.7979,,,2.999845e-04,44031,18.01
48750,6093,599040000,3.7584,,,2.999845e-04,43824,18.01
48800,6100,599654400,3.7681,,,2.999844e-04,43539,18.01
48850,6106,600268800,3.8012,,,2.999844e-04,44152,18.01
48900,6112,600883200,3.8155,,,2.999844e-04,43932,18.01
48950,6118,601497600,3.7899,,,2.999843e-04,44019,18.01
49000,6125,602112000,3.8010,,,2.999843e-04,43720,18.01
49050,6131,602726400,3.7873,,,2.999843e-04,42860,18.01
49100,6137,603340800,3.7749,,,2.999842e-04,44109,18.01
49150,6143,603955200,3.8130,,,2.999842e-04,44280,18.01
49200,6150,604569600,3.8053,,,2.999842e-04,43860,18.01
49250,6156,605184000,3.7613,,,2.999841e-04,43854,18.01
49300,6162,605798400,3.8146,,,2.999841e-04,44061,18.01
49350,6168,606412800,3.8187,,,2.999841e-04,44363,18.01
49400,6175,607027200,3.7515,,,2.999840e-04,43500,18.01
49450,6181,607641600,3.8203,,,2.999840e-04,44276,18.01
49500,6187,608256000,3.7519,,,2.999839e-04,44208,18.01
49550,6193,608870400,3.8078,,,2.999839e-04,42710,18.01
49600,6200,609484800,3.7716,,,2.999839e-04,43798,18.01
49650,6206,610099200,3.8484,,,2.999838e-04,44093,18.01
49700,6212,610713600,3.7600,,,2.999838e-04,44194,18.01
49750,6218,611328000,3.7907,,,2.999838e-04,43963,18.01
49800,6225,611942400,3.7984,,,2.999837e-04,43839,18.01
49850,6231,612556800,3.8266,,,2.999837e-04,44331,18.01
49900,6237,613171200,3.7897,,,2.999837e-04,44060,18.01
49950,6243,613785600,3.8247,,,2.999836e-04,44229,18.01
50000,6250,614400000,3.7922,,,2.999836e-04,43821,18.01
50050,6256,615014400,3.7726,,,2.999835e-04,33137,18.01
50100,6262,615628800,3.7580,,,2.999835e-04,44285,18.01
50150,6268,616243200,3.7084,,,2.999835e-04,44208,18.01
50200,6275,616857600,3.8140,,,2.999834e-04,43614,18.01
50250,6281,617472000,3.7824,,,2.999834e-04,44506,18.01
50300,6287,618086400,3.7885,,,2.999834e-04,44265,18.01
50350,6293,618700800,3.7689,,,2.999833e-04,44291,18.01
50400,6300,619315200,3.7661,,,2.999833e-04,43670,18.01
50450,6306,619929600,3.7871,,,2.999833e-04,44232,18.01
50500,6312,620544000,3.8029,,,2.999832e-04,44149,18.01
50550,6318,621158400,3.7896,,,2.999832e-04,42712,18.01
50600,6325,621772800,3.7765,,,2.999831e-04,43548,18.01
50650,6331,622387200,3.7782,,,2.999831e-04,44034,18.01
50700,6337,623001600,3.7760,,,2.999831e-04,44138,18.01
50750,6343,623616000,3.8235,,,2.999830e-04,44288,18.01
50800,6350,624230400,3.8112,,,2.999830e-04,43697,18.01
50850,6356,624844800,3.7735,,,2.999830e-04,44325,18.01
50900,6362,625459200,3.7954,,,2.999829e-04,44080,18.01
50950,6368,626073600,3.7489,,,2.999829e-04,43905,18.01
51000,6375,626688000,3.8377,,,2.999828e-04,43682,18.01
51050,6381,627302400,3.8120,,,2.999828e-04,42733,18.01
51100,6387,627916800,3.7922,,,2.999828e-04,44155,18.01
51150,6393,628531200,3.7813,,,2.999827e-04,43928,18.01
51200,6400,629145600,3.8413,,,2.999827e-04,43736,18.01
51250,6406,629760000,3.7804,,,2.999827e-04,44165,18.01
51300,6412,630374400,3.7883,,,2.999826e-04,44122,18.01
51350,6418,630988800,3.7565,,,2.999826e-04,44155,18.01
51400,6425,631603200,3.7595,,,2.999825e-04,43371,18.01
51450,6431,632217600,3.8168,,,2.999825e-04,44183,18.01
51500,6437,632832000,3.8220,,,2.999825e-04,43888,18.01
51550,6443,633446400,3.7782,,,2.999824e-04,42733,18.01
51600,6450,634060800,3.8136,,,2.999824e-04,43708,18.01
51650,6456,634675200,3.7663,,,2.999824e-04,44439,18.01
51700,6462,635289600,3.7758,,,2.999823e-04,44091,18.01
51750,6468,635904000,3.7426,,,2.999823e-04,43991,18.01
51800,6475,636518400,3.8125,,,2.999822e-04,43835,18.01
51850,6481,637132800,3.7765,,,2.999822e-04,44052,18.01
51900,6487,637747200,3.8175,,,2.999822e-04,44171,18.01
51950,6493,638361600,3.7905,,,2.999821e-04,44363,18.01
52000,6500,638976000,3.7428,,,2.999821e-04,43552,18.01
52050,6506,639590400,3.7705,,,2.999821e-04,42652,18.01
52100,6512,640204800,3.7901,,,2.999820e-04,44196,18.01
52150,6518,640819200,3.7221,,,2.999820e-04,44239,18.01
52200,6525,641433600,3.7730,,,2.999819e-04,43586,18.01
52250,6531,642048000,3.7796,,,2.999819e-04,44117,18.01
52300,6537,642662400,3.7670,,,2.999819e-04,44210,18.01
52350,6543,643276800,3.7653,,,2.999818e-04,44017,18.01
52400,6550,643891200,3.7691,,,2.999818e-04,43769,18.01
52450,6556,644505600,3.7912,,,2.999818e-04,44396,18.01
52500,6562,645120000,3.8397,,,2.999817e-04,44278,18.01
52550,6568,645734400,3.7728,,,2.999817e-04,42690,18.01
52600,6575,646348800,3.7843,,,2.999816e-04,43838,18.01
52650,6581,646963200,3.7792,,,2.999816e-04,44096,18.01
52700,6587,647577600,3.7777,,,2.999816e-04,44187,18.01
52750,6593,648192000,3.7638,,,2.999815e-04,44376,18.01
52800,6600,648806400,3.7611,,,2.999815e-04,43608,18.01
52850,6606,649420800,3.7829,,,2.999814e-04,44398,18.01
52900,6612,650035200,3.7329,,,2.999814e-04,44160,18.01
52950,6618,650649600,3.7794,,,2.999814e-04,44283,18.01
53000,6625,651264000,3.8125,,,2.999813e-04,43617,18.01
53050,6631,651878400,3.7835,,,2.999813e-04,42885,18.01
53100,6637,652492800,3.7454,,,2.999813e-04,44101,18.01
53150,6643,653107200,3.7532,,,2.999812e-04,44185,18.01
53200,6650,653721600,3.7918,,,2.999812e-04,43430,18.01
53250,6656,654336000,3.7379,,,2.999811e-04,44202,18.01
53300,6662,654950400,3.7854,,,2.999811e-04,44238,18.01
53350,6668,655564800,3.7627,,,2.999811e-04,43853,18.01
53400,6675,656179200,3.7413,,,2.999810e-04,43394,18.01
53450,6681,656793600,3.7623,,,2.999810e-04,44163,18.01
53500,6687,657408000,3.7802,,,2.999809e-04,44207,18.01
53550,6693,658022400,3.7270,,,2.999809e-04,42680,18.01
53600,6700,658636800,3.7643,,,2.999809e-04,43675,18.01
53650,6706,659251200,3.7472,,,2.999808e-04,44084,18.01
53700,6712,659865600,3.7950,,,2.999808e-04,44292,18.01
53750,6718,660480000,3.7482,,,2.999807e-04,44040,18.01
53800,6725,661094400,3.8123,,,2.999807e-04,43709,18.01
53850,6731,661708800,3.7399,,,2.999807e-04,44174,18.01
53900,6737,662323200,3.7658,,,2.999806e-04,43993,18.01
53950,6743,662937600,3.7317,,,2.999806e-04,44001,18.01
54000,6750,663552000,3.7468,,,2.999805e-04,43749,18.01
54050,6756,664166400,3.7525,,,2.999805e-04,42746,18.01
54100,6762,664780800,3.7895,,,2.999805e-04,44174,18.01
54150,6768,665395200,3.8019,,,2.999804e-04,44361,18.01
54200,6775,666009600,3.7885,,,2.999804e-04,43772,18.01
54250,6781,666624000,3.7937,,,2.999804e-04,44478,18.01
54300,6787,667238400,3.7708,,,2.999803e-04,43996,18.01
54350,6793,667852800,3.7594,,,2.999803e-04,44039,18.01
54400,6800,668467200,3.7757,,,2.999802e-04,43692,18.01
54450,6806,669081600,3.7421,,,2.999802e-04,44233,18.01
54500,6812,669696000,3.7499,,,2.999802e-04,44065,18.01
54550,6818,670310400,3.7712,,,2.999801e-04,42697,18.01
54600,6825,670924800,3.7520,,,2.999801e-04,43693,18.01
54650,6831,671539200,3.7311,,,2.999800e-04,44241,18.01
54700,6837,672153600,3.7504,,,2.999800e-04,44487,18.01
54750,6843,672768000,3.7993,,,2.999800e-04,43948,18.01
54800,6850,673382400,3.7810,,,2.999799e-04,43848,18.01
54850,6856,673996800,3.7180,,,2.999799e-04,44229,18.01
54900,6862,674611200,3.7656,,,2.999798e-04,44226,18.01
54950,6868,675225600,3.7381,,,2.999798e-04,43944,18.01
55000,6875,675840000,3.7749,,,2.999797e-04,43693,18.01
55050,6881,676454400,3.7427,,,2.999797e-04,33204,18.01
55100,6887,677068800,3.7712,,,2.999797e-04,44265,18.01
55150,6893,677683200,3.7868,,,2.999796e-04,44532,18.01
55200,6900,678297600,3.7911,,,2.999796e-04,43834,18.01
55250,6906,678912000,3.7736,,,2.999795e-04,44402,18.01
55300,6912,679526400,3.7420,,,2.999795e-04,44334,18.01
55350,6918,680140800,3.7898,,,2.999795e-04,44249,18.01
55400,6925,680755200,3.7679,,,2.999794e-04,43797,18.01
55450,6931,681369600,3.7525,,,2.999794e-04,44313,18.01
55500,6937,681984000,3.8020,,,2.999793e-04,44220,18.01
55550,6943,682598400,3.7437,,,2.999793e-04,42934,18.01
55600,6950,683212800,3.7853,,,2.999793e-04,43894,18.01
55650,6956,683827200,3.7290,,,2.999792e-04,43984,18.01
55700,6962,684441600,3.7178,,,2.999792e-04,44021,18.01
55750,6968,685056000,3.7709,,,2.999791e-04,44264,18.01
55800,6975,685670400,3.7864,,,2.999791e-04,43608,18.01
55850,6981,686284800,3.7647,,,2.999791e-04,44006,18.01
55900,6987,686899200,3.7922,,,2.999790e-04,43867,18.01
55950,6993,687513600,3.7649,,,2.999790e-04,44375,18.01
56000,7000,688128000,3.7253,,,2.999789e-04,43715,18.01
56050,7006,688742400,3.7317,,,2.999789e-04,42829,18.01
56100,7012,689356800,3.7626,,,2.999789e-04,44357,18.01
56150,7018,689971200,3.7828,,,2.999788e-04,44157,18.01
56200,7025,690585600,3.7457,,,2.999788e-04,43563,18.01
56250,7031,691200000,3.7897,,,2.999787e-04,44257,18.01
56300,7037,691814400,3.7011,,,2.999787e-04,43939,18.01
56350,7043,692428800,3.7398,,,2.999786e-04,44257,18.01
56400,7050,693043200,3.7788,,,2.999786e-04,43531,18.01
56450,7056,693657600,3.7659,,,2.999786e-04,44083,18.01
56500,7062,694272000,3.7277,,,2.999785e-04,43936,18.01
56550,7068,694886400,3.7639,,,2.999785e-04,42739,18.01
56600,7075,695500800,3.7418,,,2.999784e-04,43724,18.01
56650,7081,696115200,3.7404,,,2.999784e-04,44219,18.01
56700,7087,696729600,3.7801,,,2.999784e-04,44400,18.01
56750,7093,697344000,3.7885,,,2.999783e-04,44165,18.01
56800,7100,697958400,3.7015,,,2.999783e-04,43814,18.01
56850,7106,698572800,3.7560,,,2.999782e-04,44334,18.01
56900,7112,699187200,3.8034,,,2.999782e-04,44213,18.01
56950,7118,699801600,3.8077,,,2.999781e-04,44442,18.01
57000,7125,700416000,3.7809,,,2.999781e-04,43750,18.01
57050,7131,701030400,3.7638,,,2.999781e-04,42751,18.01
57100,7137,701644800,3.7601,,,2.999780e-04,44254,18.01
57150,7143,702259200,3.7245,,,2.999780e-04,44330,18.01
57200,7150,702873600,3.7658,,,2.999779e-04,43528,18.01
57250,7156,703488000,3.7714,,,2.999779e-04,44414,18.01
57300,7162,704102400,3.7989,,,2.999779e-04,44288,18.01
57350,7168,704716800,3.7885,,,2.999778e-04,44025,18.01
57400,7175,705331200,3.7526,,,2.999778e-04,43810,18.01
57450,7181,705945600,3.7244,,,2.999777e-04,44394,18.01
57500,7187,706560000,3.8026,,,2.999777e-04,44326,18.01
57550,7193,707174400,3.8006,,,2.999776e-04,42897,18.01
57600,7200,707788800,3.7670,,,2.999776e-04,43743,18.01
57650,7206,708403200,3.7727,,,2.999776e-04,44285,18.01
57700,7212,709017600,3.7527,,,2.999775e-04,44336,18.01
57750,7218,709632000,3.7334,,,2.999775e-04,44394,18.01
57800,7225,710246400,3.7382,,,2.999774e-04,43737,18.01
57850,7231,710860800,3.7469,,,2.999774e-04,44542,18.01
57900,7237,711475200,3.7272,,,2.999773e-04,43985,18.01
57950,7243,712089600,3.7790,,,2.999773e-04,44146,18.01
58000,7250,712704000,3.7164,,,2.999773e-04,43753,18.01
58050,7256,713318400,3.7506,,,2.999772e-04,42963,18.01
58100,7262,713932800,3.7515,,,2.999772e-04,44204,18.01
58150,7268,714547200,3.8146,,,2.999771e-04,44081,18.01
58200,7275,715161600,3.7782,,,2.999771e-04,43663,18.01
58250,7281,715776000,3.7171,,,2.999770e-04,44077,18.01
58300,7287,716390400,3.7109,,,2.999770e-04,44257,18.01
58350,7293,717004800,3.7082,,,2.999770e-04,44543,18.01
58400,7300,717619200,3.7207,,,2.999769e-04,43637,18.01
58450,7306,718233600,3.7805,,,2.999769e-04,44554,18.01
58500,7312,718848000,3.7381,,,2.999768e-04,44222,18.01
58550,7318,719462400,3.7441,,,2.999768e-04,42898,18.01
58600,7325,720076800,3.7454,,,2.999767e-04,43828,18.01
58650,7331,720691200,3.7430,,,2.999767e-04,44267,18.01
58700,7337,721305600,3.7251,,,2.999767e-04,44311,18.01
58750,7343,721920000,3.7511,,,2.999766e-04,44401,18.01
58800,7350,722534400,3.7447,,,2.999766e-04,43821,18.01
58850,7356,723148800,3.6984,,,2.999765e-04,44506,18.01
58900,7362,723763200,3.7115,,,2.999765e-04,44266,18.01
58950,7368,724377600,3.7514,,,2.999764e-04,44256,18.01
59000,7375,724992000,3.7452,,,2.999764e-04,43627,18.01
59050,7381,725606400,3.7804,,,2.999764e-04,42905,18.01
59100,7387,726220800,3.7934,,,2.999763e-04,44314,18.01
59150,7393,726835200,3.7127,,,2.999763e-04,44322,18.01
59200,7400,727449600,3.7940,,,2.999762e-04,43739,18.01
59250,7406,728064000,3.6846,,,2.999762e-04,44437,18.01
59300,7412,728678400,3.7863,,,2.999761e-04,44242,18.01
59350,7418,729292800,3.7164,,,2.999761e-04,44330,18.01
59400,7425,729907200,3.7444,,,2.999760e-04,43557,18.01
59450,7431,730521600,3.7075,,,2.999760e-04,44346,18.01
59500,7437,731136000,3.7529,,,2.999760e-04,44280,18.01
59550,7443,731750400,3.7249,,,2.999759e-04,42601,18.01
59600,7450,732364800,3.7345,,,2.999759e-04,43607,18.01
59650,7456,732979200,3.7255,,,2.999758e-04,43957,18.01
59700,7462,733593600,3.6952,,,2.999758e-04,44330,18.01
59750,7468,734208000,3.7335,,,2.999757e-04,44290,18.01
59800,7475,734822400,3.6970,,,2.999757e-04,43734,18.01
59850,7481,735436800,3.7153,,,2.999756e-04,44038,18.01
59900,7487,736051200,3.7948,,,2.999756e-04,44425,18.01
59950,7493,736665600,3.7509,,,2.999756e-04,44210,18.01
60000,7500,737280000,3.7580,,,2.999755e-04,43870,18.01
60050,7506,737894400,3.7263,,,2.999755e-04,33162,18.01
60100,7512,738508800,3.7521,,,2.999754e-04,44431,18.01
60150,7518,739123200,3.7305,,,2.999754e-04,44676,18.01
60200,7525,739737600,3.7496,,,2.999753e-04,44068,18.01
60250,7531,740352000,3.7127,,,2.999753e-04,44387,18.01
60300,7537,740966400,3.7761,,,2.999753e-04,44343,18.01
60350,7543,741580800,3.7883,,,2.999752e-04,44314,18.01
60400,7550,742195200,3.7456,,,2.999752e-04,44069,18.01
60450,7556,742809600,3.7366,,,2.999751e-04,44330,18.01
60500,7562,743424000,3.7651,,,2.999751e-04,44228,18.01
60550,7568,744038400,3.7785,,,2.999750e-04,42960,18.01
60600,7575,744652800,3.7307,,,2.999750e-04,43895,18.01
60650,7581,745267200,3.7189,,,2.999749e-04,43999,18.01
60700,7587,745881600,3.7986,,,2.999749e-04,44194,18.01
60750,7593,746496000,3.7480,,,2.999748e-04,43866,18.01
60800,7600,747110400,3.7175,,,2.999748e-04,43791,18.01
60850,7606,747724800,3.7269,,,2.999748e-04,44384,18.01
60900,7612,748339200,3.6877,,,2.999747e-04,44545,18.01
60950,7618,748953600,3.7436,,,2.999747e-04,44176,18.01
61000,7625,749568000,3.7122,,,2.999746e-04,43743,18.01
61050,7631,750182400,3.7038,,,2.999746e-04,42905,18.01
61100,7637,750796800,3.7240,,,2.999745e-04,44422,18.01
61150,7643,751411200,3.7734,,,2.999745e-04,44280,18.01
61200,7650,752025600,3.7310,,,2.999744e-04,43979,18.01
61250,7656,752640000,3.7151,,,2.999744e-04,44291,18.01
61300,7662,753254400,3.7209,,,2.999744e-04,44313,18.01
61350,7668,753868800,3.7175,,,2.999743e-04,44464,18.01
61400,7675,754483200,3.7295,,,2.999743e-04,43735,18.01
61450,7681,755097600,3.7497,,,2.999742e-04,44434,18.01
61500,7687,755712000,3.7575,,,2.999742e-04,44293,18.01
61550,7693,756326400,3.7718,,,2.999741e-04,42837,18.01
61600,7700,756940800,3.6826,,,2.999741e-04,43650,18.01
61650,7706,757555200,3.7290,,,2.999740e-04,44527,18.01
61700,7712,758169600,3.7300,,,2.999740e-04,44186,18.01
61750,7718,758784000,3.7395,,,2.999739e-04,44226,18.01
61800,7725,759398400,3.7005,,,2.999739e-04,44070,18.01
61850,7731,760012800,3.7153,,,2.999738e-04,44223,18.01
61900,7737,760627200,3.7723,,,2.999738e-04,44496,18.01
61950,7743,761241600,3.7311,,,2.999738e-04,44433,18.01
62000,7750,761856000,3.6962,,,2.999737e-04,43942,18.01
62050,7756,762470400,3.7617,,,2.999737e-04,42959,18.01
62100,7762,763084800,3.7274,,,2.999736e-04,44482,18.01
62150,7768,763699200,3.7506,,,2.999736e-04,44271,18.01
62200,7775,764313600,3.6958,,,2.999735e-04,43868,18.01
62250,7781,764928000,3.7701,,,2.999735e-04,44230,18.01
62300,7787,765542400,3.7043,,,2.999734e-04,44300,18.01
62350,7793,766156800,3.7190,,,2.999734e-04,44442,18.01
62400,7800,766771200,3.7773,,,2.999733e-04,43773,18.01
62450,7806,767385600,3.7647,,,2.999733e-04,44303,18.01
62500,7812,768000000,3.7184,,,2.999732e-04,44368,18.01
62550,7818,768614400,3.7538,,,2.999732e-04,42804,18.01
62600,7825,769228800,3.7451,,,2.999732e-04,44064,18.01
62650,7831,769843200,3.7414,,,2.999731e-04,44350,18.01
62700,7837,770457600,3.7156,,,2.999731e-04,44228,18.01
62750,7843,771072000,3.7453,,,2.999730e-04,44509,18.01
62800,7850,771686400,3.7304,,,2.999730e-04,43706,18.01
62850,7856,772300800,3.7274,,,2.999729e-04,44551,18.01
62900,7862,772915200,3.6759,,,2.999729e-04,44360,18.01
62950,7868,773529600,3.7077,,,2.999728e-04,44294,18.01
63000,7875,774144000,3.7177,,,2.999728e-04,43911,18.01
63050,7881,774758400,3.7261,,,2.999727e-04,43209,18.01
63100,7887,775372800,3.7636,,,2.999727e-04,44242,18.01
63150,7893,775987200,3.7052,,,2.999726e-04,44448,18.01
63200,7900,776601600,3.7604,,,2.999726e-04,43790,18.01
63250,7906,777216000,3.7349,,,2.999725e-04,44389,18.01
63300,7912,777830400,3.6909,,,2.999725e-04,44089,18.01
63350,7918,778444800,3.7218,,,2.999725e-04,44482,18.01
63400,7925,779059200,3.6835,,,2.999724e-04,43930,18.01
63450,7931,779673600,3.7792,,,2.999724e-04,44394,18.01
63500,7937,780288000,3.7335,,,2.999723e-04,44380,18.01
63550,7943,780902400,3.7443,,,2.999723e-04,43133,18.01
63600,7950,781516800,3.7587,,,2.999722e-04,43810,18.01
63650,7956,782131200,3.7306,,,2.999722e-04,44463,18.01
63700,7962,782745600,3.6713,,,2.999721e-04,44445,18.01
63750,7968,783360000,3.7450,,,2.999721e-04,44490,18.01
63800,7975,783974400,3.6670,,,2.999720e-04,43852,18.01
63850,7981,784588800,3.7439,,,2.999720e-04,44500,18.01
63900,7987,785203200,3.7148,,,2.999719e-04,44299,18.01
63950,7993,785817600,3.7356,,,2.999719e-04,44350,18.01
64000,8000,786432000,3.7240,,,2.999718e-04,43790,18.01
64050,8006,787046400,3.6967,,,2.999718e-04,43242,18.01
64100,8012,787660800,3.6827,,,2.999717e-04,44258,18.01
64150,8018,788275200,3.7290,,,2.999717e-04,44150,18.01
64200,8025,788889600,3.6926,,,2.999716e-04,43886,18.01
64250,8031,789504000,3.7183,,,2.999716e-04,44334,18.01
64300,8037,790118400,3.7393,,,2.999716e-04,44268,18.01
64350,8043,790732800,3.7243,,,2.999715e-04,44548,18.01
64400,8050,791347200,3.7259,,,2.999715e-04,43880,18.01
64450,8056,791961600,3.7149,,,2.999714e-04,44535,18.01
64500,8062,792576000,3.7098,,,2.999714e-04,44419,18.01
64550,8068,793190400,3.7314,,,2.999713e-04,43017,18.01
64600,8075,793804800,3.7412,,,2.999713e-04,43769,18.01
64650,8081,794419200,3.7505,,,2.999712e-04,44508,18.01
64700,8087,795033600,3.7147,,,2.999712e-04,44140,18.01
64750,8093,795648000,3.6962,,,2.999711e-04,44465,18.01
64800,8100,796262400,3.7500,,,2.999711e-04,43706,18.01
64850,8106,796876800,3.7455,,,2.999710e-04,44117,18.01
64900,8112,797491200,3.7442,,,2.999710e-04,44367,18.01
64950,8118,798105600,3.7530,,,2.999709e-04,44557,18.01
65000,8125,798720000,3.7220,,,2.999709e-04,44062,18.01
65050,8131,799334400,3.6961,,,2.999708e-04,33289,18.01
65100,8137,799948800,3.7283,,,2.999708e-04,43870,18.01
65150,8143,800563200,3.7096,,,2.999707e-04,44461,18.01
65200,8150,801177600,3.7665,,,2.999707e-04,43839,18.01
65250,8156,801792000,3.7463,,,2.999706e-04,44513,18.01
65300,8162,802406400,3.7474,,,2.999706e-04,44477,18.01
65350,8168,803020800,3.7058,,,2.999705e-04,44572,18.01
65400,8175,803635200,3.7265,,,2.999705e-04,44058,18.01
65450,8181,804249600,3.7096,,,2.999704e-04,44525,18.01
65500,8187,804864000,3.7062,,,2.999704e-04,44283,18.01
65550,8193,805478400,3.7341,,,2.999703e-04,43090,18.01
65600,8200,806092800,3.6934,,,2.999703e-04,43771,18.01
65650,8206,806707200,3.7494,,,2.999702e-04,44391,18.01
65700,8212,807321600,3.7330,,,2.999702e-04,44101,18.01
65750,8218,807936000,3.6955,,,2.999702e-04,44308,18.01
65800,8225,808550400,3.7682,,,2.999701e-04,43842,18.01
65850,8231,809164800,3.7212,,,2.999701e-04,44523,18.01
65900,8237,809779200,3.7083,,,2.999700e-04,44240,18.01
65950,8243,810393600,3.7265,,,2.999700e-04,44528,18.01
66000,8250,811008000,3.7679,,,2.999699e-04,43882,18.01
66050,8256,811622400,3.7027,,,2.999699e-04,43027,18.01
66100,8262,812236800,3.6949,,,2.999698e-04,44403,18.01
66150,8268,812851200,3.6736,,,2.999698e-04,44555,18.01
66200,8275,813465600,3.6949,,,2.999697e-04,43887,18.01
66250,8281,814080000,3.7256,,,2.999697e-04,44247,18.01
66300,8287,814694400,3.7049,,,2.999696e-04,44282,18.01
66350,8293,815308800,3.7041,,,2.999696e-04,44323,18.01
66400,8300,815923200,3.7358,,,2.999695e-04,43892,18.01
66450,8306,816537600,3.7017,,,2.999695e-04,44372,18.01
66500,8312,817152000,3.7267,,,2.999694e-04,44212,18.01
66550,8318,817766400,3.7462,,,2.999694e-04,43105,18.01
66600,8325,818380800,3.6806,,,2.999693e-04,43798,18.01
66650,8331,818995200,3.6927,,,2.999693e-04,44170,18.01
66700,8337,819609600,3.6889,,,2.999692e-04,44341,18.01
66750,8343,820224000,3.6961,,,2.999692e-04,44449,18.01
66800,8350,820838400,3.7122,,,2.999691e-04,43932,18.01
66850,8356,821452800,3.7146,,,2.999691e-04,44602,18.01
66900,8362,822067200,3.7467,,,2.999690e-04,44238,18.01
66950,8368,822681600,3.7107,,,2.999690e-04,44327,18.01
67000,8375,823296000,3.7355,,,2.999689e-04,43920,18.01
67050,8381,823910400,3.6807,,,2.999689e-04,42820,18.01
67100,8387,824524800,3.6985,,,2.999688e-04,44550,18.01
67150,8393,825139200,3.6750,,,2.999688e-04,44585,18.01
67200,8400,825753600,3.6899,,,2.999687e-04,44044,18.01
67250,8406,826368000,3.6869,,,2.999687e-04,44446,18.01
67300,8412,826982400,3.7001,,,2.999686e-04,44350,18.01
67350,8418,827596800,3.7381,,,2.999686e-04,44436,18.01
67400,8425,828211200,3.6980,,,2.999685e-04,43974,18.01
67450,8431,828825600,3.7037,,,2.999685e-04,44127,18.01
67500,8437,829440000,3.7079,,,2.999684e-04,44300,18.01
67550,8443,830054400,3.7305,,,2.999684e-04,43008,18.01
67600,8450,830668800,3.6801,,,2.999683e-04,43909,18.01
67650,8456,831283200,3.7063,,,2.999683e-04,44012,18.01
67700,8462,831897600,3.7233,,,2.999682e-04,44509,18.01
67750,8468,832512000,3.7156,,,2.999682e-04,44611,18.01
67800,8475,833126400,3.6833,,,2.999681e-04,43896,18.01
67850,8481,833740800,3.7076,,,2.999681e-04,44275,18.01
67900,8487,834355200,3.7165,,,2.999680e-04,44360,18.01
67950,8493,834969600,3.7215,,,2.999680e-04,44276,18.01
68000,8500,835584000,3.6957,,,2.999679e-04,43760,18.01
68050,8506,836198400,3.7418,,,2.999679e-04,42885,18.01
68100,8512,836812800,3.7380,,,2.999678e-04,44606,18.01
68150,8518,837427200,3.7188,,,2.999678e-04,44257,18.01
68200,8525,838041600,3.7031,,,2.999677e-04,43838,18.01
68250,8531,838656000,3.7153,,,2.999676e-04,44729,18.01
68300,8537,839270400,3.6975,,,2.999676e-04,44305,18.01
68350,8543,839884800,3.7053,,,2.999676e-04,44014,18.01
68400,8550,840499200,3.7014,,,2.999675e-04,43997,18.01
68450,8556,841113600,3.6742,,,2.999674e-04,44367,18.01
68500,8562,841728000,3.6748,,,2.999674e-04,44287,18.01
68550,8568,842342400,3.6590,,,2.999673e-04,43078,18.01
68600,8575,842956800,3.7113,,,2.999673e-04,43634,18.01
68650,8581,843571200,3.7021,,,2.999672e-04,44354,18.01
68700,8587,844185600,3.7315,,,2.999672e-04,44201,18.01
68750,8593,844800000,3.7306,,,2.999671e-04,44500,18.01
68800,8600,845414400,3.7161,,,2.999671e-04,43704,18.01
68850,8606,846028800,3.6906,,,2.999670e-04,44204,18.01
68900,8612,846643200,3.7121,,,2.999670e-04,44583,18.01
68950,8618,847257600,3.7004,,,2.999669e-04,44636,18.01
69000,8625,847872000,3.6937,,,2.999669e-04,43754,18.01
69050,8631,848486400,3.6404,,,2.999668e-04,42980,18.01
69100,8637,849100800,3.6990,,,2.999668e-04,44348,18.01
69150,8643,849715200,3.7070,,,2.999667e-04,44278,18.01
69200,8650,850329600,3.7100,,,2.999667e-04,44001,18.01
69250,8656,850944000,3.7022,,,2.999666e-04,44412,18.01
69300,8662,851558400,3.7344,,,2.999666e-04,44427,18.01
69350,8668,852172800,3.6947,,,2.999665e-04,44401,18.01
69400,8675,852787200,3.7224,,,2.999665e-04,43850,18.01
69450,8681,853401600,3.6946,,,2.999664e-04,44277,18.01
69500,8687,854016000,3.6896,,,2.999664e-04,44225,18.01
69550,8693,854630400,3.7048,,,2.999663e-04,43234,18.01
69600,8700,855244800,3.6971,,,2.999663e-04,44028,18.01
69650,8706,855859200,3.7022,,,2.999662e-04,44466,18.01
69700,8712,856473600,3.7268,,,2.999662e-04,44389,18.01
69750,8718,857088000,3.7077,,,2.999661e-04,44338,18.01
69800,8725,857702400,3.7146,,,2.999660e-04,44032,18.01
69850,8731,858316800,3.6908,,,2.999660e-04,44484,18.01
69900,8737,858931200,3.6887,,,2.999659e-04,44438,18.01
69950,8743,859545600,3.6721,,,2.999659e-04,44355,18.01
70000,8750,860160000,3.6718,,,2.999658e-04,43936,18.01
70050,8756,860774400,3.7269,,,2.999658e-04,33214,18.01
70100,8762,861388800,3.7033,,,2.999657e-04,44632,18.01
70150,8768,862003200,3.7615,,,2.999657e-04,44731,18.01
70200,8775,862617600,3.6947,,,2.999656e-04,44002,18.01
70250,8781,863232000,3.7010,,,2.999656e-04,44452,18.01
70300,8787,863846400,3.7013,,,2.999655e-04,44779,18.01
70350,8793,864460800,3.7040,,,2.999655e-04,44527,18.01
70400,8800,865075200,3.7255,,,2.999654e-04,43969,18.01
70450,8806,865689600,3.7212,,,2.999654e-04,44376,18.01
70500,8812,866304000,3.6525,,,2.999653e-04,44591,18.01
70550,8818,866918400,3.7138,,,2.999653e-04,43038,18.01
70600,8825,867532800,3.6997,,,2.999652e-04,43842,18.01
70650,8831,868147200,3.6619,,,2.999652e-04,44479,18.01
70700,8837,868761600,3.6909,,,2.999651e-04,44563,18.01
70750,8843,869376000,3.6843,,,2.999651e-04,44602,18.01
70800,8850,869990400,3.6765,,,2.999650e-04,43756,18.01
70850,8856,870604800,3.6533,,,2.999649e-04,44524,18.01
70900,8862,871219200,3.6838,,,2.999649e-04,44385,18.01
70950,8868,871833600,3.7340,,,2.999648e-04,44345,18.01
71000,8875,872448000,3.7383,,,2.999648e-04,44050,18.01
71050,8881,873062400,3.7385,,,2.999647e-04,43099,18.01
71100,8887,873676800,3.6492,,,2.999647e-04,44390,18.01
71150,8893,874291200,3.6946,,,2.999646e-04,44387,18.01
71200,8900,874905600,3.6866,,,2.999646e-04,43916,18.01
71250,8906,875520000,3.7113,,,2.999645e-04,44595,18.01
71300,8912,876134400,3.7200,,,2.999645e-04,44721,18.01
71350,8918,876748800,3.6787,,,2.999644e-04,44301,18.01
71400,8925,877363200,3.6918,,,2.999644e-04,43986,18.01
71450,8931,877977600,3.7179,,,2.999643e-04,44281,18.01
71500,8937,878592000,3.7176,,,2.999643e-04,44265,18.01
71550,8943,879206400,3.6845,,,2.999642e-04,43070,18.01
71600,8950,879820800,3.6791,,,2.999641e-04,43946,18.01
71650,8956,880435200,3.7103,,,2.999641e-04,44370,18.01
71700,8962,881049600,3.6868,,,2.999640e-04,44598,18.01
71750,8968,881664000,3.7308,,,2.999640e-04,44364,18.01
71800,8975,882278400,3.7149,,,2.999639e-04,43938,18.01
71850,8981,882892800,3.6878,,,2.999639e-04,44565,18.01
71900,8987,883507200,3.6873,,,2.999638e-04,44544,18.01
71950,8993,884121600,3.6704,,,2.999638e-04,44102,18.01
72000,9000,884736000,3.6914,,,2.999637e-04,43479,18.01
72050,9006,885350400,3.6679,,,2.999637e-04,42937,18.01
72100,9012,885964800,3.7190,,,2.999636e-04,44518,18.01
72150,9018,886579200,3.7051,,,2.999636e-04,44526,18.01
72200,9025,887193600,3.6994,,,2.999635e-04,43692,18.01
72250,9031,887808000,3.6999,,,2.999634e-04,44586,18.01
72300,9037,888422400,3.6999,,,2.999634e-04,44543,18.01
72350,9043,889036800,3.6859,,,2.999633e-04,44431,18.01
72400,9050,889651200,3.7226,,,2.999633e-04,43837,18.01
72450,9056,890265600,3.6902,,,2.999632e-04,44481,18.01
72500,9062,890880000,3.7094,,,2.999632e-04,44443,18.01
72550,9068,891494400,3.6628,,,2.999631e-04,42971,18.01
72600,9075,892108800,3.7213,,,2.999631e-04,44035,18.01
72650,9081,892723200,3.6605,,,2.999630e-04,44601,18.01
72700,9087,893337600,3.7232,,,2.999630e-04,44586,18.01
72750,9093,893952000,3.7059,,,2.999629e-04,44614,18.01
72800,9100,894566400,3.7090,,,2.999628e-04,43753,18.01
72850,9106,895180800,3.6730,,,2.999628e-04,44478,18.01
72900,9112,895795200,3.6871,,,2.999627e-04,44223,18.01
72950,9118,896409600,3.6734,,,2.999627e-04,44615,18.01
73000,9125,897024000,3.6985,,,2.999626e-04,44126,18.01
73050,9131,897638400,3.6975,,,2.999626e-04,43112,18.01
73100,9137,898252800,3.7375,,,2.999625e-04,44127,18.01
73150,9143,898867200,3.7001,,,2.999625e-04,44663,18.01
73200,9150,899481600,3.6798,,,2.999624e-04,44156,18.01
73250,9156,900096000,3.7179,,,2.999624e-04,44559,18.01
73300,9162,900710400,3.7052,,,2.999623e-04,44477,18.01
73350,9168,901324800,3.6929,,,2.999622e-04,44277,18.01
73400,9175,901939200,3.6707,,,2.999622e-04,44071,18.01
73450,9181,902553600,3.6947,,,2.999621e-04,44427,18.01
73500,9187,903168000,3.6364,,,2.999621e-04,44434,18.01
73550,9193,903782400,3.7084,,,2.999620e-04,42866,18.01
73600,9200,904396800,3.6467,,,2.999620e-04,43937,18.01
73650,9206,905011200,3.6772,,,2.999619e-04,44678,18.01
73700,9212,905625600,3.6336,,,2.999619e-04,44461,18.01
73750,9218,906240000,3.7321,,,2.999618e-04,44345,18.01
73800,9225,906854400,3.6995,,,2.999617e-04,44004,18.01
73850,9231,907468800,3.6860,,,2.999617e-04,44481,18.01
73900,9237,908083200,3.7258,,,2.999616e-04,44450,18.01
73950,9243,908697600,3.6493,,,2.999616e-04,44558,18.01
74000,9250,909312000,3.6574,,,2.999615e-04,43947,18.01
74050,9256,909926400,3.6667,,,2.999615e-04,43047,18.01
74100,9262,910540800,3.6809,,,2.999614e-04,44462,18.01
74150,9268,911155200,3.6552,,,2.999614e-04,44522,18.01
74200,9275,911769600,3.6727,,,2.999613e-04,44160,18.01
74250,9281,912384000,3.6680,,,2.999612e-04,44325,18.01
74300,9287,912998400,3.6425,,,2.999612e-04,44565,18.01
74350,9293,913612800,3.6748,,,2.999611e-04,44495,18.01
74400,9300,914227200,3.6753,,,2.999611e-04,43953,18.01
74450,9306,914841600,3.6711,,,2.999610e-04,44257,18.01
74500,9312,915456000,3.6572,,,2.999610e-04,44372,18.01
74550,9318,916070400,3.7103,,,2.999609e-04,43012,18.01
74600,9325,916684800,3.7113,,,2.999608e-04,44009,18.01
74650,9331,917299200,3.7059,,,2.999608e-04,44457,18.01
74700,9337,917913600,3.7014,,,2.999607e-04,44364,18.01
74750,9343,918528000,3.6462,,,2.999607e-04,44649,18.01
74800,9350,919142400,3.7188,,,2.999606e-04,43851,18.01
74850,9356,919756800,3.6603,,,2.999606e-04,44604,18.01
74900,9362,920371200,3.6733,,,2.999605e-04,44229,18.01
74950,9368,920985600,3.6716,,,2.999605e-04,44494,18.01
75000,9375,921600000,3.6715,,,2.999604e-04,44110,18.01
75050,9381,922214400,3.6744,,,2.999603e-04,33191,18.01
75100,9387,922828800,3.6707,,,2.999603e-04,44804,18.01
75150,9393,923443200,3.6583,,,2.999602e-04,44595,18.01
75200,9400,924057600,3.6534,,,2.999602e-04,44161,18.01
75250,9406,924672000,3.6690,,,2.999601e-04,44617,18.01
75300,9412,925286400,3.6789,,,2.999601e-04,44592,18.01
75350,9418,925900800,3.6750,,,2.999600e-04,44463,18.01
75400,9425,926515200,3.6751,,,2.999599e-04,43978,18.01
75450,9431,927129600,3.6389,,,2.999599e-04,44507,18.01
75500,9437,927744000,3.6468,,,2.999598e-04,44634,18.01
75550,9443,928358400,3.6907,,,2.999598e-04,42986,18.01
75600,9450,928972800,3.6785,,,2.999597e-04,43844,18.01
75650,9456,929587200,3.6761,,,2.999597e-04,44594,18.01
75700,9462,930201600,3.6819,,,2.999596e-04,44524,18.01
75750,9468,930816000,3.6675,,,2.999596e-04,44315,18.01
75800,9475,931430400,3.6686,,,2.999595e-04,43970,18.01
75850,9481,932044800,3.6729,,,2.999594e-04,44436,18.01
75900,9487,932659200,3.6753,,,2.999594e-04,44669,18.01
75950,9493,933273600,3.6497,,,2.999593e-04,44556,18.01
76000,9500,933888000,3.6602,,,2.999593e-04,43791,18.01
76050,9506,934502400,3.6941,,,2.999592e-04,43034,18.01
76100,9512,935116800,3.6747,,,2.999592e-04,44639,18.01
76150,9518,935731200,3.6943,,,2.999591e-04,44443,18.01
76200,9525,936345600,3.6366,,,2.999590e-04,43917,18.01
76250,9531,936960000,3.6696,,,2.999590e-04,44525,18.01
76300,9537,937574400,3.6894,,,2.999589e-04,44339,18.01
76350,9543,938188800,3.6454,,,2.999589e-04,44594,18.01
76400,9550,938803200,3.6870,,,2.999588e-04,43957,18.01
76450,9556,939417600,3.7066,,,2.999587e-04,44562,18.01
76500,9562,940032000,3.6806,,,2.999587e-04,44475,18.01
76550,9568,940646400,3.6437,,,2.999586e-04,43065,18.01
76600,9575,941260800,3.6452,,,2.999586e-04,44083,18.01
76650,9581,941875200,3.7069,,,2.999585e-04,44396,18.01
76700,9587,942489600,3.6334,,,2.999585e-04,44443,18.01
76750,9593,943104000,3.7001,,,2.999584e-04,44427,18.01
76800,9600,943718400,3.6886,,,2.999583e-04,44056,18.01
76850,9606,944332800,3.6610,,,2.999583e-04,44667,18.01
76900,9612,944947200,3.7031,,,2.999582e-04,44578,18.01
76950,9618,945561600,3.6763,,,2.999582e-04,44180,18.01
77000,9625,946176000,3.6726,,,2.999581e-04,44038,18.01
77050,9631,946790400,3.6419,,,2.999581e-04,43146,18.01
77100,9637,947404800,3.6738,,,2.999580e-04,44471,18.01
77150,9643,948019200,3.7060,,,2.999579e-04,44270,18.01
77200,9650,948633600,3.6809,,,2.999579e-04,44184,18.01
77250,9656,949248000,3.6527,,,2.999578e-04,44674,18.01
77300,9662,949862400,3.6587,,,2.999578e-04,44515,18.01
77350,9668,950476800,3.6804,,,2.999577e-04,44581,18.01
77400,9675,951091200,3.6733,,,2.999576e-04,44120,18.01
77450,9681,951705600,3.6861,,,2.999576e-04,44535,18.01
77500,9687,952320000,3.7074,,,2.999575e-04,44569,18.01
77550,9693,952934400,3.6822,,,2.999575e-04,43159,18.01
77600,9700,953548800,3.6705,,,2.999574e-04,44061,18.01
77650,9706,954163200,3.7134,,,2.999574e-04,44485,18.01
77700,9712,954777600,3.7319,,,2.999573e-04,44627,18.01
77750,9718,955392000,3.6670,,,2.999572e-04,44291,18.01
77800,9725,956006400,3.6435,,,2.999572e-04,44113,18.01
77850,9731,956620800,3.6774,,,2.999571e-04,44545,18.01
77900,9737,957235200,3.7087,,,2.999571e-04,44470,18.01
77950,9743,957849600,3.7014,,,2.999570e-04,44331,18.01
78000,9750,958464000,3.6498,,,2.999569e-04,44041,18.01
78050,9756,959078400,3.6808,,,2.999569e-04,42880,18.01
78100,9762,959692800,3.6451,,,2.999568e-04,44537,18.01
78150,9768,960307200,3.6945,,,2.999568e-04,44492,18.01
78200,9775,960921600,3.7106,,,2.999567e-04,44197,18.01
78250,9781,961536000,3.6441,,,2.999566e-04,44340,18.01
78300,9787,962150400,3.6844,,,2.999566e-04,44476,18.01
78350,9793,962764800,3.7121,,,2.999565e-04,44756,18.01
78400,9800,963379200,3.6161,,,2.999565e-04,43948,18.01
78450,9806,963993600,3.6603,,,2.999564e-04,44633,18.01
78500,9812,964608000,3.6608,,,2.999564e-04,44688,18.01
78550,9818,965222400,3.6628,,,2.999563e-04,43221,18.01
78600,9825,965836800,3.6862,,,2.999562e-04,43853,18.01
78650,9831,966451200,3.6415,,,2.999562e-04,44754,18.01
78700,9837,967065600,3.6647,,,2.999561e-04,44342,18.01
78750,9843,967680000,3.6531,,,2.999561e-04,44681,18.01
78800,9850,968294400,3.6827,,,2.999560e-04,44186,18.01
78850,9856,968908800,3.6753,,,2.999559e-04,44653,18.01
78900,9862,969523200,3.6662,,,2.999559e-04,44219,18.01
78950,9868,970137600,3.6838,,,2.999558e-04,44574,18.01
79000,9875,970752000,3.6727,,,2.999558e-04,44117,18.01
79050,9881,971366400,3.6513,,,2.999557e-04,43055,18.01
79100,9887,971980800,3.6777,,,2.999556e-04,44202,18.01
79150,9893,972595200,3.6849,,,2.999556e-04,44651,18.01
79200,9900,973209600,3.6466,,,2.999555e-04,44095,18.01
79250,9906,973824000,3.6650,,,2.999555e-04,44590,18.01
79300,9912,974438400,3.6246,,,2.999554e-04,44462,18.01
79350,9918,975052800,3.7249,,,2.999553e-04,44316,18.01
79400,9925,975667200,3.6817,,,2.999553e-04,44148,18.01
79450,9931,976281600,3.6669,,,2.999552e-04,44651,18.01
79500,9937,976896000,3.7014,,,2.999552e-04,44429,18.01
79550,9943,977510400,3.6578,,,2.999551e-04,42925,18.01
79600,9950,978124800,3.6536,,,2.999550e-04,44099,18.01
79650,9956,978739200,3.6885,,,2.999550e-04,44615,18.01
79700,9962,979353600,3.6572,,,2.999549e-04,44573,18.01
79750,9968,979968000,3.6719,,,2.999549e-04,44435,18.01
79800,9975,980582400,3.6658,,,2.999548e-04,43997,18.01
79850,9981,981196800,3.7118,,,2.999547e-04,44772,18.01
79900,9987,981811200,3.6610,,,2.999547e-04,44399,18.01
79950,9993,982425600,3.6588,,,2.999546e-04,44423,18.01
80000,10000,983040000,3.6307,,,2.999546e-04,43919,18.01
80050,10006,983654400,3.6719,,,2.999545e-04,33014,18.01
80100,10012,984268800,3.6866,,,2.999544e-04,44800,18.01
80150,10018,984883200,3.6677,,,2.999544e-04,44620,18.01
80200,10025,985497600,3.6699,,,2.999543e-04,44302,18.01
80250,10031,986112000,3.6855,,,2.999543e-04,44565,18.01
80300,10037,986726400,3.6514,,,2.999542e-04,44471,18.01
80350,10043,987340800,3.6868,,,2.999541e-04,44676,18.01
80400,10050,987955200,3.6477,,,2.999541e-04,44062,18.01
80450,10056,988569600,3.6556,,,2.999540e-04,44697,18.01
80500,10062,989184000,3.6974,,,2.999540e-04,44570,18.01
80550,10068,989798400,3.6522,,,2.999539e-04,43111,18.01
80600,10075,990412800,3.6426,,,2.999538e-04,44215,18.01
80650,10081,991027200,3.6234,,,2.999538e-04,44396,18.01
80700,10087,991641600,3.6559,,,2.999537e-04,44601,18.01
80750,10093,992256000,3.6758,,,2.999537e-04,44540,18.01
80800,10100,992870400,3.6406,,,2.999536e-04,44132,18.01
80850,10106,993484800,3.6226,,,2.999535e-04,44690,18.01
80900,10112,994099200,3.6523,,,2.999535e-04,44486,18.01
80950,10118,994713600,3.6616,,,2.999534e-04,44555,18.01
81000,10125,995328000,3.6618,,,2.999533e-04,43861,18.01
81050,10131,995942400,3.6684,,,2.999533e-04,43129,18.01
81100,10137,996556800,3.6486,,,2.999532e-04,44248,18.01
81150,10143,997171200,3.6376,,,2.999532e-04,44534,18.01
81200,10150,997785600,3.6038,,,2.999531e-04,43963,18.01
81250,10156,998400000,3.7010,,,2.999530e-04,44702,18.01
81300,10162,999014400,3.6621,,,2.999530e-04,44595,18.01
81350,10168,999628800,3.6467,,,2.999529e-04,44442,18.01
81400,10175,1000243200,3.6549,,,2.999528e-04,43991,18.01
81450,10181,1000857600,3.6189,,,2.999528e-04,44361,18.01
81500,10187,1001472000,3.6777,,,2.999527e-04,44350,18.01
81550,10193,1002086400,3.7121,,,2.999527e-04,43053,18.01
81600,10200,1002700800,3.7094,,,2.999526e-04,43925,18.01
81650,10206,1003315200,3.6996,,,2.999525e-04,44776,18.01
81700,10212,1003929600,3.6895,,,2.999525e-04,44576,18.01
81750,10218,1004544000,3.7175,,,2.999524e-04,44699,18.01
81800,10225,1005158400,3.6483,,,2.999524e-04,44079,18.01
81850,10231,1005772800,3.6454,,,2.999523e-04,44662,18.01
81900,10237,1006387200,3.6467,,,2.999522e-04,44477,18.01
81950,10243,1007001600,3.6723,,,2.999522e-04,44514,18.01
82000,10250,1007616000,3.7026,,,2.999521e-04,43790,18.01
82050,10256,1008230400,3.7064,,,2.999520e-04,43207,18.01
82100,10262,1008844800,3.6598,,,2.999520e-04,44651,18.01
82150,10268,1009459200,3.6626,,,2.999519e-04,44592,18.01
82200,10275,1010073600,3.6775,,,2.999519e-04,44026,18.01
82250,10281,1010688000,3.6533,,,2.999518e-04,44586,18.01
82300,10287,1011302400,3.6663,,,2.999517e-04,44283,18.01
82350,10293,1011916800,3.6093,,,2.999517e-04,44551,18.01
82400,10300,1012531200,3.6387,,,2.999516e-04,43939,18.01
82450,10306,1013145600,3.6183,,,2.999515e-04,44474,18.01
82500,10312,1013760000,3.6363,,,2.999515e-04,44470,18.01
82550,10318,1014374400,3.6439,,,2.999514e-04,43227,18.01
82600,10325,1014988800,3.6459,,,2.999514e-04,44228,18.01
82650,10331,1015603200,3.6598,,,2.999513e-04,44407,18.01
82700,10337,1016217600,3.6562,,,2.999512e-04,44389,18.01
82750,10343,1016832000,3.6392,,,2.999512e-04,44673,18.01
82800,10350,1017446400,3.6536,,,2.999511e-04,44044,18.01
82850,10356,1018060800,3.6391,,,2.999510e-04,44211,18.01
82900,10362,1018675200,3.6449,,,2.999510e-04,44534,18.01
82950,10368,1019289600,3.6576,,,2.999509e-04,44536,18.01
83000,10375,1019904000,3.6077,,,2.999509e-04,43751,18.01
83050,10381,1020518400,3.6428,,,2.999508e-04,43210,18.01
83100,10387,1021132800,3.6911,,,2.999507e-04,44560,18.01
83150,10393,1021747200,3.6878,,,2.999507e-04,44426,18.01
83200,10400,1022361600,3.6197,,,2.999506e-04,44141,18.01
83250,10406,1022976000,3.6504,,,2.999505e-04,44423,18.01
83300,10412,1023590400,3.6660,,,2.999505e-04,44513,18.01
83350,10418,1024204800,3.6549,,,2.999504e-04,44355,18.01
83400,10425,1024819200,3.6399,,,2.999504e-04,44102,18.01
83450,10431,1025433600,3.6657,,,2.999503e-04,44400,18.01
83500,10437,1026048000,3.6102,,,2.999502e-04,44623,18.01
83550,10443,1026662400,3.6842,,,2.999502e-04,43316,18.01
83600,10450,1027276800,3.6461,,,2.999501e-04,43903,18.01
83650,10456,1027891200,3.6435,,,2.999500e-04,44545,18.01
83700,10462,1028505600,3.6622,,,2.999500e-04,44669,18.01
83750,10468,1029120000,3.7079,,,2.999499e-04,44627,18.01
83800,10475,1029734400,3.6592,,,2.999498e-04,44109,18.01
83850,10481,1030348800,3.6477,,,2.999498e-04,44543,18.01
83900,10487,1030963200,3.6584,,,2.999497e-04,44307,18.01
83950,10493,1031577600,3.6293,,,2.999497e-04,44656,18.01
84000,10500,1032192000,3.6252,,,2.999496e-04,43894,18.01
84050,10506,1032806400,3.6475,,,2.999495e-04,43143,18.01
84100,10512,1033420800,3.6338,,,2.999495e-04,44674,18.01
84150,10518,1034035200,3.6871,,,2.999494e-04,44433,18.01
84200,10525,1034649600,3.6251,,,2.999493e-04,43841,18.01
84250,10531,1035264000,3.6302,,,2.999493e-04,44686,18.01
84300,10537,1035878400,3.5749,,,2.999492e-04,44522,18.01
84350,10543,1036492800,3.6432,,,2.999492e-04,44723,18.01
84400,10550,1037107200,3.6384,,,2.999491e-04,43945,18.01
84450,10556,1037721600,3.6558,,,2.999490e-04,44559,18.01
84500,10562,1038336000,3.6694,,,2.999490e-04,44643,18.01
84550,10568,1038950400,3.6524,,,2.999489e-04,43009,18.01
84600,10575,1039564800,3.6914,,,2.999488e-04,43974,18.01
84650,10581,1040179200,3.6367,,,2.999488e-04,44620,18.01
84700,10587,1040793600,3.6546,,,2.999487e-04,44665,18.01
84750,10593,1041408000,3.6407,,,2.999486e-04,44647,18.01
84800,10600,1042022400,3.7173,,,2.999486e-04,43955,18.01
84850,10606,1042636800,3.6446,,,2.999485e-04,44377,18.01
84900,10612,1043251200,3.6505,,,2.999484e-04,44704,18.01
84950,10618,1043865600,3.6531,,,2.999484e-04,44522,18.01
85000,10625,1044480000,3.6072,,,2.999483e-04,44103,18.01
85050,10631,1045094400,3.6676,,,2.999483e-04,33226,18.01
85100,10637,1045708800,3.5884,,,2.999482e-04,44793,18.01
85150,10643,1046323200,3.6261,,,2.999481e-04,44606,18.01
85200,10650,1046937600,3.6851,,,2.999481e-04,44199,18.01
85250,10656,1047552000,3.6612,,,2.999480e-04,44606,18.01
85300,10662,1048166400,3.6111,,,2.999479e-04,44653,18.01
85350,10668,1048780800,3.6823,,,2.999479e-04,44695,18.01
85400,10675,1049395200,3.6538,,,2.999478e-04,44013,18.01
85450,10681,1050009600,3.6466,,,2.999477e-04,44593,18.01
85500,10687,1050624000,3.6476,,,2.999477e-04,44689,18.01
85550,10693,1051238400,3.6801,,,2.999476e-04,43149,18.01
85600,10700,1051852800,3.6243,,,2.999475e-04,43942,18.01
85650,10706,1052467200,3.6800,,,2.999475e-04,44833,18.01
85700,10712,1053081600,3.6360,,,2.999474e-04,44545,18.01
85750,10718,1053696000,3.6199,,,2.999473e-04,44448,18.01
85800,10725,1054310400,3.5897,,,2.999473e-04,44181,18.01
85850,10731,1054924800,3.6399,,,2.999472e-04,44414,18.01
85900,10737,1055539200,3.6651,,,2.999472e-04,44628,18.01
85950,10743,1056153600,3.6658,,,2.999471e-04,44511,18.01
86000,10750,1056768000,3.6543,,,2.999470e-04,44014,18.01
86050,10756,1057382400,3.6479,,,2.999470e-04,42983,18.01
86100,10762,1057996800,3.6708,,,2.999469e-04,44460,18.01
86150,10768,1058611200,3.6465,,,2.999468e-04,44732,18.01
86200,10775,1059225600,3.6103,,,2.999468e-04,44029,18.01
86250,10781,1059840000,3.6787,,,2.999467e-04,44583,18.01
86300,10787,1060454400,3.6997,,,2.999466e-04,44260,18.01
86350,10793,1061068800,3.6249,,,2.999466e-04,44455,18.01
86400,10800,1061683200,3.6298,,,2.999465e-04,44213,18.01
86450,10806,1062297600,3.6574,,,2.999464e-04,44666,18.01
86500,10812,1062912000,3.6386,,,2.999464e-04,44355,18.01
86550,10818,1063526400,3.6935,,,2.999463e-04,42894,18.01
86600,10825,1064140800,3.6042,,,2.999462e-04,44027,18.01
86650,10831,1064755200,3.6299,,,2.999462e-04,44697,18.01
86700,10837,1065369600,3.6679,,,2.999461e-04,44573,18.01
86750,10843,1065984000,3.6417,,,2.999460e-04,44348,18.01
86800,10850,1066598400,3.6524,,,2.999460e-04,43897,18.01
86850,10856,1067212800,3.6567,,,2.999459e-04,44662,18.01
86900,10862,1067827200,3.6879,,,2.999458e-04,44678,18.01
86950,10868,1068441600,3.6359,,,2.999458e-04,44485,18.01
87000,10875,1069056000,3.6797,,,2.999457e-04,43794,18.01
87050,10881,1069670400,3.6747,,,2.999456e-04,43083,18.01
87100,10887,1070284800,3.6579,,,2.999456e-04,44617,18.01
87150,10893,1070899200,3.6521,,,2.999455e-04,44576,18.01
87200,10900,1071513600,3.6427,,,2.999454e-04,43967,18.01
87250,10906,1072128000,3.6445,,,2.999454e-04,44434,18.01
87300,10912,1072742400,3.6747,,,2.999453e-04,44552,18.01
87350,10918,1073356800,3.5957,,,2.999452e-04,44611,18.01
87400,10925,1073971200,3.6609,,,2.999452e-04,44030,18.01
87450,10931,1074585600,3.6533,,,2.999451e-04,44738,18.01
87500,10937,1075200000,3.6739,,,2.999450e-04,44541,18.01
87550,10943,1075814400,3.7030,,,2.999450e-04,43189,18.01
87600,10950,1076428800,3.6484,,,2.999449e-04,44107,18.01
87650,10956,1077043200,3.6531,,,2.999448e-04,44667,18.01
87700,10962,1077657600,3.5914,,,2.999448e-04,44453,18.01
87750,10968,1078272000,3.6481,,,2.999447e-04,44427,18.01
87800,10975,1078886400,3.6360,,,2.999446e-04,44086,18.01
87850,10981,1079500800,3.5949,,,2.999446e-04,44543,18.01
87900,10987,1080115200,3.6697,,,2.999445e-04,44491,18.01
87950,10993,1080729600,3.6518,,,2.999444e-04,44494,18.01
88000,11000,1081344000,3.6561,,,2.999444e-04,44121,18.01
88050,11006,1081958400,3.6617,,,2.999443e-04,43215,18.01
88100,11012,1082572800,3.6056,,,2.999442e-04,44685,18.01
88150,11018,1083187200,3.6467,,,2.999442e-04,44416,18.01
88200,11025,1083801600,3.6052,,,2.999441e-04,44117,18.01
88250,11031,1084416000,3.6177,,,2.999440e-04,44726,18.01
88300,11037,1085030400,3.6429,,,2.999440e-04,44524,18.01
88350,11043,1085644800,3.6279,,,2.999439e-04,44537,18.01
88400,11050,1086259200,3.6248,,,2.999438e-04,44153,18.01
88450,11056,1086873600,3.6386,,,2.999438e-04,44502,18.01
88500,11062,1087488000,3.6440,,,2.999437e-04,44558,18.01
88550,11068,1088102400,3.5955,,,2.999436e-04,43155,18.01
88600,11075,1088716800,3.6832,,,2.999436e-04,43995,18.01
88650,11081,1089331200,3.6788,,,2.999435e-04,44593,18.01
88700,11087,1089945600,3.6615,,,2.999434e-04,44341,18.01
88750,11093,1090560000,3.6468,,,2.999434e-04,44475,18.01
88800,11100,1091174400,3.6592,,,2.999433e-04,43928,18.01
88850,11106,1091788800,3.6446,,,2.999432e-04,44721,18.01
88900,11112,1092403200,3.6277,,,2.999432e-04,44319,18.01
88950,11118,1093017600,3.6308,,,2.999431e-04,44792,18.01
89000,11125,1093632000,3.6276,,,2.999430e-04,44009,18.01
89050,11131,1094246400,3.6838,,,2.999430e-04,42848,18.01
89100,11137,1094860800,3.6705,,,2.999429e-04,44828,18.01
89150,11143,1095475200,3.6174,,,2.999428e-04,44784,18.01
89200,11150,1096089600,3.6556,,,2.999428e-04,44050,18.01
89250,11156,1096704000,3.6105,,,2.999427e-04,44383,18.01
89300,11162,1097318400,3.6614,,,2.999426e-04,44746,18.01
89350,11168,1097932800,3.6425,,,2.999426e-04,44668,18.01
89400,11175,1098547200,3.6605,,,2.999425e-04,44069,18.01
89450,11181,1099161600,3.6345,,,2.999424e-04,44720,18.01
89500,11187,1099776000,3.6638,,,2.999424e-04,44242,18.01
89550,11193,1100390400,3.5333,,,2.999423e-04,43141,18.01
89600,11200,1101004800,3.6296,,,2.999422e-04,44051,18.01
89650,11206,1101619200,3.6298,,,2.999421e-04,44614,18.01
89700,11212,1102233600,3.6860,,,2.999421e-04,44499,18.01
89750,11218,1102848000,3.6254,,,2.999420e-04,44538,18.01
89800,11225,1103462400,3.6415,,,2.999419e-04,44169,18.01
89850,11231,1104076800,3.6455,,,2.999419e-04,44569,18.01
89900,11237,1104691200,3.6248,,,2.999418e-04,44658,18.01
89950,11243,1105305600,3.6460,,,2.999417e-04,44825,18.01
90000,11250,1105920000,3.6379,,,2.999417e-04,44115,18.01
90050,11256,1106534400,3.6749,,,2.999416e-04,33457,18.01
90100,11262,1107148800,3.6431,,,2.999415e-04,44633,18.01
90150,11268,1107763200,3.6343,,,2.999415e-04,44582,18.01
90200,11275,1108377600,3.6260,,,2.999414e-04,44102,18.01
90250,11281,1108992000,3.6465,,,2.999413e-04,44631,18.01
90300,11287,1109606400,3.6287,,,2.999413e-04,44740,18.01
90350,11293,1110220800,3.6205,,,2.999412e-04,44783,18.01
90400,11300,1110835200,3.6335,,,2.999411e-04,44121,18.01
90450,11306,1111449600,3.5947,,,2.999411e-04,44415,18.01
90500,11312,1112064000,3.6295,,,2.999410e-04,44589,18.01
90550,11318,1112678400,3.6333,,,2.999409e-04,43264,18.01
90600,11325,1113292800,3.6513,,,2.999408e-04,43771,18.01
90650,11331,1113907200,3.6212,,,2.999408e-04,44602,18.01
90700,11337,1114521600,3.6179,,,2.999407e-04,44651,18.01
90750,11343,1115136000,3.6927,,,2.999406e-04,44553,18.01
90800,11350,1115750400,3.6385,,,2.999406e-04,44025,18.01
90850,11356,1116364800,3.6454,,,2.999405e-04,44797,18.01
90900,11362,1116979200,3.6343,,,2.999404e-04,44778,18.01
90950,11368,1117593600,3.6328,,,2.999404e-04,44422,18.01
91000,11375,1118208000,3.6063,,,2.999403e-04,43959,18.01
91050,11381,1118822400,3.6283,,,2.999402e-04,43342,18.01
91100,11387,1119436800,3.6896,,,2.999402e-04,44565,18.01
91150,11393,1120051200,3.5912,,,2.999401e-04,44632,18.01
91200,11400,1120665600,3.6025,,,2.999400e-04,44148,18.01
91250,11406,1121280000,3.6352,,,2.999399e-04,44617,18.01
91300,11412,1121894400,3.6706,,,2.999399e-04,44778,18.01
91350,11418,1122508800,3.6900,,,2.999398e-04,44501,18.01
91400,11425,1123123200,3.6462,,,2.999397e-04,44081,18.01
91450,11431,1123737600,3.6203,,,2.999397e-04,44539,18.01
91500,11437,1124352000,3.6462,,,2.999396e-04,44687,18.01
91550,11443,1124966400,3.6713,,,2.999395e-04,43125,18.01
91600,11450,1125580800,3.6455,,,2.999395e-04,44005,18.01
91650,11456,1126195200,3.6336,,,2.999394e-04,44601,18.01
91700,11462,1126809600,3.6600,,,2.999393e-04,44655,18.01
91750,11468,1127424000,3.5846,,,2.999393e-04,44420,18.01
91800,11475,1128038400,3.6028,,,2.999392e-04,44216,18.01
91850,11481,1128652800,3.6607,,,2.999391e-04,44769,18.01
91900,11487,1129267200,3.6544,,,2.999390e-04,44791,18.01
91950,11493,1129881600,3.5554,,,2.999390e-04,44491,18.01
92000,11500,1130496000,3.6903,,,2.999389e-04,43957,18.01
92050,11506,1131110400,3.6388,,,2.999388e-04,43264,18.01
92100,11512,1131724800,3.6065,,,2.999388e-04,44632,18.01
92150,11518,1132339200,3.6016,,,2.999387e-04,44544,18.01
92200,11525,1132953600,3.5981,,,2.999386e-04,44241,18.01
92250,11531,1133568000,3.6449,,,2.999385e-04,44656,18.01
92300,11537,1134182400,3.6123,,,2.999385e-04,44640,18.01
92350,11543,1134796800,3.6245,,,2.999384e-04,44491,18.01
92400,11550,1135411200,3.6275,,,2.999383e-04,44031,18.01
92450,11556,1136025600,3.6445,,,2.999383e-04,44754,18.01
92500,11562,1136640000,3.6054,,,2.999382e-04,44669,18.01
92550,11568,1137254400,3.6418,,,2.999381e-04,43048,18.01
92600,11575,1137868800,3.6336,,,2.999381e-04,43972,18.01
92650,11581,1138483200,3.6727,,,2.999380e-04,44748,18.01
92700,11587,1139097600,3.6244,,,2.999379e-04,44516,18.01
92750,11593,1139712000,3.6001,,,2.999378e-04,44772,18.01
92800,11600,1140326400,3.6033,,,2.999378e-04,43995,18.01
92850,11606,1140940800,3.6190,,,2.999377e-04,44702,18.01
92900,11612,1141555200,3.6233,,,2.999376e-04,44602,18.01
92950,11618,1142169600,3.6022,,,2.999376e-04,44781,18.01
93000,11625,1142784000,3.6232,,,2.999375e-04,44141,18.01
93050,11631,1143398400,3.6232,,,2.999374e-04,43053,18.01
93100,11637,1144012800,3.5921,,,2.999374e-04,44689,18.01
93150,11643,1144627200,3.6331,,,2.999373e-04,44627,18.01
93200,11650,1145241600,3.6522,,,2.999372e-04,44100,18.01
93250,11656,1145856000,3.6116,,,2.999371e-04,44720,18.01
93300,11662,1146470400,3.6248,,,2.999371e-04,44735,18.01
93350,11668,1147084800,3.6051,,,2.999370e-04,44623,18.01
93400,11675,1147699200,3.6567,,,2.999369e-04,44117,18.01
93450,11681,1148313600,3.5783,,,2.999369e-04,44558,18.01
93500,11687,1148928000,3.6181,,,2.999368e-04,44482,18.01
93550,11693,1149542400,3.6784,,,2.999367e-04,43170,18.01
93600,11700,1150156800,3.6172,,,2.999366e-04,44061,18.01
93650,11706,1150771200,3.6283,,,2.999366e-04,44736,18.01
93700,11712,1151385600,3.5869,,,2.999365e-04,44582,18.01
93750,11718,1152000000,3.6821,,,2.999364e-04,44610,18.01
93800,11725,1152614400,3.6203,,,2.999363e-04,44163,18.01
93850,11731,1153228800,3.6043,,,2.999363e-04,44570,18.01
93900,11737,1153843200,3.5991,,,2.999362e-04,44541,18.01
93950,11743,1154457600,3.6408,,,2.999361e-04,44537,18.01
94000,11750,1155072000,3.5731,,,2.999361e-04,44038,18.01
94050,11756,1155686400,3.6576,,,2.999360e-04,43247,18.01
94100,11762,1156300800,3.6482,,,2.999359e-04,44632,18.01
94150,11768,1156915200,3.6195,,,2.999359e-04,44713,18.01
94200,11775,1157529600,3.6013,,,2.999358e-04,43997,18.01
94250,11781,1158144000,3.5836,,,2.999357e-04,44806,18.01
94300,11787,1158758400,3.6201,,,2.999356e-04,44840,18.01
94350,11793,1159372800,3.6272,,,2.999356e-04,44527,18.01
94400,11800,1159987200,3.6272,,,2.999355e-04,44215,18.01
94450,11806,1160601600,3.6038,,,2.999354e-04,44627,18.01
94500,11812,1161216000,3.6063,,,2.999353e-04,44821,18.01
94550,11818,1161830400,3.6461,,,2.999353e-04,43186,18.01
94600,11825,1162444800,3.5790,,,2.999352e-04,44129,18.01
94650,11831,1163059200,3.6465,,,2.999351e-04,44642,18.01
94700,11837,1163673600,3.6430,,,2.999351e-04,44744,18.01
94750,11843,1164288000,3.6167,,,2.999350e-04,44542,18.01
94800,11850,1164902400,3.6396,,,2.999349e-04,43968,18.01
94850,11856,1165516800,3.5916,,,2.999348e-04,44599,18.01
94900,11862,1166131200,3.6088,,,2.999348e-04,44793,18.01
94950,11868,1166745600,3.6502,,,2.999347e-04,44634,18.01
95000,11875,1167360000,3.5669,,,2.999346e-04,44144,18.01
95050,11881,1167974400,3.6473,,,2.999346e-04,33518,18.01
95100,11887,1168588800,3.6658,,,2.999345e-04,44545,18.01
95150,11893,1169203200,3.6285,,,2.999344e-04,44465,18.01
95200,11900,1169817600,3.6453,,,2.999343e-04,44146,18.01
95250,11906,1170432000,3.6334,,,2.999343e-04,44752,18.01
95300,11912,1171046400,3.6261,,,2.999342e-04,44596,18.01
95350,11918,1171660800,3.6252,,,2.999341e-04,44583,18.01
95400,11925,1172275200,3.6088,,,2.999340e-04,44146,18.01
95450,11931,1172889600,3.5750,,,2.999340e-04,44789,18.01
95500,11937,1173504000,3.6006,,,2.999339e-04,44775,18.01
95550,11943,1174118400,3.5883,,,2.999338e-04,43216,18.01
95600,11950,1174732800,3.6647,,,2.999337e-04,44234,18.01
95650,11956,1175347200,3.6451,,,2.999337e-04,44681,18.01
95700,11962,1175961600,3.6037,,,2.999336e-04,44728,18.01
95750,11968,1176576000,3.6401,,,2.999335e-04,44724,18.01
95800,11975,1177190400,3.5965,,,2.999335e-04,44107,18.01
95850,11981,1177804800,3.6049,,,2.999334e-04,44178,18.01
95900,11987,1178419200,3.5954,,,2.999333e-04,44785,18.01
95950,11993,1179033600,3.6309,,,2.999332e-04,44477,18.01
96000,12000,1179648000,3.6077,,,2.999332e-04,44272,18.01
96050,12006,1180262400,3.6231,,,2.999331e-04,43238,18.01
96100,12012,1180876800,3.6283,,,2.999330e-04,44693,18.01
96150,12018,1181491200,3.6303,,,2.999330e-04,44718,18.01
96200,12025,1182105600,3.6243,,,2.999329e-04,44112,18.01
96250,12031,1182720000,3.5782,,,2.999328e-04,44720,18.01
96300,12037,1183334400,3.6662,,,2.999327e-04,44421,18.01
96350,12043,1183948800,3.6095,,,2.999327e-04,44475,18.01
96400,12050,1184563200,3.5858,,,2.999326e-04,44050,18.01
96450,12056,1185177600,3.6135,,,2.999325e-04,44920,18.01
96500,12062,1185792000,3.6096,,,2.999324e-04,44754,18.01
96550,12068,1186406400,3.6358,,,2.999324e-04,43066,18.01
96600,12075,1187020800,3.6044,,,2.999323e-04,44240,18.01
96650,12081,1187635200,3.6355,,,2.999322e-04,44484,18.01
96700,12087,1188249600,3.6451,,,2.999321e-04,44549,18.01
96750,12093,1188864000,3.6454,,,2.999321e-04,44752,18.01
96800,12100,1189478400,3.6142,,,2.999320e-04,44118,18.01
96850,12106,1190092800,3.5660,,,2.999319e-04,44691,18.01
96900,12112,1190707200,3.6180,,,2.999318e-04,44803,18.01
96950,12118,1191321600,3.6333,,,2.999318e-04,44520,18.01
97000,12125,1191936000,3.6537,,,2.999317e-04,44108,18.01
97050,12131,1192550400,3.6235,,,2.999316e-04,43094,18.01
97100,12137,1193164800,3.6425,,,2.999315e-04,44695,18.01
97150,12143,1193779200,3.6569,,,2.999315e-04,44733,18.01
97200,12150,1194393600,3.5846,,,2.999314e-04,43877,18.01
97250,12156,1195008000,3.6259,,,2.999313e-04,44823,18.01
97300,12162,1195622400,3.6628,,,2.999313e-04,44291,18.01
97350,12168,1196236800,3.6169,,,2.999312e-04,44754,18.01
97400,12175,1196851200,3.6661,,,2.999311e-04,44050,18.01
97450,12181,1197465600,3.6276,,,2.999310e-04,44805,18.01
97500,12187,1198080000,3.6292,,,2.999310e-04,44679,18.01
97550,12193,1198694400,3.6445,,,2.999309e-04,43164,18.01
97600,12200,1199308800,3.6478,,,2.999308e-04,44240,18.01
97650,12206,1199923200,3.6309,,,2.999307e-04,44622,18.01
97700,12212,1200537600,3.6301,,,2.999307e-04,44513,18.01
97750,12218,1201152000,3.5936,,,2.999306e-04,44756,18.01
97800,12225,1201766400,3.5800,,,2.999305e-04,44143,18.01
97850,12231,1202380800,3.6507,,,2.999304e-04,44756,18.01
97900,12237,1202995200,3.6197,,,2.999304e-04,44732,18.01
97950,12243,1203609600,3.6024,,,2.999303e-04,44521,18.01
98000,12250,1204224000,3.5710,,,2.999302e-04,44138,18.01
98050,12256,1204838400,3.6437,,,2.999301e-04,43328,18.01
98100,12262,1205452800,3.6294,,,2.999301e-04,44574,18.01
98150,12268,1206067200,3.6694,,,2.999300e-04,44691,18.01
98200,12275,1206681600,3.5957,,,2.999299e-04,43994,18.01
98250,12281,1207296000,3.6435,,,2.999298e-04,44780,18.01
98300,12287,1207910400,3.5694,,,2.999298e-04,44784,18.01
98350,12293,1208524800,3.5872,,,2.999297e-04,44384,18.01
98400,12300,1209139200,3.6399,,,2.999296e-04,44203,18.01
98450,12306,1209753600,3.6003,,,2.999295e-04,44652,18.01
98500,12312,1210368000,3.6119,,,2.999295e-04,44846,18.01
98550,12318,1210982400,3.6367,,,2.999294e-04,42921,18.01
98600,12325,1211596800,3.5960,,,2.999293e-04,44229,18.01
98650,12331,1212211200,3.5718,,,2.999292e-04,44695,18.01
98700,12337,1212825600,3.6076,,,2.999292e-04,44586,18.01
98750,12343,1213440000,3.5905,,,2.999291e-04,44631,18.01
98800,12350,1214054400,3.6347,,,2.999290e-04,44181,18.01
98850,12356,1214668800,3.6488,,,2.999289e-04,44587,18.01
98900,12362,1215283200,3.6151,,,2.999289e-04,44550,18.01
98950,12368,1215897600,3.6121,,,2.999288e-04,44520,18.01
99000,12375,1216512000,3.6369,,,2.999287e-04,44135,18.01
99050,12381,1217126400,3.6381,,,2.999286e-04,43258,18.01
99100,12387,1217740800,3.6170,,,2.999285e-04,44585,18.01
99150,12393,1218355200,3.5989,,,2.999285e-04,44637,18.01
99200,12400,1218969600,3.6234,,,2.999284e-04,44128,18.01
99250,12406,1219584000,3.6507,,,2.999283e-04,44592,18.01
99300,12412,1220198400,3.6027,,,2.999282e-04,44562,18.01
99350,12418,1220812800,3.6307,,,2.999282e-04,44763,18.01
99400,12425,1221427200,3.5873,,,2.999281e-04,44015,18.01
99450,12431,1222041600,3.6075,,,2.999280e-04,44824,18.01
99500,12437,1222656000,3.6275,,,2.999279e-04,44747,18.01
99550,12443,1223270400,3.6081,,,2.999279e-04,43226,18.01
99600,12450,1223884800,3.5763,,,2.999278e-04,44112,18.01
99650,12456,1224499200,3.6127,,,2.999277e-04,44650,18.01
99700,12462,1225113600,3.6666,,,2.999276e-04,44780,18.01
99750,12468,1225728000,3.6271,,,2.999276e-04,44445,18.01
99800,12475,1226342400,3.6179,,,2.999275e-04,44154,18.01
99850,12481,1226956800,3.5960,,,2.999274e-04,44859,18.01
99900,12487,1227571200,3.5982,,,2.999273e-04,44673,18.01
99950,12493,1228185600,3.6253,,,2.999273e-04,44747,18.01
100000,12500,1228800000,3.5781,,,2.999272e-04,43858,18.01
100050,12506,1229414400,3.6383,,,2.999271e-04,33198,18.01
100100,12512,1230028800,3.6291,,,2.999270e-04,44304,18.01
100150,12518,1230643200,3.6192,,,2.999270e-04,44663,18.01
100200,12525,1231257600,3.6504,,,2.999269e-04,44002,18.01
100250,12531,1231872000,3.5937,,,2.999268e-04,44810,18.01
100300,12537,1232486400,3.5881,,,2.999267e-04,44673,18.01
100350,12543,1233100800,3.6507,,,2.999266e-04,44758,18.01
100400,12550,1233715200,3.6048,,,2.999266e-04,44183,18.01
100450,12556,1234329600,3.6673,,,2.999265e-04,44775,18.01
100500,12562,1234944000,3.6305,,,2.999264e-04,44841,18.01
100550,12568,1235558400,3.6140,,,2.999263e-04,43275,18.01
100600,12575,1236172800,3.6431,,,2.999263e-04,43810,18.01
100650,12581,1236787200,3.6222,,,2.999262e-04,44572,18.01
100700,12587,1237401600,3.6295,,,2.999261e-04,44705,18.01
100750,12593,1238016000,3.6001,,,2.999260e-04,44701,18.01
100800,12600,1238630400,3.6387,,,2.999259e-04,44129,18.01
100850,12606,1239244800,3.6101,,,2.999259e-04,44655,18.01
100900,12612,1239859200,3.6529,,,2.999258e-04,44573,18.01
100950,12618,1240473600,3.5979,,,2.999257e-04,44655,18.01
101000,12625,1241088000,3.5997,,,2.999256e-04,44323,18.01
101050,12631,1241702400,3.6169,,,2.999256e-04,43277,18.01
101100,12637,1242316800,3.6241,,,2.999255e-04,44565,18.01
101150,12643,1242931200,3.6009,,,2.999254e-04,44625,18.01
101200,12650,1243545600,3.6158,,,2.999253e-04,44094,18.01
101250,12656,1244160000,3.6016,,,2.999253e-04,44462,18.01
101300,12662,1244774400,3.6350,,,2.999252e-04,44484,18.01
101350,12668,1245388800,3.6497,,,2.999251e-04,44599,18.01
101400,12675,1246003200,3.6113,,,2.999250e-04,44023,18.01
101450,12681,1246617600,3.6253,,,2.999249e-04,44648,18.01
101500,12687,1247232000,3.5955,,,2.999249e-04,44682,18.01
101550,12693,1247846400,3.6312,,,2.999248e-04,43176,18.01
101600,12700,1248460800,3.5903,,,2.999247e-04,44071,18.01
101650,12706,1249075200,3.5844,,,2.999246e-04,44503,18.01
101700,12712,1249689600,3.6077,,,2.999246e-04,44375,18.01
101750,12718,1250304000,3.5852,,,2.999245e-04,44768,18.01
101800,12725,1250918400,3.5642,,,2.999244e-04,44278,18.01
101850,12731,1251532800,3.5967,,,2.999243e-04,44779,18.01
101900,12737,1252147200,3.6502,,,2.999242e-04,44542,18.01
101950,12743,1252761600,3.6298,,,2.999242e-04,44626,18.01
102000,12750,1253376000,3.6013,,,2.999241e-04,44211,18.01
102050,12756,1253990400,3.6083,,,2.999240e-04,43187,18.01
102100,12762,1254604800,3.5980,,,2.999239e-04,44680,18.01
102150,12768,1255219200,3.6077,,,2.999239e-04,44827,18.01
102200,12775,1255833600,3.6238,,,2.999238e-04,44060,18.01
102250,12781,1256448000,3.6421,,,2.999237e-04,44702,18.01
102300,12787,1257062400,3.5666,,,2.999236e-04,44602,18.01
102350,12793,1257676800,3.6060,,,2.999235e-04,44568,18.01
102400,12800,1258291200,3.6781,,,2.999235e-04,44021,18.01
102450,12806,1258905600,3.6665,,,2.999234e-04,44577,18.01
102500,12812,1259520000,3.5911,,,2.999233e-04,44706,18.01
102550,12818,1260134400,3.6040,,,2.999232e-04,43233,18.01
102600,12825,1260748800,3.6012,,,2.999231e-04,44187,18.01
102650,12831,1261363200,3.5777,,,2.999231e-04,44786,18.01
102700,12837,1261977600,3.6836,,,2.999230e-04,44786,18.01
102750,12843,1262592000,3.5715,,,2.999229e-04,44592,18.01
102800,12850,1263206400,3.6288,,,2.999228e-04,43973,18.01
102850,12856,1263820800,3.6207,,,2.999227e-04,44734,18.01
102900,12862,1264435200,3.6062,,,2.999227e-04,44746,18.01
102950,12868,1265049600,3.6136,,,2.999226e-04,44753,18.01
103000,12875,1265664000,3.6666,,,2.999225e-04,44191,18.01
103050,12881,1266278400,3.6233,,,2.999224e-04,43206,18.01
103100,12887,1266892800,3.5906,,,2.999224e-04,44639,18.01
103150,12893,1267507200,3.5887,,,2.999223e-04,44736,18.01
103200,12900,1268121600,3.6025,,,2.999222e-04,43995,18.01
103250,12906,1268736000,3.6144,,,2.999221e-04,44780,18.01
103300,12912,1269350400,3.6250,,,2.999220e-04,44481,18.01
103350,12918,1269964800,3.6006,,,2.999220e-04,44462,18.01
103400,12925,1270579200,3.5943,,,2.999219e-04,43959,18.01
103450,12931,1271193600,3.5631,,,2.999218e-04,44698,18.01
103500,12937,1271808000,3.6345,,,2.999217e-04,44520,18.01
103550,12943,1272422400,3.6072,,,2.999216e-04,43317,18.01
103600,12950,1273036800,3.6062,,,2.999216e-04,44065,18.01
103650,12956,1273651200,3.6494,,,2.999215e-04,44485,18.01
103700,12962,1274265600,3.5913,,,2.999214e-04,44645,18.01
103750,12968,1274880000,3.6045,,,2.999213e-04,44747,18.01
103800,12975,1275494400,3.6141,,,2.999212e-04,43983,18.01
103850,12981,1276108800,3.5926,,,2.999212e-04,44702,18.01
103900,12987,1276723200,3.5728,,,2.999211e-04,44577,18.01
103950,12993,1277337600,3.5726,,,2.999210e-04,44599,18.01
104000,13000,1277952000,3.6337,,,2.999209e-04,44012,18.01
104050,13006,1278566400,3.6160,,,2.999208e-04,43370,18.01
104100,13012,1279180800,3.6160,,,2.999208e-04,44706,18.01
104150,13018,1279795200,3.5537,,,2.999207e-04,44781,18.01
104200,13025,1280409600,3.5793,,,2.999206e-04,44181,18.01
104250,13031,1281024000,3.5970,,,2.999205e-04,44571,18.01
104300,13037,1281638400,3.6164,,,2.999205e-04,44553,18.01
104350,13043,1282252800,3.5981,,,2.999204e-04,44731,18.01
104400,13050,1282867200,3.5720,,,2.999203e-04,44181,18.01
104450,13056,1283481600,3.5329,,,2.999202e-04,44543,18.01
104500,13062,1284096000,3.5560,,,2.999201e-04,44426,18.01
104550,13068,1284710400,3.6245,,,2.999201e-04,43242,18.01
104600,13075,1285324800,3.5963,,,2.999200e-04,44245,18.01
104650,13081,1285939200,3.5983,,,2.999199e-04,44769,18.01
104700,13087,1286553600,3.6115,,,2.999198e-04,44809,18.01
104750,13093,1287168000,3.6220,,,2.999197e-04,44608,18.01
104800,13100,1287782400,3.5826,,,2.999196e-04,44114,18.01
104850,13106,1288396800,3.5941,,,2.999196e-04,44673,18.01
104900,13112,1289011200,3.5946,,,2.999195e-04,44422,18.01
104950,13118,1289625600,3.5932,,,2.999194e-04,44544,18.01
105000,13125,1290240000,3.5529,,,2.999193e-04,44080,18.01
105050,13131,1290854400,3.6149,,,2.999192e-04,33204,18.01
105100,13137,1291468800,3.5371,,,2.999192e-04,44463,18.01
105150,13143,1292083200,3.6061,,,2.999191e-04,44763,18.01
105200,13150,1292697600,3.5808,,,2.999190e-04,44303,18.01
105250,13156,1293312000,3.6087,,,2.999189e-04,44854,18.01
105300,13162,1293926400,3.5748,,,2.999188e-04,44631,18.01
105350,13168,1294540800,3.6027,,,2.999188e-04,44793,18.01
105400,13175,1295155200,3.6235,,,2.999187e-04,44282,18.01
105450,13181,1295769600,3.5780,,,2.999186e-04,44880,18.01
105500,13187,1296384000,3.5648,,,2.999185e-04,44653,18.01
105550,13193,1296998400,3.5725,,,2.999184e-04,43253,18.01
105600,13200,1297612800,3.6116,,,2.999184e-04,44153,18.01
105650,13206,1298227200,3.5864,,,2.999183e-04,44796,18.01
105700,13212,1298841600,3.5873,,,2.999182e-04,44789,18.01
105750,13218,1299456000,3.5889,,,2.999181e-04,44837,18.01
105800,13225,1300070400,3.6014,,,2.999180e-04,44091,18.01
105850,13231,1300684800,3.5838,,,2.999180e-04,44653,18.01
105900,13237,1301299200,3.5875,,,2.999179e-04,44637,18.01
105950,13243,1301913600,3.5770,,,2.999178e-04,44846,18.01
106000,13250,1302528000,3.6383,,,2.999177e-04,44218,18.01
106050,13256,1303142400,3.5992,,,2.999176e-04,43236,18.01
106100,13262,1303756800,3.5864,,,2.999175e-04,44642,18.01
106150,13268,1304371200,3.5815,,,2.999175e-04,44803,18.01
106200,13275,1304985600,3.6055,,,2.999174e-04,44288,18.01
106250,13281,1305600000,3.5884,,,2.999173e-04,44837,18.01
106300,13287,1306214400,3.5948,,,2.999172e-04,44831,18.01
106350,13293,1306828800,3.5811,,,2.999171e-04,44728,18.01
106400,13300,1307443200,3.6052,,,2.999171e-04,43973,18.01
106450,13306,1308057600,3.5923,,,2.999170e-04,44788,18.01
106500,13312,1308672000,3.6181,,,2.999169e-04,44539,18.01
106550,13318,1309286400,3.6019,,,2.999168e-04,43037,18.01
106600,13325,1309900800,3.5565,,,2.999167e-04,44044,18.01
106650,13331,1310515200,3.5684,,,2.999166e-04,44858,18.01
106700,13337,1311129600,3.6171,,,2.999166e-04,44546,18.01
106750,13343,1311744000,3.5716,,,2.999165e-04,44658,18.01
106800,13350,1312358400,3.6009,,,2.999164e-04,44123,18.01
106850,13356,1312972800,3.5974,,,2.999163e-04,44615,18.01
106900,13362,1313587200,3.5454,,,2.999162e-04,44804,18.01
106950,13368,1314201600,3.6083,,,2.999162e-04,44797,18.01
107000,13375,1314816000,3.5778,,,2.999161e-04,44267,18.01
107050,13381,1315430400,3.5956,,,2.999160e-04,43362,18.01
107100,13387,1316044800,3.6189,,,2.999159e-04,44731,18.01
107150,13393,1316659200,3.6231,,,2.999158e-04,44704,18.01
107200,13400,1317273600,3.5958,,,2.999157e-04,44284,18.01
107250,13406,1317888000,3.5706,,,2.999157e-04,44848,18.01
107300,13412,1318502400,3.5940,,,2.999156e-04,44454,18.01
107350,13418,1319116800,3.6377,,,2.999155e-04,44852,18.01
107400,13425,1319731200,3.5811,,,2.999154e-04,44186,18.01
107450,13431,1320345600,3.6032,,,2.999153e-04,44795,18.01
107500,13437,1320960000,3.5803,,,2.999153e-04,44853,18.01
107550,13443,1321574400,3.6113,,,2.999152e-04,43326,18.01
107600,13450,1322188800,3.6108,,,2.999151e-04,44107,18.01
107650,13456,1322803200,3.6012,,,2.999150e-04,44743,18.01
107700,13462,1323417600,3.5727,,,2.999149e-04,44642,18.01
107750,13468,1324032000,3.6789,,,2.999148e-04,44782,18.01
107800,13475,1324646400,3.5791,,,2.999148e-04,44183,18.01
107850,13481,1325260800,3.6048,,,2.999147e-04,44595,18.01
107900,13487,1325875200,3.6318,,,2.999146e-04,44822,18.01
107950,13493,1326489600,3.6072,,,2.999145e-04,44845,18.01
108000,13500,1327104000,3.6019,,,2.999144e-04,44333,18.01
108050,13506,1327718400,3.5878,,,2.999143e-04,43291,18.01
108100,13512,1328332800,3.6458,,,2.999143e-04,44686,18.01
108150,13518,1328947200,3.6038,,,2.999142e-04,44654,18.01
108200,13525,1329561600,3.5789,,,2.999141e-04,44289,18.01
108250,13531,1330176000,3.6115,,,2.999140e-04,44724,18.01
108300,13537,1330790400,3.5727,,,2.999139e-04,44770,18.01
108350,13543,1331404800,3.5667,,,2.999138e-04,44495,18.01
108400,13550,1332019200,3.5762,,,2.999138e-04,44058,18.01
108450,13556,1332633600,3.5849,,,2.999137e-04,44844,18.01
108500,13562,1333248000,3.6323,,,2.999136e-04,44638,18.01
108550,13568,1333862400,3.5865,,,2.999135e-04,43349,18.01
108600,13575,1334476800,3.6153,,,2.999134e-04,44145,18.01
108650,13581,1335091200,3.6243,,,2.999133e-04,44820,18.01
108700,13587,1335705600,3.5900,,,2.999133e-04,44824,18.01
108750,13593,1336320000,3.6180,,,2.999132e-04,44588,18.01
108800,13600,1336934400,3.5404,,,2.999131e-04,44159,18.01
108850,13606,1337548800,3.5438,,,2.999130e-04,44953,18.01
108900,13612,1338163200,3.5895,,,2.999129e-04,44802,18.01
108950,13618,1338777600,3.5925,,,2.999128e-04,44668,18.01
109000,13625,1339392000,3.6000,,,2.999128e-04,44170,18.01
109050,13631,1340006400,3.6021,,,2.999127e-04,43268,18.01
109100,13637,1340620800,3.5760,,,2.999126e-04,44808,18.01
109150,13643,1341235200,3.6086,,,2.999125e-04,44839,18.01
109200,13650,1341849600,3.6291,,,2.999124e-04,44357,18.01
109250,13656,1342464000,3.6125,,,2.999123e-04,44780,18.01
109300,13662,1343078400,3.5996,,,2.999123e-04,44598,18.01
109350,13668,1343692800,3.5552,,,2.999122e-04,44762,18.01
109400,13675,1344307200,3.5334,,,2.999121e-04,44299,18.01
109450,13681,1344921600,3.5891,,,2.999120e-04,44848,18.01
109500,13687,1345536000,3.6066,,,2.999119e-04,44676,18.01
109550,13693,1346150400,3.5903,,,2.999118e-04,43202,18.01
109600,13700,1346764800,3.5855,,,2.999117e-04,44030,18.01
109650,13706,1347379200,3.5835,,,2.999117e-04,44585,18.01
109700,13712,1347993600,3.5686,,,2.999116e-04,44799,18.01
109750,13718,1348608000,3.6163,,,2.999115e-04,44703,18.01
109800,13725,1349222400,3.6513,,,2.999114e-04,44112,18.01
109850,13731,1349836800,3.5813,,,2.999113e-04,44920,18.01
109900,13737,1350451200,3.6070,,,2.999112e-04,44713,18.01
109950,13743,1351065600,3.5906,,,2.999112e-04,44864,18.01
110000,13750,1351680000,3.5872,,,2.999111e-04,44301,18.01
110050,13756,1352294400,3.6276,,,2.999110e-04,33050,18.01
110100,13762,1352908800,3.5191,,,2.999109e-04,44856,18.01
110150,13768,1353523200,3.5799,,,2.999108e-04,44588,18.01
110200,13775,1354137600,3.6438,,,2.999107e-04,44283,18.01
110250,13781,1354752000,3.5867,,,2.999107e-04,44801,18.01
110300,13787,1355366400,3.6224,,,2.999106e-04,44652,18.01
110350,13793,1355980800,3.5514,,,2.999105e-04,44856,18.01
110400,13800,1356595200,3.5896,,,2.999104e-04,44133,18.01
110450,13806,1357209600,3.6344,,,2.999103e-04,44670,18.01
110500,13812,1357824000,3.6242,,,2.999102e-04,44787,18.01
110550,13818,1358438400,3.5684,,,2.999101e-04,43248,18.01
110600,13825,1359052800,3.5645,,,2.999101e-04,44313,18.01
110650,13831,1359667200,3.5854,,,2.999100e-04,44656,18.01
110700,13837,1360281600,3.6025,,,2.999099e-04,44855,18.01
110750,13843,1360896000,3.6519,,,2.999098e-04,44815,18.01
110800,13850,1361510400,3.5834,,,2.999097e-04,44269,18.01
110850,13856,1362124800,3.6042,,,2.999096e-04,44849,18.01
110900,13862,1362739200,3.5691,,,2.999095e-04,44710,18.01
110950,13868,1363353600,3.5895,,,2.999095e-04,44768,18.01
111000,13875,1363968000,3.5576,,,2.999094e-04,44157,18.01
111050,13881,1364582400,3.5635,,,2.999093e-04,43257,18.01
111100,13887,1365196800,3.5912,,,2.999092e-04,44715,18.01
111150,13893,1365811200,3.6074,,,2.999091e-04,44760,18.01
111200,13900,1366425600,3.6029,,,2.999090e-04,44237,18.01
111250,13906,1367040000,3.5853,,,2.999089e-04,44658,18.01
111300,13912,1367654400,3.6267,,,2.999089e-04,44830,18.01
111350,13918,1368268800,3.5819,,,2.999088e-04,44452,18.01
111400,13925,1368883200,3.5939,,,2.999087e-04,44321,18.01
111450,13931,1369497600,3.6191,,,2.999086e-04,44644,18.01
111500,13937,1370112000,3.5702,,,2.999085e-04,44756,18.01
111550,13943,1370726400,3.5807,,,2.999084e-04,43436,18.01
111600,13950,1371340800,3.5972,,,2.999083e-04,44260,18.01
111650,13956,1371955200,3.5882,,,2.999083e-04,44764,18.01
111700,13962,1372569600,3.5805,,,2.999082e-04,44803,18.01
111750,13968,1373184000,3.5524,,,2.999081e-04,44617,18.01
111800,13975,1373798400,3.5856,,,2.999080e-04,44134,18.01
111850,13981,1374412800,3.6084,,,2.999079e-04,44800,18.01
111900,13987,1375027200,3.5619,,,2.999078e-04,44427,18.01
111950,13993,1375641600,3.5680,,,2.999078e-04,44604,18.01
112000,14000,1376256000,3.5810,,,2.999077e-04,43967,18.01
112050,14006,1376870400,3.6379,,,2.999076e-04,43212,18.01
112100,14012,1377484800,3.5896,,,2.999075e-04,44711,18.01
112150,14018,1378099200,3.5254,,,2.999074e-04,44241,18.01
112200,14025,1378713600,3.6096,,,2.999073e-04,43956,18.01
112250,14031,1379328000,3.5667,,,2.999072e-04,44588,18.01
112300,14037,1379942400,3.5966,,,2.999071e-04,44672,18.01
112350,14043,1380556800,3.6254,,,2.999071e-04,44597,18.01
112400,14050,1381171200,3.5958,,,2.999070e-04,44108,18.01
112450,14056,1381785600,3.6237,,,2.999069e-04,44751,18.01
112500,14062,1382400000,3.6093,,,2.999068e-04,44569,18.01
112550,14068,1383014400,3.6164,,,2.999067e-04,42837,18.01
112600,14075,1383628800,3.5361,,,2.999066e-04,44152,18.01
112650,14081,1384243200,3.5840,,,2.999065e-04,44590,18.01
112700,14087,1384857600,3.5803,,,2.999065e-04,44428,18.01
112750,14093,1385472000,3.5966,,,2.999064e-04,44686,18.01
112800,14100,1386086400,3.5534,,,2.999063e-04,43936,18.01
112850,14106,1386700800,3.5949,,,2.999062e-04,44561,18.01
112900,14112,1387315200,3.6222,,,2.999061e-04,44433,18.01
112950,14118,1387929600,3.5671,,,2.999060e-04,44426,18.01
113000,14125,1388544000,3.5794,,,2.999059e-04,44154,18.01
113050,14131,1389158400,3.6038,,,2.999058e-04,43259,18.01
113100,14137,1389772800,3.5636,,,2.999058e-04,44550,18.01
113150,14143,1390387200,3.6009,,,2.999057e-04,44473,18.01
113200,14150,1391001600,3.6214,,,2.999056e-04,43878,18.01
113250,14156,1391616000,3.5562,,,2.999055e-04,44378,18.01
113300,14162,1392230400,3.5899,,,2.999054e-04,44537,18.01
113350,14168,1392844800,3.6036,,,2.999053e-04,44309,18.01
113400,14175,1393459200,3.6539,,,2.999052e-04,43919,18.01
113450,14181,1394073600,3.5368,,,2.999051e-04,44376,18.01
113500,14187,1394688000,3.6034,,,2.999051e-04,44056,18.01
113550,14193,1395302400,3.5518,,,2.999050e-04,43174,18.01
113600,14200,1395916800,3.5634,,,2.999049e-04,44228,18.01
113650,14206,1396531200,3.5639,,,2.999048e-04,44508,18.01
113700,14212,1397145600,3.6178,,,2.999047e-04,44451,18.01
113750,14218,1397760000,3.6005,,,2.999046e-04,44601,18.01
113800,14225,1398374400,3.5507,,,2.999045e-04,43484,18.01
113850,14231,1398988800,3.5780,,,2.999044e-04,44433,18.01
113900,14237,1399603200,3.5675,,,2.999044e-04,44363,18.01
113950,14243,1400217600,3.5913,,,2.999043e-04,44355,18.01
114000,14250,1400832000,3.5839,,,2.999042e-04,44065,18.01
114050,14256,1401446400,3.5774,,,2.999041e-04,42726,18.01
114100,14262,1402060800,3.6416,,,2.999040e-04,44554,18.01
114150,14268,1402675200,3.5617,,,2.999039e-04,44240,18.01
114200,14275,1403289600,3.5549,,,2.999038e-04,43815,18.01
114250,14281,1403904000,3.5483,,,2.999037e-04,44349,18.01
114300,14287,1404518400,3.5375,,,2.999037e-04,44712,18.01
114350,14293,1405132800,3.6240,,,2.999036e-04,44514,18.01
114400,14300,1405747200,3.5901,,,2.999035e-04,44053,18.01
114450,14306,1406361600,3.5793,,,2.999034e-04,44455,18.01
114500,14312,1406976000,3.5496,,,2.999033e-04,44402,18.01
114550,14318,1407590400,3.6019,,,2.999032e-04,42901,18.01
114600,14325,1408204800,3.6062,,,2.999031e-04,43834,18.01
114650,14331,1408819200,3.5767,,,2.999030e-04,44453,18.01
114700,14337,1409433600,3.6014,,,2.999030e-04,44275,18.01
114750,14343,1410048000,3.5856,,,2.999029e-04,44370,18.01
114800,14350,1410662400,3.6173,,,2.999028e-04,43771,18.01
114850,14356,1411276800,3.6269,,,2.999027e-04,44385,18.01
114900,14362,1411891200,3.6100,,,2.999026e-04,44355,18.01
114950,14368,1412505600,3.5729,,,2.999025e-04,44340,18.01
115000,14375,1413120000,3.6271,,,2.999024e-04,44006,18.01
115050,14381,1413734400,3.6035,,,2.999023e-04,33336,18.01
115100,14387,1414348800,3.6259,,,2.999022e-04,44490,18.01
115150,14393,1414963200,3.6207,,,2.999022e-04,44625,18.01
115200,14400,1415577600,3.5589,,,2.999021e-04,44174,18.01
115250,14406,1416192000,3.5937,,,2.999020e-04,44629,18.01
115300,14412,1416806400,3.5678,,,2.999019e-04,44436,18.01
115350,14418,1417420800,3.5846,,,2.999018e-04,44579,18.01
115400,14425,1418035200,3.6053,,,2.999017e-04,43763,18.01
115450,14431,1418649600,3.5998,,,2.999016e-04,44433,18.01
115500,14437,1419264000,3.5956,,,2.999015e-04,44168,18.01
115550,14443,1419878400,3.6044,,,2.999015e-04,42963,18.01
115600,14450,1420492800,3.6364,,,2.999014e-04,43799,18.01
115650,14456,1421107200,3.5380,,,2.999013e-04,44352,18.01
115700,14462,1421721600,3.5611,,,2.999012e-04,44102,18.01
115750,14468,1422336000,3.6193,,,2.999011e-04,44297,18.01
115800,14475,1422950400,3.5481,,,2.999010e-04,43963,18.01
115850,14481,1423564800,3.5741,,,2.999009e-04,44428,18.01
115900,14487,1424179200,3.5792,,,2.999008e-04,44367,18.01
115950,14493,1424793600,3.6250,,,2.999007e-04,44373,18.01
116000,14500,1425408000,3.5661,,,2.999006e-04,43478,18.01
116050,14506,1426022400,3.5604,,,2.999006e-04,43007,18.01
116100,14512,1426636800,3.5634,,,2.999005e-04,44242,18.01
116150,14518,1427251200,3.5332,,,2.999004e-04,44086,18.01
116200,14525,1427865600,3.5801,,,2.999003e-04,43675,18.01
116250,14531,1428480000,3.5587,,,2.999002e-04,44341,18.01
116300,14537,1429094400,3.5741,,,2.999001e-04,44323,18.01
116350,14543,1429708800,3.5668,,,2.999000e-04,44433,18.01
116400,14550,1430323200,3.5841,,,2.998999e-04,43631,18.01
116450,14556,1430937600,3.5642,,,2.998998e-04,43870,18.01
116500,14562,1431552000,3.5521,,,2.998997e-04,44258,18.01
116550,14568,1432166400,3.6386,,,2.998997e-04,43117,18.01
116600,14575,1432780800,3.5771,,,2.998996e-04,43759,18.01
116650,14581,1433395200,3.5348,,,2.998995e-04,44240,18.01
116700,14587,1434009600,3.5785,,,2.998994e-04,44287,18.01
116750,14593,1434624000,3.5730,,,2.998993e-04,44243,18.01
116800,14600,1435238400,3.5430,,,2.998992e-04,43666,18.01
116850,14606,1435852800,3.6199,,,2.998991e-04,44374,18.01
116900,14612,1436467200,3.6061,,,2.998990e-04,43884,18.01
116950,14618,1437081600,3.6023,,,2.998989e-04,44331,18.01
117000,14625,1437696000,3.6197,,,2.998988e-04,43983,18.01
117050,14631,1438310400,3.6148,,,2.998988e-04,42845,18.01
117100,14637,1438924800,3.5681,,,2.998987e-04,44137,18.01
117150,14643,1439539200,3.5795,,,2.998986e-04,44230,18.01
117200,14650,1440153600,3.6057,,,2.998985e-04,43953,18.01
117250,14656,1440768000,3.5769,,,2.998984e-04,44482,18.01
117300,14662,1441382400,3.5798,,,2.998983e-04,44197,18.01
117350,14668,1441996800,3.5899,,,2.998982e-04,44511,18.01
117400,14675,1442611200,3.5472,,,2.998981e-04,43834,18.01
117450,14681,1443225600,3.6115,,,2.998980e-04,44292,18.01
117500,14687,1443840000,3.5604,,,2.998979e-04,44367,18.01
117550,14693,1444454400,3.5409,,,2.998979e-04,43226,18.01
117600,14700,1445068800,3.5968,,,2.998978e-04,43937,18.01
117650,14706,1445683200,3.5499,,,2.998977e-04,44308,18.01
117700,14712,1446297600,3.5635,,,2.998976e-04,44585,18.01
117750,14718,1446912000,3.5936,,,2.998975e-04,44548,18.01
117800,14725,1447526400,3.6010,,,2.998974e-04,43754,18.01
117850,14731,1448140800,3.6019,,,2.998973e-04,44639,18.01
117900,14737,1448755200,3.5390,,,2.998972e-04,44410,18.01
117950,14743,1449369600,3.5898,,,2.998971e-04,44619,18.01
118000,14750,1449984000,3.5766,,,2.998970e-04,44113,18.01
118050,14756,1450598400,3.5806,,,2.998969e-04,43068,18.01
118100,14762,1451212800,3.5755,,,2.998969e-04,44672,18.01
118150,14768,1451827200,3.5375,,,2.998968e-04,44308,18.01
118200,14775,1452441600,3.5270,,,2.998967e-04,44042,18.01
118250,14781,1453056000,3.5575,,,2.998966e-04,44682,18.01
118300,14787,1453670400,3.5573,,,2.998965e-04,44620,18.01
118350,14793,1454284800,3.6256,,,2.998964e-04,44626,18.01
118400,14800,1454899200,3.5660,,,2.998963e-04,44106,18.01
118450,14806,1455513600,3.6044,,,2.998962e-04,44244,18.01
118500,14812,1456128000,3.5254,,,2.998961e-04,44699,18.01
118550,14818,1456742400,3.5731,,,2.998960e-04,43072,18.01
118600,14825,1457356800,3.5728,,,2.998959e-04,44131,18.01
118650,14831,1457971200,3.6221,,,2.998958e-04,44776,18.01
118700,14837,1458585600,3.5624,,,2.998958e-04,44716,18.01
118750,14843,1459200000,3.5689,,,2.998957e-04,44736,18.01
118800,14850,1459814400,3.5670,,,2.998956e-04,44180,18.01
118850,14856,1460428800,3.5402,,,2.998955e-04,44786,18.01
118900,14862,1461043200,3.5256,,,2.998954e-04,44728,18.01
118950,14868,1461657600,3.6334,,,2.998953e-04,44721,18.01
119000,14875,1462272000,3.5647,,,2.998952e-04,44329,18.01
119050,14881,1462886400,3.5583,,,2.998951e-04,43421,18.01
119100,14887,1463500800,3.5721,,,2.998950e-04,44712,18.01
119150,14893,1464115200,3.6046,,,2.998949e-04,44537,18.01
119200,14900,1464729600,3.5454,,,2.998948e-04,44186,18.01
119250,14906,1465344000,3.5447,,,2.998947e-04,44869,18.01
119300,14912,1465958400,3.5582,,,2.998947e-04,44815,18.01
119350,14918,1466572800,3.6024,,,2.998946e-04,44802,18.01
119400,14925,1467187200,3.5761,,,2.998945e-04,44274,18.01
119450,14931,1467801600,3.5935,,,2.998944e-04,44586,18.01
119500,14937,1468416000,3.6002,,,2.998943e-04,44657,18.01
119550,14943,1469030400,3.6181,,,2.998942e-04,43233,18.01
119600,14950,1469644800,3.5972,,,2.998941e-04,44239,18.01
119650,14956,1470259200,3.5204,,,2.998940e-04,44521,18.01
119700,14962,1470873600,3.5512,,,2.998939e-04,44835,18.01
119750,14968,1471488000,3.5953,,,2.998938e-04,44711,18.01
119800,14975,1472102400,3.6145,,,2.998937e-04,44020,18.01
119850,14981,1472716800,3.5545,,,2.998936e-04,44771,18.01
119900,14987,1473331200,3.5803,,,2.998936e-04,44722,18.01
119950,14993,1473945600,3.6262,,,2.998935e-04,44563,18.01
120000,15000,1474560000,3.5723,,,2.998934e-04,43990,18.01
120050,15006,1475174400,3.6100,,,2.998933e-04,33489,18.01
120100,15012,1475788800,3.5934,,,2.998932e-04,44588,18.01
120150,15018,1476403200,3.5680,,,2.998931e-04,44777,18.01
120200,15025,1477017600,3.5552,,,2.998930e-04,43914,18.01
120250,15031,1477632000,3.5848,,,2.998929e-04,44427,18.01
120300,15037,1478246400,3.5618,,,2.998928e-04,44062,18.01
120350,15043,1478860800,3.6130,,,2.998927e-04,44827,18.01
120400,15050,1479475200,3.5690,,,2.998926e-04,43981,18.01
120450,15056,1480089600,3.5999,,,2.998925e-04,44623,18.01
120500,15062,1480704000,3.5934,,,2.998924e-04,44642,18.01
120550,15068,1481318400,3.5627,,,2.998924e-04,43015,18.01
120600,15075,1481932800,3.6043,,,2.998922e-04,44137,18.01
120650,15081,1482547200,3.5949,,,2.998922e-04,44414,18.01
120700,15087,1483161600,3.5847,,,2.998921e-04,44624,18.01
120750,15093,1483776000,3.5749,,,2.998920e-04,44434,18.01
120800,15100,1484390400,3.5756,,,2.998919e-04,44032,18.01
120850,15106,1485004800,3.6054,,,2.998918e-04,44406,18.01
120900,15112,1485619200,3.5616,,,2.998917e-04,44437,18.01
120950,15118,1486233600,3.5476,,,2.998916e-04,44406,18.01
121000,15125,1486848000,3.5441,,,2.998915e-04,43710,18.01
121050,15131,1487462400,3.5835,,,2.998914e-04,43027,18.01
121100,15137,1488076800,3.6143,,,2.998913e-04,44588,18.01
121150,15143,1488691200,3.5721,,,2.998912e-04,44372,18.01
121200,15150,1489305600,3.5507,,,2.998911e-04,43985,18.01
121250,15156,1489920000,3.6301,,,2.998910e-04,44095,18.01
121300,15162,1490534400,3.5544,,,2.998909e-04,44224,18.01
121350,15168,1491148800,3.5829,,,2.998909e-04,44510,18.01
121400,15175,1491763200,3.5824,,,2.998908e-04,43674,18.01
121450,15181,1492377600,3.5618,,,2.998907e-04,44100,18.01
121500,15187,1492992000,3.5585,,,2.998906e-04,44484,18.01
121550,15193,1493606400,3.5537,,,2.998905e-04,42602,18.01
121600,15200,1494220800,3.5768,,,2.998904e-04,43853,18.01
121650,15206,1494835200,3.5802,,,2.998903e-04,44415,18.01
121700,15212,1495449600,3.5833,,,2.998902e-04,44139,18.01
121750,15218,1496064000,3.5754,,,2.998901e-04,44003,18.01
121800,15225,1496678400,3.5398,,,2.998900e-04,43834,18.01
121850,15231,1497292800,3.5838,,,2.998899e-04,44210,18.01
121900,15237,1497907200,3.6051,,,2.998898e-04,44296,18.01
121950,15243,1498521600,3.5553,,,2.998897e-04,44572,18.01
122000,15250,1499136000,3.5715,,,2.998896e-04,43706,18.01
122050,15256,1499750400,3.5602,,,2.998895e-04,42651,18.01
122100,15262,1500364800,3.5956,,,2.998894e-04,44326,18.01
122150,15268,1500979200,3.6030,,,2.998894e-04,44372,18.01
122200,15275,1501593600,3.5541,,,2.998893e-04,43551,18.01
122250,15281,1502208000,3.6107,,,2.998892e-04,44520,18.01
122300,15287,1502822400,3.6172,,,2.998891e-04,43931,18.01
122350,15293,1503436800,3.5655,,,2.998890e-04,44293,18.01
122400,15300,1504051200,3.5578,,,2.998889e-04,44081,18.01
122450,15306,1504665600,3.5133,,,2.998888e-04,44168,18.01
122500,15312,1505280000,3.5910,,,2.998887e-04,44460,18.01
122550,15318,1505894400,3.5584,,,2.998886e-04,43305,18.01
122600,15325,1506508800,3.5853,,,2.998885e-04,43539,18.01
122650,15331,1507123200,3.6168,,,2.998884e-04,44344,18.01
122700,15337,1507737600,3.5846,,,2.998883e-04,44440,18.01
122750,15343,1508352000,3.5963,,,2.998882e-04,44205,18.01
122800,15350,1508966400,3.5507,,,2.998881e-04,43585,18.01
122850,15356,1509580800,3.5634,,,2.998880e-04,44561,18.01
122900,15362,1510195200,3.5809,,,2.998879e-04,44250,18.01
122950,15368,1510809600,3.5603,,,2.998878e-04,44454,18.01
123000,15375,1511424000,3.6375,,,2.998877e-04,43910,18.01
123050,15381,1512038400,3.5325,,,2.998876e-04,42844,18.01
123100,15387,1512652800,3.5858,,,2.998876e-04,44489,18.01
123150,15393,1513267200,3.5545,,,2.998875e-04,44456,18.01
123200,15400,1513881600,3.5494,,,2.998874e-04,43971,18.01
123250,15406,1514496000,3.5791,,,2.998873e-04,44364,18.01
123300,15412,1515110400,3.6140,,,2.998872e-04,44466,18.01
123350,15418,1515724800,3.5700,,,2.998871e-04,44326,18.01
123400,15425,1516339200,3.5857,,,2.998870e-04,43967,18.01
123450,15431,1516953600,3.5815,,,2.998869e-04,44295,18.01
123500,15437,1517568000,3.5439,,,2.998868e-04,44106,18.01
123550,15443,1518182400,3.6035,,,2.998867e-04,43039,18.01
123600,15450,1518796800,3.5889,,,2.998866e-04,43504,18.01
123650,15456,1519411200,3.5560,,,2.998865e-04,44322,18.01
123700,15462,1520025600,3.5961,,,2.998864e-04,44417,18.01
123750,15468,1520640000,3.5566,,,2.998863e-04,44211,18.01
123800,15475,1521254400,3.5487,,,2.998862e-04,43890,18.01
123850,15481,1521868800,3.5762,,,2.998861e-04,44301,18.01
123900,15487,1522483200,3.5318,,,2.998860e-04,44288,18.01
123950,15493,1523097600,3.5596,,,2.998859e-04,44287,18.01
124000,15500,1523712000,3.5255,,,2.998858e-04,43554,18.01
124050,15506,1524326400,3.5297,,,2.998857e-04,42893,18.01
124100,15512,1524940800,3.5949,,,2.998856e-04,43866,18.01
124150,15518,1525555200,3.6297,,,2.998856e-04,44011,18.01
124200,15525,1526169600,3.5403,,,2.998854e-04,43602,18.01
124250,15531,1526784000,3.5688,,,2.998854e-04,44120,18.01
124300,15537,1527398400,3.5678,,,2.998853e-04,44365,18.01
124350,15543,1528012800,3.5747,,,2.998852e-04,44249,18.01
124400,15550,1528627200,3.5481,,,2.998851e-04,43846,18.01
124450,15556,1529241600,3.5563,,,2.998850e-04,44215,18.01
124500,15562,1529856000,3.5678,,,2.998849e-04,44194,18.01
124550,15568,1530470400,3.5780,,,2.998848e-04,42760,18.01
124600,15575,1531084800,3.6049,,,2.998847e-04,43778,18.01
124650,15581,1531699200,3.5684,,,2.998846e-04,44301,18.01
124700,15587,1532313600,3.6035,,,2.998845e-04,44022,18.01
124750,15593,1532928000,3.5312,,,2.998844e-04,44424,18.01
124800,15600,1533542400,3.5777,,,2.998843e-04,43662,18.01
124850,15606,1534156800,3.5762,,,2.998842e-04,44168,18.01
124900,15612,1534771200,3.5840,,,2.998841e-04,44099,18.01
124950,15618,1535385600,3.5750,,,2.998840e-04,44020,18.01
125000,15625,1536000000,3.5546,,,2.998839e-04,43671,18.01
125050,15631,1536614400,3.5249,,,2.998838e-04,33166,18.01
125100,15637,1537228800,3.5736,,,2.998837e-04,44365,18.01
125150,15643,1537843200,3.5861,,,2.998836e-04,44626,18.01
125200,15650,1538457600,3.5918,,,2.998835e-04,43889,18.01
125250,15656,1539072000,3.5480,,,2.998834e-04,44226,18.01
125300,15662,1539686400,3.5267,,,2.998833e-04,44374,18.01
125350,15668,1540300800,3.5298,,,2.998832e-04,44170,18.01
125400,15675,1540915200,3.5595,,,2.998831e-04,43554,18.01
125450,15681,1541529600,3.5577,,,2.998830e-04,44652,18.01
125500,15687,1542144000,3.5196,,,2.998829e-04,44476,18.01
125550,15693,1542758400,3.5469,,,2.998829e-04,42972,18.01
125600,15700,1543372800,3.5619,,,2.998827e-04,43965,18.01
125650,15706,1543987200,3.5609,,,2.998827e-04,44383,18.01
125700,15712,1544601600,3.5170,,,2.998826e-04,44362,18.01
125750,15718,1545216000,3.5260,,,2.998825e-04,44562,18.01
125800,15725,1545830400,3.6162,,,2.998824e-04,44009,18.01
125850,15731,1546444800,3.5441,,,2.998823e-04,44312,18.01
125900,15737,1547059200,3.5974,,,2.998822e-04,44599,18.01
125950,15743,1547673600,3.5393,,,2.998821e-04,44297,18.01
126000,15750,1548288000,3.5839,,,2.998820e-04,43912,18.01
126050,15756,1548902400,3.5539,,,2.998819e-04,43188,18.01
126100,15762,1549516800,3.5792,,,2.998818e-04,44421,18.01
126150,15768,1550131200,3.5596,,,2.998817e-04,44370,18.01
126200,15775,1550745600,3.6016,,,2.998816e-04,43842,18.01
126250,15781,1551360000,3.5287,,,2.998815e-04,44438,18.01
126300,15787,1551974400,3.5789,,,2.998814e-04,44575,18.01
126350,15793,1552588800,3.5734,,,2.998813e-04,44222,18.01
126400,15800,1553203200,3.5568,,,2.998812e-04,43729,18.01
126450,15806,1553817600,3.5506,,,2.998811e-04,44458,18.01
126500,15812,1554432000,3.5847,,,2.998810e-04,44604,18.01
126550,15818,1555046400,3.5851,,,2.998809e-04,42798,18.01
126600,15825,1555660800,3.5403,,,2.998808e-04,43994,18.01
126650,15831,1556275200,3.5984,,,2.998807e-04,44199,18.01
126700,15837,1556889600,3.5702,,,2.998806e-04,44265,18.01
126750,15843,1557504000,3.5551,,,2.998805e-04,44542,18.01
126800,15850,1558118400,3.5392,,,2.998804e-04,43981,18.01
126850,15856,1558732800,3.5306,,,2.998803e-04,44362,18.01
126900,15862,1559347200,3.6143,,,2.998802e-04,44539,18.01
126950,15868,1559961600,3.5724,,,2.998801e-04,44062,18.01
127000,15875,1560576000,3.5723,,,2.998800e-04,43810,18.01
127050,15881,1561190400,3.5665,,,2.998799e-04,42936,18.01
127100,15887,1561804800,3.6026,,,2.998798e-04,44352,18.01
127150,15893,1562419200,3.5547,,,2.998797e-04,44324,18.01
127200,15900,1563033600,3.5698,,,2.998796e-04,43929,18.01
127250,15906,1563648000,3.5516,,,2.998795e-04,44399,18.01
127300,15912,1564262400,3.6191,,,2.998794e-04,44257,18.01
127350,15918,1564876800,3.5928,,,2.998793e-04,44436,18.01
127400,15925,1565491200,3.5835,,,2.998792e-04,43883,18.01
127450,15931,1566105600,3.5477,,,2.998791e-04,44355,18.01
127500,15937,1566720000,3.5823,,,2.998790e-04,44229,18.01
127550,15943,1567334400,3.5710,,,2.998789e-04,43059,18.01
127600,15950,1567948800,3.5468,,,2.998788e-04,43840,18.01
127650,15956,1568563200,3.5705,,,2.998787e-04,44519,18.01
127700,15962,1569177600,3.5426,,,2.998786e-04,44309,18.01
127750,15968,1569792000,3.5790,,,2.998785e-04,44294,18.01
127800,15975,1570406400,3.5340,,,2.998784e-04,43943,18.01
127850,15981,1571020800,3.5479,,,2.998783e-04,44476,18.01
127900,15987,1571635200,3.5894,,,2.998782e-04,44396,18.01
127950,15993,1572249600,3.5739,,,2.998781e-04,44459,18.01
128000,16000,1572864000,3.5600,,,2.998780e-04,43751,18.01
128050,16006,1573478400,3.5472,,,2.998779e-04,43129,18.01
128100,16012,1574092800,3.5480,,,2.998778e-04,44294,18.01
128150,16018,1574707200,3.5783,,,2.998778e-04,44372,18.01
128200,16025,1575321600,3.5502,,,2.998776e-04,43908,18.01
128250,16031,1575936000,3.5418,,,2.998775e-04,44677,18.01
128300,16037,1576550400,3.5816,,,2.998775e-04,44360,18.01
128350,16043,1577164800,3.5619,,,2.998774e-04,44560,18.01
128400,16050,1577779200,3.5542,,,2.998772e-04,44133,18.01
128450,16056,1578393600,3.5281,,,2.998772e-04,44606,18.01
128500,16062,1579008000,3.5708,,,2.998771e-04,44413,18.01
128550,16068,1579622400,3.5266,,,2.998770e-04,43151,18.01
128600,16075,1580236800,3.5642,,,2.998768e-04,44102,18.01
128650,16081,1580851200,3.5852,,,2.998768e-04,44679,18.01
128700,16087,1581465600,3.5340,,,2.998767e-04,44443,18.01
128750,16093,1582080000,3.5312,,,2.998766e-04,44639,18.01
128800,16100,1582694400,3.5637,,,2.998765e-04,44105,18.01
128850,16106,1583308800,3.5511,,,2.998764e-04,44843,18.01
128900,16112,1583923200,3.5577,,,2.998763e-04,44611,18.01
128950,16118,1584537600,3.5276,,,2.998762e-04,44610,18.01
129000,16125,1585152000,3.5538,,,2.998761e-04,44007,18.01
129050,16131,1585766400,3.5413,,,2.998760e-04,43253,18.01
129100,16137,1586380800,3.5859,,,2.998759e-04,44595,18.01
129150,16143,1586995200,3.5629,,,2.998758e-04,44630,18.01
129200,16150,1587609600,3.5879,,,2.998757e-04,44101,18.01
129250,16156,1588224000,3.5386,,,2.998756e-04,44825,18.01
129300,16162,1588838400,3.5228,,,2.998755e-04,44661,18.01
129350,16168,1589452800,3.5422,,,2.998754e-04,44609,18.01
129400,16175,1590067200,3.5166,,,2.998753e-04,44194,18.01
129450,16181,1590681600,3.5657,,,2.998752e-04,44627,18.01
129500,16187,1591296000,3.5570,,,2.998751e-04,44579,18.01
129550,16193,1591910400,3.5673,,,2.998750e-04,43227,18.01
129600,16200,1592524800,3.5840,,,2.998749e-04,44095,18.01
129650,16206,1593139200,3.5752,,,2.998748e-04,44667,18.01
129700,16212,1593753600,3.5578,,,2.998747e-04,44668,18.01
129750,16218,1594368000,3.5807,,,2.998746e-04,44752,18.01
129800,16225,1594982400,3.5903,,,2.998744e-04,43995,18.01
129850,16231,1595596800,3.5370,,,2.998744e-04,44453,18.01
129900,16237,1596211200,3.5572,,,2.998743e-04,44589,18.01
129950,16243,1596825600,3.5540,,,2.998742e-04,44413,18.01
130000,16250,1597440000,3.5696,,,2.998740e-04,44203,18.01
130050,16256,1598054400,3.5975,,,2.998740e-04,33369,18.01
130100,16262,1598668800,3.5621,,,2.998739e-04,44676,18.01
130150,16268,1599283200,3.5643,,,2.998738e-04,44668,18.01
130200,16275,1599897600,3.5520,,,2.998736e-04,44097,18.01
130250,16281,1600512000,3.5866,,,2.998735e-04,44802,18.01
130300,16287,1601126400,3.5351,,,2.998735e-04,44724,18.01
130350,16293,1601740800,3.5462,,,2.998734e-04,44559,18.01
130400,16300,1602355200,3.5880,,,2.998732e-04,43939,18.01
130450,16306,1602969600,3.5581,,,2.998731e-04,44622,18.01
130500,16312,1603584000,3.5212,,,2.998730e-04,44604,18.01
130550,16318,1604198400,3.5616,,,2.998730e-04,43111,18.01
130600,16325,1604812800,3.5463,,,2.998728e-04,44169,18.01
130650,16331,1605427200,3.5503,,,2.998727e-04,44339,18.01
130700,16337,1606041600,3.5531,,,2.998726e-04,44490,18.01
130750,16343,1606656000,3.5777,,,2.998725e-04,44026,18.01
130800,16350,1607270400,3.5761,,,2.998724e-04,43847,18.01
130850,16356,1607884800,3.5383,,,2.998723e-04,44694,18.01
130900,16362,1608499200,3.5350,,,2.998722e-04,43942,18.01
130950,16368,1609113600,3.5698,,,2.998721e-04,44505,18.01
131000,16375,1609728000,3.4959,,,2.998720e-04,43909,18.01
131050,16381,1610342400,3.5442,,,2.998719e-04,42998,18.01
131100,16387,1610956800,3.5732,,,2.998718e-04,44209,18.01
131150,16393,1611571200,3.5370,,,2.998717e-04,44539,18.01
131200,16400,1612185600,3.5534,,,2.998716e-04,43823,18.01
131250,16406,1612800000,3.5942,,,2.998715e-04,44507,18.01
131300,16412,1613414400,3.5458,,,2.998714e-04,44573,18.01
131350,16418,1614028800,3.5506,,,2.998713e-04,44095,18.01
131400,16425,1614643200,3.5394,,,2.998712e-04,43921,18.01
131450,16431,1615257600,3.5478,,,2.998711e-04,44468,18.01
131500,16437,1615872000,3.5887,,,2.998710e-04,44326,18.01
131550,16443,1616486400,3.5176,,,2.998709e-04,42800,18.01
131600,16450,1617100800,3.5801,,,2.998708e-04,43891,18.01
131650,16456,1617715200,3.5641,,,2.998707e-04,44413,18.01
131700,16462,1618329600,3.5632,,,2.998706e-04,44642,18.01
131750,16468,1618944000,3.5621,,,2.998705e-04,44545,18.01
131800,16475,1619558400,3.5230,,,2.998704e-04,43856,18.01
131850,16481,1620172800,3.5322,,,2.998703e-04,44302,18.01
131900,16487,1620787200,3.5734,,,2.998702e-04,44082,18.01
131950,16493,1621401600,3.5395,,,2.998701e-04,44504,18.01
132000,16500,1622016000,3.5719,,,2.998700e-04,43882,18.01
132050,16506,1622630400,3.5762,,,2.998699e-04,43187,18.01
132100,16512,1623244800,3.5713,,,2.998698e-04,44427,18.01
132150,16518,1623859200,3.5848,,,2.998697e-04,44638,18.01
132200,16525,1624473600,3.5410,,,2.998696e-04,44069,18.01
132250,16531,1625088000,3.5225,,,2.998695e-04,44462,18.01
132300,16537,1625702400,3.6065,,,2.998694e-04,44649,18.01
132350,16543,1626316800,3.5833,,,2.998693e-04,44369,18.01
132400,16550,1626931200,3.5924,,,2.998692e-04,44090,18.01
132450,16556,1627545600,3.5404,,,2.998691e-04,44238,18.01
132500,16562,1628160000,3.6197,,,2.998690e-04,44489,18.01
132550,16568,1628774400,3.5380,,,2.998689e-04,43120,18.01
132600,16575,1629388800,3.5261,,,2.998688e-04,43765,18.01
132650,16581,1630003200,3.6076,,,2.998687e-04,44509,18.01
132700,16587,1630617600,3.5626,,,2.998686e-04,44322,18.01
132750,16593,1631232000,3.5806,,,2.998685e-04,44441,18.01
132800,16600,1631846400,3.5930,,,2.998684e-04,43887,18.01
132850,16606,1632460800,3.5622,,,2.998683e-04,44652,18.01
132900,16612,1633075200,3.5283,,,2.998682e-04,44474,18.01
132950,16618,1633689600,3.5749,,,2.998681e-04,44424,18.01
133000,16625,1634304000,3.5416,,,2.998679e-04,43967,18.01
133050,16631,1634918400,3.5589,,,2.998678e-04,43162,18.01
133100,16637,1635532800,3.5536,,,2.998677e-04,44641,18.01
133150,16643,1636147200,3.5507,,,2.998676e-04,44358,18.01
133200,16650,1636761600,3.5307,,,2.998675e-04,44196,18.01
133250,16656,1637376000,3.5523,,,2.998674e-04,44511,18.01
133300,16662,1637990400,3.5563,,,2.998673e-04,44398,18.01
133350,16668,1638604800,3.5730,,,2.998672e-04,44478,18.01
133400,16675,1639219200,3.5655,,,2.998671e-04,44016,18.01
133450,16681,1639833600,3.5856,,,2.998670e-04,43993,18.01
133500,16687,1640448000,3.5425,,,2.998669e-04,44354,18.01
133550,16693,1641062400,3.5539,,,2.998668e-04,43066,18.01
133600,16700,1641676800,3.5422,,,2.998667e-04,44004,18.01
133650,16706,1642291200,3.5704,,,2.998666e-04,44433,18.01
133700,16712,1642905600,3.5300,,,2.998665e-04,44484,18.01
133750,16718,1643520000,3.5761,,,2.998664e-04,44501,18.01
133800,16725,1644134400,3.5400,,,2.998663e-04,43885,18.01
133850,16731,1644748800,3.5536,,,2.998662e-04,44163,18.01
133900,16737,1645363200,3.5547,,,2.998661e-04,44482,18.01
133950,16743,1645977600,3.5457,,,2.998660e-04,44305,18.01
134000,16750,1646592000,3.5621,,,2.998659e-04,43833,18.01
134050,16756,1647206400,3.5852,,,2.998658e-04,42804,18.01
134100,16762,1647820800,3.5228,,,2.998657e-04,44046,18.01
134150,16768,1648435200,3.5834,,,2.998656e-04,44365,18.01
134200,16775,1649049600,3.5498,,,2.998655e-04,43697,18.01
134250,16781,1649664000,3.5471,,,2.998654e-04,44458,18.01
134300,16787,1650278400,3.5761,,,2.998653e-04,44486,18.01
134350,16793,1650892800,3.4831,,,2.998652e-04,44304,18.01
134400,16800,1651507200,3.5546,,,2.998650e-04,43681,18.01
134450,16806,1652121600,3.5722,,,2.998649e-04,44006,18.01
134500,16812,1652736000,3.5119,,,2.998648e-04,44464,18.01
134550,16818,1653350400,3.5413,,,2.998647e-04,42558,18.01
134600,16825,1653964800,3.5535,,,2.998646e-04,43663,18.01
134650,16831,1654579200,3.5643,,,2.998645e-04,44354,18.01
134700,16837,1655193600,3.5417,,,2.998644e-04,44311,18.01
134750,16843,1655808000,3.6022,,,2.998643e-04,44157,18.01
134800,16850,1656422400,3.5592,,,2.998642e-04,43839,18.01
134850,16856,1657036800,3.5381,,,2.998641e-04,44379,18.01
134900,16862,1657651200,3.5413,,,2.998640e-04,44201,18.01
134950,16868,1658265600,3.5474,,,2.998639e-04,44316,18.01
135000,16875,1658880000,3.5710,,,2.998638e-04,43254,18.01
135050,16881,1659494400,3.5924,,,2.998637e-04,33117,18.01
135100,16887,1660108800,3.5346,,,2.998636e-04,44587,18.01
135150,16893,1660723200,3.5793,,,2.998635e-04,44119,18.01
135200,16900,1661337600,3.5776,,,2.998634e-04,43960,18.01
135250,16906,1661952000,3.5237,,,2.998633e-04,44641,18.01
135300,16912,1662566400,3.5408,,,2.998632e-04,44469,18.01
135350,16918,1663180800,3.5590,,,2.998631e-04,44338,18.01
135400,16925,1663795200,3.5354,,,2.998629e-04,43904,18.01
135450,16931,1664409600,3.5016,,,2.998628e-04,44060,18.01
135500,16937,1665024000,3.5370,,,2.998627e-04,44162,18.01
135550,16943,1665638400,3.5363,,,2.998626e-04,42934,18.01
135600,16950,1666252800,3.5476,,,2.998625e-04,43980,18.01
135650,16956,1666867200,3.4934,,,2.998624e-04,44633,18.01
135700,16962,1667481600,3.5757,,,2.998623e-04,44357,18.01
135750,16968,1668096000,3.5560,,,2.998622e-04,44214,18.01
135800,16975,1668710400,3.5541,,,2.998621e-04,43788,18.01
135850,16981,1669324800,3.5454,,,2.998620e-04,44497,18.01
135900,16987,1669939200,3.5415,,,2.998619e-04,44461,18.01
135950,16993,1670553600,3.5659,,,2.998618e-04,44533,18.01
136000,17000,1671168000,3.5581,,,2.998617e-04,43843,18.01
136050,17006,1671782400,3.5206,,,2.998616e-04,43087,18.01
136100,17012,1672396800,3.5787,,,2.998615e-04,44312,18.01
136150,17018,1673011200,3.5267,,,2.998614e-04,44250,18.01
136200,17025,1673625600,3.5554,,,2.998613e-04,43871,18.01
136250,17031,1674240000,3.5229,,,2.998612e-04,44488,18.01
136300,17037,1674854400,3.5840,,,2.998611e-04,44330,18.01
136350,17043,1675468800,3.5733,,,2.998610e-04,44596,18.01
136400,17050,1676083200,3.5914,,,2.998608e-04,43804,18.01
136450,17056,1676697600,3.5540,,,2.998607e-04,44164,18.01
136500,17062,1677312000,3.5188,,,2.998606e-04,44299,18.01
136550,17068,1677926400,3.5492,,,2.998605e-04,43102,18.01
136600,17075,1678540800,3.5521,,,2.998604e-04,44055,18.01
136650,17081,1679155200,3.5315,,,2.998603e-04,44415,18.01
136700,17087,1679769600,3.5523,,,2.998602e-04,44284,18.01
136750,17093,1680384000,3.6086,,,2.998601e-04,44352,18.01
136800,17100,1680998400,3.5237,,,2.998600e-04,43969,18.01
136850,17106,1681612800,3.5691,,,2.998599e-04,44468,18.01
136900,17112,1682227200,3.5150,,,2.998598e-04,44343,18.01
136950,17118,1682841600,3.5939,,,2.998597e-04,44168,18.01
137000,17125,1683456000,3.5577,,,2.998596e-04,43749,18.01
137050,17131,1684070400,3.5534,,,2.998595e-04,43114,18.01
137100,17137,1684684800,3.5736,,,2.998594e-04,44505,18.01
137150,17143,1685299200,3.5693,,,2.998593e-04,44131,18.01
137200,17150,1685913600,3.5499,,,2.998591e-04,43780,18.01
137250,17156,1686528000,3.5158,,,2.998590e-04,44365,18.01
137300,17162,1687142400,3.5190,,,2.998589e-04,44474,18.01
137350,17168,1687756800,3.5350,,,2.998588e-04,44399,18.01
137400,17175,1688371200,3.5473,,,2.998587e-04,43976,18.01
137450,17181,1688985600,3.5637,,,2.998586e-04,44443,18.01
137500,17187,1689600000,3.5351,,,2.998585e-04,44405,18.01
137550,17193,1690214400,3.5438,,,2.998584e-04,42793,18.01
137600,17200,1690828800,3.5266,,,2.998583e-04,43491,18.01
137650,17206,1691443200,3.4989,,,2.998582e-04,44478,18.01
137700,17212,1692057600,3.5223,,,2.998581e-04,44063,18.01
137750,17218,1692672000,3.5557,,,2.998580e-04,44420,18.01
137800,17225,1693286400,3.5676,,,2.998579e-04,43846,18.01
137850,17231,1693900800,3.5721,,,2.998578e-04,44405,18.01
137900,17237,1694515200,3.5703,,,2.998577e-04,44377,18.01
137950,17243,1695129600,3.6043,,,2.998576e-04,44211,18.01
138000,17250,1695744000,3.5927,,,2.998574e-04,43449,18.01
138050,17256,1696358400,3.5921,,,2.998573e-04,42719,18.01
138100,17262,1696972800,3.5154,,,2.998572e-04,44196,18.01
138150,17268,1697587200,3.5758,,,2.998571e-04,44079,18.01
138200,17275,1698201600,3.5727,,,2.998570e-04,43930,18.01
138250,17281,1698816000,3.5618,,,2.998569e-04,44167,18.01
138300,17287,1699430400,3.5825,,,2.998568e-04,44233,18.01
138350,17293,1700044800,3.5004,,,2.998567e-04,44128,18.01
138400,17300,1700659200,3.5696,,,2.998566e-04,44054,18.01
138450,17306,1701273600,3.5097,,,2.998565e-04,44034,18.01
138500,17312,1701888000,3.5788,,,2.998564e-04,44305,18.01
138550,17318,1702502400,3.5481,,,2.998563e-04,42808,18.01
138600,17325,1703116800,3.5344,,,2.998562e-04,43720,18.01
138650,17331,1703731200,3.5280,,,2.998560e-04,44107,18.01
138700,17337,1704345600,3.5537,,,2.998559e-04,44606,18.01
138750,17343,1704960000,3.5206,,,2.998558e-04,44422,18.01
138800,17350,1705574400,3.5453,,,2.998557e-04,43876,18.01
138850,17356,1706188800,3.5613,,,2.998556e-04,44147,18.01
138900,17362,1706803200,3.5388,,,2.998555e-04,44308,18.01
138950,17368,1707417600,3.5361,,,2.998554e-04,44376,18.01
139000,17375,1708032000,3.5450,,,2.998553e-04,43801,18.01
139050,17381,1708646400,3.5567,,,2.998552e-04,43016,18.01
139100,17387,1709260800,3.5677,,,2.998551e-04,44454,18.01
139150,17393,1709875200,3.5702,,,2.998550e-04,44496,18.01
139200,17400,1710489600,3.5609,,,2.998549e-04,43718,18.01
139250,17406,1711104000,3.5988,,,2.998548e-04,44571,18.01
139300,17412,1711718400,3.5126,,,2.998547e-04,44363,18.01
139350,17418,1712332800,3.5148,,,2.998545e-04,44196,18.01
139400,17425,1712947200,3.5298,,,2.998544e-04,43931,18.01
139450,17431,1713561600,3.5308,,,2.998543e-04,44188,18.01
139500,17437,1714176000,3.5930,,,2.998542e-04,44310,18.01
139550,17443,1714790400,3.5874,,,2.998541e-04,43119,18.01
139600,17450,1715404800,3.5406,,,2.998540e-04,43874,18.01
139650,17456,1716019200,3.5467,,,2.998539e-04,44290,18.01
139700,17462,1716633600,3.5654,,,2.998538e-04,44506,18.01
139750,17468,1717248000,3.6352,,,2.998537e-04,44286,18.01
139800,17475,1717862400,3.5372,,,2.998536e-04,43871,18.01
139850,17481,1718476800,3.5660,,,2.998535e-04,44465,18.01
139900,17487,1719091200,3.5132,,,2.998534e-04,44349,18.01
139950,17493,1719705600,3.5646,,,2.998532e-04,44428,18.01
140000,17500,1720320000,3.5303,,,2.998531e-04,43847,18.01
140050,17506,1720934400,3.5384,,,2.998530e-04,33371,18.01
140100,17512,1721548800,3.5338,,,2.998529e-04,44713,18.01
140150,17518,1722163200,3.5464,,,2.998528e-04,44371,18.01
140200,17525,1722777600,3.5773,,,2.998527e-04,43835,18.01
140250,17531,1723392000,3.6108,,,2.998526e-04,44472,18.01
140300,17537,1724006400,3.5719,,,2.998525e-04,44701,18.01
140350,17543,1724620800,3.5357,,,2.998524e-04,44525,18.01
140400,17550,1725235200,3.5688,,,2.998523e-04,43785,18.01
140450,17556,1725849600,3.5133,,,2.998522e-04,44291,18.01
140500,17562,1726464000,3.5370,,,2.998520e-04,44594,18.01
140550,17568,1727078400,3.5557,,,2.998519e-04,42913,18.01
140600,17575,1727692800,3.5734,,,2.998518e-04,43939,18.01
140650,17581,1728307200,3.5198,,,2.998517e-04,44512,18.01
140700,17587,1728921600,3.5525,,,2.998516e-04,44362,18.01
140750,17593,1729536000,3.5141,,,2.998515e-04,44416,18.01
140800,17600,1730150400,3.5773,,,2.998514e-04,43703,18.01
140850,17606,1730764800,3.5308,,,2.998513e-04,43833,18.01
140900,17612,1731379200,3.5973,,,2.998512e-04,44190,18.01
140950,17618,1731993600,3.5284,,,2.998511e-04,44288,18.01
141000,17625,1732608000,3.5598,,,2.998509e-04,43713,18.01
141050,17631,1733222400,3.5491,,,2.998508e-04,43033,18.01
141100,17637,1733836800,3.5374,,,2.998507e-04,44387,18.01
141150,17643,1734451200,3.5316,,,2.998506e-04,44370,18.01
141200,17650,1735065600,3.5364,,,2.998505e-04,43741,18.01
141250,17656,1735680000,3.5372,,,2.998504e-04,44391,18.01
141300,17662,1736294400,3.5380,,,2.998503e-04,44018,18.01
141350,17668,1736908800,3.5542,,,2.998502e-04,43974,18.01
141400,17675,1737523200,3.5271,,,2.998501e-04,43842,18.01
141450,17681,1738137600,3.5263,,,2.998500e-04,44378,18.01
141500,17687,1738752000,3.5329,,,2.998499e-04,44468,18.01
141550,17693,1739366400,3.5511,,,2.998498e-04,42951,18.01
141600,17700,1739980800,3.5374,,,2.998496e-04,43673,18.01
141650,17706,1740595200,3.5761,,,2.998495e-04,44266,18.01
141700,17712,1741209600,3.5724,,,2.998494e-04,44423,18.01
141750,17718,1741824000,3.5233,,,2.998493e-04,44224,18.01
141800,17725,1742438400,3.5752,,,2.998492e-04,43906,18.01
141850,17731,1743052800,3.5161,,,2.998491e-04,44299,18.01
141900,17737,1743667200,3.5210,,,2.998490e-04,43999,18.01
141950,17743,1744281600,3.5214,,,2.998489e-04,44436,18.01
142000,17750,1744896000,3.5425,,,2.998488e-04,43718,18.01
142050,17756,1745510400,3.5327,,,2.998486e-04,42818,18.01
142100,17762,1746124800,3.5084,,,2.998485e-04,44610,18.01
142150,17768,1746739200,3.5572,,,2.998484e-04,44271,18.01
142200,17775,1747353600,3.5814,,,2.998483e-04,43724,18.01
142250,17781,1747968000,3.5389,,,2.998482e-04,44556,18.01
142300,17787,1748582400,3.5478,,,2.998481e-04,44377,18.01
142350,17793,1749196800,3.5292,,,2.998480e-04,43987,18.01
142400,17800,1749811200,3.5159,,,2.998479e-04,43901,18.01
142450,17806,1750425600,3.5260,,,2.998478e-04,44219,18.01
142500,17812,1751040000,3.5246,,,2.998477e-04,44517,18.01
142550,17818,1751654400,3.5639,,,2.998475e-04,43059,18.01
142600,17825,1752268800,3.5432,,,2.998474e-04,43749,18.01
142650,17831,1752883200,3.5544,,,2.998473e-04,44362,18.01
142700,17837,1753497600,3.5425,,,2.998472e-04,44254,18.01
142750,17843,1754112000,3.5533,,,2.998471e-04,44097,18.01
142800,17850,1754726400,3.5383,,,2.998470e-04,44056,18.01
142850,17856,1755340800,3.5621,,,2.998469e-04,44352,18.01
142900,17862,1755955200,3.5409,,,2.998468e-04,44081,18.01
142950,17868,1756569600,3.5308,,,2.998467e-04,44484,18.01
143000,17875,1757184000,3.5785,,,2.998465e-04,43940,18.01
143050,17881,1757798400,3.5294,,,2.998464e-04,42888,18.01
143100,17887,1758412800,3.5604,,,2.998463e-04,44611,18.01
143150,17893,1759027200,3.5557,,,2.998462e-04,44370,18.01
143200,17900,1759641600,3.5093,,,2.998461e-04,43633,18.01
143250,17906,1760256000,3.5039,,,2.998460e-04,44584,18.01
143300,17912,1760870400,3.5507,,,2.998459e-04,44191,18.01
143350,17918,1761484800,3.5650,,,2.998458e-04,44442,18.01
143400,17925,1762099200,3.5492,,,2.998456e-04,43875,18.01
143450,17931,1762713600,3.5875,,,2.998455e-04,44544,18.01
143500,17937,1763328000,3.5278,,,2.998454e-04,44479,18.01
143550,17943,1763942400,3.5354,,,2.998453e-04,42957,18.01
143600,17950,1764556800,3.5395,,,2.998452e-04,43820,18.01
143650,17956,1765171200,3.5188,,,2.998451e-04,44345,18.01
143700,17962,1765785600,3.5276,,,2.998450e-04,44443,18.01
143750,17968,1766400000,3.5602,,,2.998449e-04,44544,18.01
143800,17975,1767014400,3.5443,,,2.998448e-04,43868,18.01
143850,17981,1767628800,3.5325,,,2.998446e-04,44302,18.01
143900,17987,1768243200,3.5337,,,2.998445e-04,44438,18.01
143950,17993,1768857600,3.5301,,,2.998444e-04,44445,18.01
144000,18000,1769472000,3.5357,,,2.998443e-04,43880,18.01
144050,18006,1770086400,3.5249,,,2.998442e-04,42843,18.01
144100,18012,1770700800,3.5487,,,2.998441e-04,44349,18.01
144150,18018,1771315200,3.5352,,,2.998440e-04,44331,18.01
144200,18025,1771929600,3.5851,,,2.998439e-04,43941,18.01
144250,18031,1772544000,3.5255,,,2.998438e-04,44209,18.01
144300,18037,1773158400,3.5285,,,2.998436e-04,44300,18.01
144350,18043,1773772800,3.5553,,,2.998435e-04,44288,18.01
144400,18050,1774387200,3.5298,,,2.998434e-04,43888,18.01
144450,18056,1775001600,3.5015,,,2.998433e-04,44281,18.01
144500,18062,1775616000,3.4996,,,2.998432e-04,44339,18.01
144550,18068,1776230400,3.5511,,,2.998431e-04,42831,18.01
144600,18075,1776844800,3.5370,,,2.998430e-04,43574,18.01
144650,18081,1777459200,3.5205,,,2.998429e-04,44469,18.01
144700,18087,1778073600,3.5452,,,2.998427e-04,44354,18.01
144750,18093,1778688000,3.5629,,,2.998426e-04,43969,18.01
144800,18100,1779302400,3.5721,,,2.998425e-04,43550,18.01
144850,18106,1779916800,3.5243,,,2.998424e-04,44180,18.01
144900,18112,1780531200,3.5337,,,2.998423e-04,44308,18.01
144950,18118,1781145600,3.5342,,,2.998422e-04,44332,18.01
145000,18125,1781760000,3.5869,,,2.998421e-04,43565,18.01
145050,18131,1782374400,3.5552,,,2.998420e-04,32991,18.01
145100,18137,1782988800,3.5637,,,2.998418e-04,44668,18.01
145150,18143,1783603200,3.5247,,,2.998417e-04,44555,18.01
145200,18150,1784217600,3.5607,,,2.998416e-04,43823,18.01
145250,18156,1784832000,3.5738,,,2.998415e-04,44490,18.01
145300,18162,1785446400,3.4788,,,2.998414e-04,44271,18.01
145350,18168,1786060800,3.5556,,,2.998413e-04,44252,18.01
145400,18175,1786675200,3.5723,,,2.998412e-04,43863,18.01
145450,18181,1787289600,3.5396,,,2.998411e-04,44392,18.01
145500,18187,1787904000,3.5138,,,2.998409e-04,44149,18.01
145550,18193,1788518400,3.5501,,,2.998408e-04,42890,18.01
145600,18200,1789132800,3.5682,,,2.998407e-04,43841,18.01
145650,18206,1789747200,3.5465,,,2.998406e-04,44451,18.01
145700,18212,1790361600,3.5820,,,2.998405e-04,44375,18.01
145750,18218,1790976000,3.5420,,,2.998404e-04,44340,18.01
145800,18225,1791590400,3.5349,,,2.998403e-04,43711,18.01
145850,18231,1792204800,3.6097,,,2.998401e-04,44250,18.01
145900,18237,1792819200,3.5243,,,2.998400e-04,44350,18.01
145950,18243,1793433600,3.5592,,,2.998399e-04,44409,18.01
146000,18250,1794048000,3.5177,,,2.998398e-04,43809,18.01
146050,18256,1794662400,3.5512,,,2.998397e-04,42907,18.01
146100,18262,1795276800,3.4876,,,2.998396e-04,44647,18.01
146150,18268,1795891200,3.5486,,,2.998395e-04,44371,18.01
146200,18275,1796505600,3.5258,,,2.998394e-04,43753,18.01
146250,18281,1797120000,3.5462,,,2.998392e-04,44545,18.01
146300,18287,1797734400,3.5196,,,2.998391e-04,44248,18.01
146350,18293,1798348800,3.5431,,,2.998390e-04,44462,18.01
146400,18300,1798963200,3.5833,,,2.998389e-04,43920,18.01
146450,18306,1799577600,3.5322,,,2.998388e-04,44313,18.01
146500,18312,1800192000,3.5315,,,2.998387e-04,44617,18.01
146550,18318,1800806400,3.5367,,,2.998386e-04,42916,18.01
146600,18325,1801420800,3.4940,,,2.998384e-04,43787,18.01
146650,18331,1802035200,3.5150,,,2.998383e-04,44603,18.01
146700,18337,1802649600,3.5705,,,2.998382e-04,44158,18.01
146750,18343,1803264000,3.5452,,,2.998381e-04,44378,18.01
146800,18350,1803878400,3.5478,,,2.998380e-04,43797,18.01
146850,18356,1804492800,3.5837,,,2.998379e-04,44294,18.01
146900,18362,1805107200,3.5613,,,2.998378e-04,44334,18.01
146950,18368,1805721600,3.5821,,,2.998377e-04,44616,18.01
147000,18375,1806336000,3.5395,,,2.998375e-04,44013,18.01
147050,18381,1806950400,3.5579,,,2.998374e-04,42834,18.01
147100,18387,1807564800,3.5480,,,2.998373e-04,44171,18.01
147150,18393,1808179200,3.5530,,,2.998372e-04,44235,18.01
147200,18400,1808793600,3.5355,,,2.998371e-04,44039,18.01
147250,18406,1809408000,3.5453,,,2.998370e-04,44520,18.01
147300,18412,1810022400,3.5066,,,2.998369e-04,44134,18.01
147350,18418,1810636800,3.5294,,,2.998367e-04,44463,18.01
147400,18425,1811251200,3.6091,,,2.998366e-04,43792,18.01
147450,18431,1811865600,3.5453,,,2.998365e-04,44311,18.01
147500,18437,1812480000,3.6013,,,2.998364e-04,44298,18.01
147550,18443,1813094400,3.5119,,,2.998363e-04,42954,18.01
147600,18450,1813708800,3.5014,,,2.998362e-04,43778,18.01
147650,18456,1814323200,3.5355,,,2.998360e-04,44406,18.01
147700,18462,1814937600,3.5571,,,2.998359e-04,44357,18.01
147750,18468,1815552000,3.5078,,,2.998358e-04,44174,18.01
147800,18475,1816166400,3.5439,,,2.998357e-04,44001,18.01
147850,18481,1816780800,3.5268,,,2.998356e-04,44189,18.01
147900,18487,1817395200,3.5165,,,2.998355e-04,44157,18.01
147950,18493,1818009600,3.5379,,,2.998354e-04,44366,18.01
148000,18500,1818624000,3.5785,,,2.998352e-04,43806,18.01
148050,18506,1819238400,3.5316,,,2.998351e-04,42779,18.01
148100,18512,1819852800,3.5265,,,2.998350e-04,44384,18.01
148150,18518,1820467200,3.5540,,,2.998349e-04,44315,18.01
148200,18525,1821081600,3.5239,,,2.998348e-04,43642,18.01
148250,18531,1821696000,3.5393,,,2.998347e-04,44376,18.01
148300,18537,1822310400,3.5068,,,2.998346e-04,44253,18.01
148350,18543,1822924800,3.5520,,,2.998344e-04,44280,18.01
148400,18550,1823539200,3.4826,,,2.998343e-04,43827,18.01
148450,18556,1824153600,3.5396,,,2.998342e-04,44295,18.01
148500,18562,1824768000,3.5078,,,2.998341e-04,44373,18.01
148550,18568,1825382400,3.5672,,,2.998340e-04,42783,18.01
148600,18575,1825996800,3.5558,,,2.998339e-04,43697,18.01
148650,18581,1826611200,3.5404,,,2.998337e-04,44456,18.01
148700,18587,1827225600,3.5219,,,2.998336e-04,44375,18.01
148750,18593,1827840000,3.5547,,,2.998335e-04,44245,18.01
148800,18600,1828454400,3.5103,,,2.998334e-04,43660,18.01
148850,18606,1829068800,3.5201,,,2.998333e-04,44179,18.01
148900,18612,1829683200,3.5329,,,2.998332e-04,44135,18.01
148950,18618,1830297600,3.5567,,,2.998331e-04,44210,18.01
149000,18625,1830912000,3.5271,,,2.998329e-04,43746,18.01
149050,18631,1831526400,3.5264,,,2.998328e-04,42721,18.01
149100,18637,1832140800,3.5613,,,2.998327e-04,44222,18.01
149150,18643,1832755200,3.5052,,,2.998326e-04,44347,18.01
149200,18650,1833369600,3.4975,,,2.998325e-04,43638,18.01
149250,18656,1833984000,3.5474,,,2.998324e-04,44150,18.01
149300,18662,1834598400,3.5085,,,2.998322e-04,44348,18.01
149350,18668,1835212800,3.5333,,,2.998321e-04,44187,18.01
149400,18675,1835827200,3.5225,,,2.998320e-04,43687,18.01
149450,18681,1836441600,3.5328,,,2.998319e-04,44498,18.01
149500,18687,1837056000,3.5230,,,2.998318e-04,44423,18.01
149550,18693,1837670400,3.5380,,,2.998317e-04,42932,18.01
149600,18700,1838284800,3.5270,,,2.998315e-04,43815,18.01
149650,18706,1838899200,3.5406,,,2.998314e-04,44278,18.01
149700,18712,1839513600,3.5698,,,2.998313e-04,44567,18.01
149750,18718,1840128000,3.5173,,,2.998312e-04,44553,18.01
149800,18725,1840742400,3.5599,,,2.998311e-04,43902,18.01
149850,18731,1841356800,3.5718,,,2.998310e-04,44400,18.01
149900,18737,1841971200,3.5622,,,2.998308e-04,44282,18.01
149950,18743,1842585600,3.5707,,,2.998307e-04,44521,18.01
150000,18750,1843200000,3.5418,,,2.998306e-04,44013,18.01
150050,18756,1843814400,3.5453,,,2.998305e-04,33158,18.01
150100,18762,1844428800,3.5214,,,2.998304e-04,44626,18.01
150150,18768,1845043200,3.4981,,,2.998303e-04,44531,18.01
150200,18775,1845657600,3.5407,,,2.998301e-04,43312,18.01
150250,18781,1846272000,3.5693,,,2.998300e-04,44545,18.01
150300,18787,1846886400,3.5146,,,2.998299e-04,44584,18.01
150350,18793,1847500800,3.5146,,,2.998298e-04,44447,18.01
150400,18800,1848115200,3.4853,,,2.998297e-04,43762,18.01
150450,18806,1848729600,3.5146,,,2.998296e-04,44499,18.01
150500,18812,1849344000,3.5393,,,2.998294e-04,44222,18.01
150550,18818,1849958400,3.5662,,,2.998293e-04,43184,18.01
150600,18825,1850572800,3.5145,,,2.998292e-04,43838,18.01
150650,18831,1851187200,3.5495,,,2.998291e-04,44418,18.01
150700,18837,1851801600,3.5436,,,2.998290e-04,44322,18.01
150750,18843,1852416000,3.5115,,,2.998289e-04,44521,18.01
150800,18850,1853030400,3.5888,,,2.998287e-04,43901,18.01
150850,18856,1853644800,3.5243,,,2.998286e-04,44507,18.01
150900,18862,1854259200,3.5339,,,2.998285e-04,44201,18.01
150950,18868,1854873600,3.5521,,,2.998284e-04,44541,18.01
151000,18875,1855488000,3.4920,,,2.998283e-04,43494,18.01
151050,18881,1856102400,3.5399,,,2.998281e-04,42707,18.01
151100,18887,1856716800,3.5233,,,2.998280e-04,44627,18.01
151150,18893,1857331200,3.5128,,,2.998279e-04,44108,18.01
151200,18900,1857945600,3.5053,,,2.998278e-04,43848,18.01
151250,18906,1858560000,3.4966,,,2.998277e-04,44570,18.01
151300,18912,1859174400,3.5362,,,2.998276e-04,44202,18.01
151350,18918,1859788800,3.5377,,,2.998275e-04,44197,18.01
151400,18925,1860403200,3.5310,,,2.998273e-04,43695,18.01
151450,18931,1861017600,3.5330,,,2.998272e-04,44214,18.01
151500,18937,1861632000,3.5206,,,2.998271e-04,44246,18.01
151550,18943,1862246400,3.5167,,,2.998270e-04,42707,18.01
151600,18950,1862860800,3.5569,,,2.998268e-04,43625,18.01
151650,18956,1863475200,3.5285,,,2.998267e-04,44285,18.01
151700,18962,1864089600,3.5104,,,2.998266e-04,44429,18.01
151750,18968,1864704000,3.5075,,,2.998265e-04,44267,18.01
151800,18975,1865318400,3.5307,,,2.998264e-04,43779,18.01
151850,18981,1865932800,3.5308,,,2.998263e-04,44359,18.01
151900,18987,1866547200,3.5130,,,2.998261e-04,44144,18.01
151950,18993,1867161600,3.4659,,,2.998260e-04,44348,18.01
152000,19000,1867776000,3.5136,,,2.998259e-04,43883,18.01
152050,19006,1868390400,3.5526,,,2.998258e-04,42923,18.01
152100,19012,1869004800,3.5567,,,2.998257e-04,44225,18.01
152150,19018,1869619200,3.5355,,,2.998256e-04,44261,18.01
152200,19025,1870233600,3.4867,,,2.998254e-04,43735,18.01
152250,19031,1870848000,3.5419,,,2.998253e-04,44301,18.01
152300,19037,1871462400,3.4825,,,2.998252e-04,44470,18.01
152350,19043,1872076800,3.5191,,,2.998251e-04,43951,18.01
152400,19050,1872691200,3.5272,,,2.998250e-04,43813,18.01
152450,19056,1873305600,3.4910,,,2.998248e-04,44151,18.01
152500,19062,1873920000,3.5141,,,2.998247e-04,44224,18.01
152550,19068,1874534400,3.5438,,,2.998246e-04,43047,18.01
152600,19075,1875148800,3.5934,,,2.998245e-04,44092,18.01
152650,19081,1875763200,3.5088,,,2.998244e-04,44134,18.01
152700,19087,1876377600,3.5339,,,2.998243e-04,44542,18.01
152750,19093,1876992000,3.5226,,,2.998241e-04,44421,18.01
152800,19100,1877606400,3.5631,,,2.998240e-04,43848,18.01
152850,19106,1878220800,3.5117,,,2.998239e-04,44412,18.01
152900,19112,1878835200,3.5680,,,2.998238e-04,44696,18.01
152950,19118,1879449600,3.5084,,,2.998237e-04,44542,18.01
153000,19125,1880064000,3.5046,,,2.998235e-04,43911,18.01
153050,19131,1880678400,3.5669,,,2.998234e-04,42952,18.01
153100,19137,1881292800,3.4883,,,2.998233e-04,44347,18.01
153150,19143,1881907200,3.5129,,,2.998232e-04,44423,18.01
153200,19150,1882521600,3.5197,,,2.998231e-04,43940,18.01
153250,19156,1883136000,3.5386,,,2.998229e-04,44536,18.01
153300,19162,1883750400,3.5717,,,2.998228e-04,44409,18.01
153350,19168,1884364800,3.5120,,,2.998227e-04,44539,18.01
153400,19175,1884979200,3.5209,,,2.998226e-04,44021,18.01
153450,19181,1885593600,3.4742,,,2.998225e-04,44544,18.01
153500,19187,1886208000,3.5524,,,2.998223e-04,44471,18.01
153550,19193,1886822400,3.5159,,,2.998222e-04,43057,18.01
153600,19200,1887436800,3.5322,,,2.998221e-04,44001,18.01
153650,19206,1888051200,3.5207,,,2.998220e-04,44529,18.01
153700,19212,1888665600,3.5717,,,2.998219e-04,44319,18.01
153750,19218,1889280000,3.5076,,,2.998218e-04,44527,18.01
153800,19225,1889894400,3.5148,,,2.998216e-04,43851,18.01
153850,19231,1890508800,3.5397,,,2.998215e-04,44337,18.01
153900,19237,1891123200,3.5455,,,2.998214e-04,44522,18.01
153950,19243,1891737600,3.5339,,,2.998213e-04,44395,18.01
154000,19250,1892352000,3.5141,,,2.998211e-04,43817,18.01
154050,19256,1892966400,3.5682,,,2.998210e-04,43104,18.01
154100,19262,1893580800,3.5061,,,2.998209e-04,44377,18.01
154150,19268,1894195200,3.5210,,,2.998208e-04,44546,18.01
154200,19275,1894809600,3.5710,,,2.998207e-04,43950,18.01
154250,19281,1895424000,3.5576,,,2.998205e-04,44370,18.01
154300,19287,1896038400,3.5254,,,2.998204e-04,44326,18.01
154350,19293,1896652800,3.5744,,,2.998203e-04,44365,18.01
154400,19300,1897267200,3.5099,,,2.998202e-04,43424,18.01
154450,19306,1897881600,3.4805,,,2.998201e-04,44479,18.01
154500,19312,1898496000,3.5643,,,2.998200e-04,44343,18.01
154550,19318,1899110400,3.5311,,,2.998198e-04,42786,18.01
154600,19325,1899724800,3.5440,,,2.998197e-04,43935,18.01
154650,19331,1900339200,3.5782,,,2.998196e-04,44598,18.01
154700,19337,1900953600,3.4964,,,2.998195e-04,44282,18.01
154750,19343,1901568000,3.5389,,,2.998194e-04,44373,18.01
154800,19350,1902182400,3.5726,,,2.998192e-04,43941,18.01
154850,19356,1902796800,3.5047,,,2.998191e-04,44399,18.01
154900,19362,1903411200,3.4757,,,2.998190e-04,44382,18.01
154950,19368,1904025600,3.5881,,,2.998189e-04,44185,18.01
155000,19375,1904640000,3.5603,,,2.998187e-04,43699,18.01
155050,19381,1905254400,3.4921,,,2.998186e-04,33346,18.01
155100,19387,1905868800,3.5103,,,2.998185e-04,44255,18.01
155150,19393,1906483200,3.5383,,,2.998184e-04,44196,18.01
155200,19400,1907097600,3.5019,,,2.998183e-04,43800,18.01
155250,19406,1907712000,3.5227,,,2.998181e-04,44393,18.01
155300,19412,1908326400,3.4828,,,2.998180e-04,44231,18.01
155350,19418,1908940800,3.5176,,,2.998179e-04,44397,18.01
155400,19425,1909555200,3.4913,,,2.998178e-04,43801,18.01
155450,19431,1910169600,3.5317,,,2.998177e-04,44393,18.01
155500,19437,1910784000,3.5190,,,2.998175e-04,44058,18.01
155550,19443,1911398400,3.5209,,,2.998174e-04,42992,18.01
155600,19450,1912012800,3.5312,,,2.998173e-04,43607,18.01
155650,19456,1912627200,3.5344,,,2.998172e-04,44501,18.01
155700,19462,1913241600,3.5143,,,2.998171e-04,44331,18.01
155750,19468,1913856000,3.4914,,,2.998169e-04,44361,18.01
155800,19475,1914470400,3.5525,,,2.998168e-04,43931,18.01
155850,19481,1915084800,3.5259,,,2.998167e-04,44121,18.01
155900,19487,1915699200,3.5112,,,2.998166e-04,44457,18.01
155950,19493,1916313600,3.5616,,,2.998165e-04,44375,18.01
156000,19500,1916928000,3.5377,,,2.998163e-04,43866,18.01
156050,19506,1917542400,3.5298,,,2.998162e-04,42928,18.01
156100,19512,1918156800,3.5324,,,2.998161e-04,44335,18.01
156150,19518,1918771200,3.5221,,,2.998160e-04,44328,18.01
156200,19525,1919385600,3.5554,,,2.998158e-04,43598,18.01
156250,19531,1920000000,3.5369,,,2.998157e-04,44611,18.01
156300,19537,1920614400,3.5254,,,2.998156e-04,44344,18.01
156350,19543,1921228800,3.5207,,,2.998155e-04,44307,18.01
156400,19550,1921843200,3.5393,,,2.998153e-04,43870,18.01
156450,19556,1922457600,3.5174,,,2.998152e-04,44409,18.01
156500,19562,1923072000,3.5027,,,2.998151e-04,44357,18.01
156550,19568,1923686400,3.5107,,,2.998150e-04,43094,18.01
156600,19575,1924300800,3.5001,,,2.998149e-04,44028,18.01
156650,19581,1924915200,3.5030,,,2.998147e-04,44377,18.01
156700,19587,1925529600,3.5344,,,2.998146e-04,44443,18.01
156750,19593,1926144000,3.5278,,,2.998145e-04,44594,18.01
156800,19600,1926758400,3.5340,,,2.998144e-04,43940,18.01
156850,19606,1927372800,3.5067,,,2.998142e-04,44487,18.01
156900,19612,1927987200,3.5450,,,2.998141e-04,44379,18.01
156950,19618,1928601600,3.5488,,,2.998140e-04,44294,18.01
157000,19625,1929216000,3.5204,,,2.998139e-04,43784,18.01
157050,19631,1929830400,3.5386,,,2.998138e-04,42852,18.01
157100,19637,1930444800,3.5518,,,2.998136e-04,44392,18.01
157150,19643,1931059200,3.5295,,,2.998135e-04,44510,18.01
157200,19650,1931673600,3.5065,,,2.998134e-04,43744,18.01
157250,19656,1932288000,3.5407,,,2.998133e-04,44547,18.01
157300,19662,1932902400,3.5094,,,2.998132e-04,44397,18.01
157350,19668,1933516800,3.5569,,,2.998130e-04,44436,18.01
157400,19675,1934131200,3.5626,,,2.998129e-04,43855,18.01
157450,19681,1934745600,3.5005,,,2.998128e-04,44360,18.01
157500,19687,1935360000,3.4748,,,2.998127e-04,44195,18.01
157550,19693,1935974400,3.5709,,,2.998125e-04,43199,18.01
157600,19700,1936588800,3.5808,,,2.998124e-04,44066,18.01
157650,19706,1937203200,3.5196,,,2.998123e-04,44375,18.01
157700,19712,1937817600,3.5520,,,2.998122e-04,44116,18.01
157750,19718,1938432000,3.5037,,,2.998121e-04,44271,18.01
157800,19725,1939046400,3.5133,,,2.998119e-04,44044,18.01
157850,19731,1939660800,3.5028,,,2.998118e-04,44273,18.01
157900,19737,1940275200,3.5988,,,2.998117e-04,44115,18.01
157950,19743,1940889600,3.5953,,,2.998116e-04,44340,18.01
158000,19750,1941504000,3.4991,,,2.998114e-04,43901,18.01
158050,19756,1942118400,3.5125,,,2.998113e-04,42866,18.01
158100,19762,1942732800,3.5271,,,2.998112e-04,44496,18.01
158150,19768,1943347200,3.5231,,,2.998111e-04,44132,18.01
158200,19775,1943961600,3.5336,,,2.998109e-04,43621,18.01
158250,19781,1944576000,3.4959,,,2.998108e-04,44242,18.01
158300,19787,1945190400,3.4896,,,2.998107e-04,44409,18.01
158350,19793,1945804800,3.5006,,,2.998106e-04,44075,18.01
158400,19800,1946419200,3.4859,,,2.998104e-04,43860,18.01
158450,19806,1947033600,3.5256,,,2.998103e-04,44184,18.01
158500,19812,1947648000,3.5335,,,2.998102e-04,44577,18.01
158550,19818,1948262400,3.4835,,,2.998101e-04,42924,18.01
158600,19825,1948876800,3.4675,,,2.998099e-04,43748,18.01
158650,19831,1949491200,3.5302,,,2.998098e-04,44252,18.01
158700,19837,1950105600,3.5443,,,2.998097e-04,43945,18.01
158750,19843,1950720000,3.5089,,,2.998096e-04,44349,18.01
158800,19850,1951334400,3.5254,,,2.998095e-04,43778,18.01
158850,19856,1951948800,3.5493,,,2.998093e-04,44432,18.01
158900,19862,1952563200,3.5181,,,2.998092e-04,44275,18.01
158950,19868,1953177600,3.5063,,,2.998091e-04,44404,18.01
159000,19875,1953792000,3.4945,,,2.998090e-04,43650,18.01
159050,19881,1954406400,3.5145,,,2.998088e-04,42838,18.01
159100,19887,1955020800,3.5018,,,2.998087e-04,44372,18.01
159150,19893,1955635200,3.5262,,,2.998086e-04,44562,18.01
159200,19900,1956249600,3.5660,,,2.998085e-04,43616,18.01
159250,19906,1956864000,3.5045,,,2.998083e-04,44396,18.01
159300,19912,1957478400,3.5460,,,2.998082e-04,44197,18.01
159350,19918,1958092800,3.5481,,,2.998081e-04,44400,18.01
159400,19925,1958707200,3.5018,,,2.998080e-04,43551,18.01
159450,19931,1959321600,3.5054,,,2.998078e-04,44553,18.01
159500,19937,1959936000,3.4923,,,2.998077e-04,44288,18.01
159550,19943,1960550400,3.5290,,,2.998076e-04,43106,18.01
159600,19950,1961164800,3.5388,,,2.998075e-04,43939,18.01
159650,19956,1961779200,3.5511,,,2.998073e-04,44353,18.01
159700,19962,1962393600,3.5220,,,2.998072e-04,44370,18.01
159750,19968,1963008000,3.5219,,,2.998071e-04,44531,18.01
159800,19975,1963622400,3.5387,,,2.998070e-04,43859,18.01
159850,19981,1964236800,3.5131,,,2.998068e-04,44375,18.01
159900,19987,1964851200,3.5160,,,2.998067e-04,44478,18.01
159950,19993,1965465600,3.5325,,,2.998066e-04,44564,18.01
160000,20000,1966080000,3.4806,,,2.998065e-04,44038,18.01
160050,20006,1966694400,3.4998,,,2.998064e-04,33188,18.01
160100,20012,1967308800,3.4897,,,2.998062e-04,44525,18.01
160150,20018,1967923200,3.5222,,,2.998061e-04,44423,18.01
160200,20025,1968537600,3.5247,,,2.998060e-04,44134,18.01
160250,20031,1969152000,3.5780,,,2.998059e-04,44487,18.01
160300,20037,1969766400,3.5260,,,2.998057e-04,44353,18.01
160350,20043,1970380800,3.5296,,,2.998056e-04,44459,18.01
160400,20050,1970995200,3.5092,,,2.998055e-04,43541,18.01
160450,20056,1971609600,3.5098,,,2.998054e-04,44453,18.01
160500,20062,1972224000,3.5387,,,2.998052e-04,44588,18.01
160550,20068,1972838400,3.5670,,,2.998051e-04,42995,18.01
160600,20075,1973452800,3.4850,,,2.998050e-04,43970,18.01
160650,20081,1974067200,3.5170,,,2.998049e-04,44524,18.01
160700,20087,1974681600,3.5342,,,2.998047e-04,44295,18.01
160750,20093,1975296000,3.4809,,,2.998046e-04,44715,18.01
160800,20100,1975910400,3.4871,,,2.998045e-04,43809,18.01
160850,20106,1976524800,3.4975,,,2.998043e-04,44461,18.01
160900,20112,1977139200,3.5115,,,2.998042e-04,44112,18.01
160950,20118,1977753600,3.5308,,,2.998041e-04,44175,18.01
161000,20125,1978368000,3.5385,,,2.998040e-04,44014,18.01
161050,20131,1978982400,3.4946,,,2.998038e-04,42811,18.01
161100,20137,1979596800,3.4839,,,2.998037e-04,44258,18.01
161150,20143,1980211200,3.5252,,,2.998036e-04,44100,18.01
161200,20150,1980825600,3.5616,,,2.998035e-04,43961,18.01
161250,20156,1981440000,3.5104,,,2.998033e-04,44135,18.01
161300,20162,1982054400,3.5140,,,2.998032e-04,44592,18.01
161350,20168,1982668800,3.5073,,,2.998031e-04,44221,18.01
161400,20175,1983283200,3.5014,,,2.998030e-04,43885,18.01
161450,20181,1983897600,3.4859,,,2.998028e-04,44425,18.01
161500,20187,1984512000,3.5275,,,2.998027e-04,44370,18.01
161550,20193,1985126400,3.4757,,,2.998026e-04,42894,18.01
161600,20200,1985740800,3.5750,,,2.998025e-04,43936,18.01
161650,20206,1986355200,3.5396,,,2.998023e-04,44506,18.01
161700,20212,1986969600,3.5097,,,2.998022e-04,44436,18.01
161750,20218,1987584000,3.5164,,,2.998021e-04,44350,18.01
161800,20225,1988198400,3.5333,,,2.998020e-04,43710,18.01
161850,20231,1988812800,3.5366,,,2.998018e-04,44522,18.01
161900,20237,1989427200,3.5611,,,2.998017e-04,44317,18.01
161950,20243,1990041600,3.5255,,,2.998016e-04,44252,18.01
162000,20250,1990656000,3.5403,,,2.998015e-04,43781,18.01
162050,20256,1991270400,3.5227,,,2.998013e-04,42814,18.01
162100,20262,1991884800,3.5453,,,2.998012e-04,44137,18.01
162150,20268,1992499200,3.4855,,,2.998011e-04,44285,18.01
162200,20275,1993113600,3.5089,,,2.998009e-04,43992,18.01
162250,20281,1993728000,3.4871,,,2.998008e-04,44278,18.01
162300,20287,1994342400,3.5341,,,2.998007e-04,44095,18.01
162350,20293,1994956800,3.4788,,,2.998006e-04,44556,18.01
162400,20300,1995571200,3.5414,,,2.998004e-04,43821,18.01
162450,20306,1996185600,3.5348,,,2.998003e-04,44481,18.01
162500,20312,1996800000,3.5308,,,2.998002e-04,44438,18.01
162550,20318,1997414400,3.4785,,,2.998001e-04,42855,18.01
162600,20325,1998028800,3.5037,,,2.997999e-04,43694,18.01
162650,20331,1998643200,3.4941,,,2.997998e-04,44404,18.01
162700,20337,1999257600,3.5214,,,2.997997e-04,44113,18.01
162750,20343,1999872000,3.4652,,,2.997996e-04,44291,18.01
162800,20350,2000486400,3.5264,,,2.997994e-04,43546,18.01
162850,20356,2001100800,3.4824,,,2.997993e-04,44571,18.01
162900,20362,2001715200,3.5246,,,2.997992e-04,44436,18.01
162950,20368,2002329600,3.4949,,,2.997991e-04,44194,18.01
163000,20375,2002944000,3.5442,,,2.997989e-04,43917,18.01
163050,20381,2003558400,3.5171,,,2.997988e-04,42910,18.01
163100,20387,2004172800,3.5301,,,2.997987e-04,44298,18.01
163150,20393,2004787200,3.5030,,,2.997986e-04,44461,18.01
163200,20400,2005401600,3.5103,,,2.997984e-04,43997,18.01
163250,20406,2006016000,3.5541,,,2.997983e-04,44507,18.01
163300,20412,2006630400,3.4858,,,2.997982e-04,44537,18.01
163350,20418,2007244800,3.5000,,,2.997980e-04,44339,18.01
163400,20425,2007859200,3.5175,,,2.997979e-04,43998,18.01
163450,20431,2008473600,3.5501,,,2.997978e-04,44615,18.01
163500,20437,2009088000,3.5229,,,2.997977e-04,44356,18.01
163550,20443,2009702400,3.5302,,,2.997975e-04,42880,18.01
163600,20450,2010316800,3.5056,,,2.997974e-04,43832,18.01
163650,20456,2010931200,3.4897,,,2.997973e-04,44283,18.01
163700,20462,2011545600,3.5214,,,2.997971e-04,44356,18.01
163750,20468,2012160000,3.5348,,,2.997970e-04,44427,18.01
163800,20475,2012774400,3.5077,,,2.997969e-04,43936,18.01
163850,20481,2013388800,3.5491,,,2.997968e-04,44341,18.01
163900,20487,2014003200,3.5280,,,2.997966e-04,44389,18.01
163950,20493,2014617600,3.5233,,,2.997965e-04,44315,18.01
164000,20500,2015232000,3.5081,,,2.997964e-04,43990,18.01
164050,20506,2015846400,3.4615,,,2.997962e-04,43046,18.01
164100,20512,2016460800,3.5213,,,2.997961e-04,44499,18.01
164150,20518,2017075200,3.5278,,,2.997960e-04,44440,18.01
164200,20525,2017689600,3.5189,,,2.997959e-04,43887,18.01
164250,20531,2018304000,3.5106,,,2.997957e-04,44440,18.01
164300,20537,2018918400,3.5162,,,2.997956e-04,44455,18.01
164350,20543,2019532800,3.5183,,,2.997955e-04,44384,18.01
164400,20550,2020147200,3.4962,,,2.997953e-04,43923,18.01
164450,20556,2020761600,3.5039,,,2.997952e-04,44579,18.01
164500,20562,2021376000,3.5114,,,2.997951e-04,44573,18.01
164550,20568,2021990400,3.5386,,,2.997950e-04,42814,18.01
164600,20575,2022604800,3.5603,,,2.997948e-04,43858,18.01
164650,20581,2023219200,3.4504,,,2.997947e-04,44515,18.01
164700,20587,2023833600,3.4762,,,2.997946e-04,44450,18.01
164750,20593,2024448000,3.5346,,,2.997945e-04,44409,18.01
164800,20600,2025062400,3.5420,,,2.997943e-04,43956,18.01
164850,20606,2025676800,3.5087,,,2.997942e-04,44458,18.01
164900,20612,2026291200,3.5138,,,2.997941e-04,44217,18.01
164950,20618,2026905600,3.5025,,,2.997939e-04,44441,18.01
165000,20625,2027520000,3.5003,,,2.997938e-04,43803,18.01
165050,20631,2028134400,3.5201,,,2.997937e-04,33127,18.01
165100,20637,2028748800,3.5121,,,2.997936e-04,44100,18.01
165150,20643,2029363200,3.5054,,,2.997934e-04,44538,18.01
165200,20650,2029977600,3.4984,,,2.997933e-04,44117,18.01
165250,20656,2030592000,3.4779,,,2.997932e-04,44552,18.01
165300,20662,2031206400,3.5143,,,2.997930e-04,44243,18.01
165350,20668,2031820800,3.5324,,,2.997929e-04,44279,18.01
165400,20675,2032435200,3.5333,,,2.997928e-04,44081,18.01
165450,20681,2033049600,3.5641,,,2.997926e-04,44228,18.01
165500,20687,2033664000,3.4733,,,2.997925e-04,44455,18.01
165550,20693,2034278400,3.4955,,,2.997924e-04,42966,18.01
165600,20700,2034892800,3.5317,,,2.997923e-04,44082,18.01
165650,20706,2035507200,3.4644,,,2.997921e-04,44101,18.01
165700,20712,2036121600,3.4877,,,2.997920e-04,44249,18.01
165750,20718,2036736000,3.5082,,,2.997919e-04,44198,18.01
165800,20725,2037350400,3.5260,,,2.997917e-04,43836,18.01
165850,20731,2037964800,3.5080,,,2.997916e-04,44300,18.01
165900,20737,2038579200,3.4780,,,2.997915e-04,44463,18.01
165950,20743,2039193600,3.4794,,,2.997914e-04,44415,18.01
166000,20750,2039808000,3.4952,,,2.997912e-04,43655,18.01
166050,20756,2040422400,3.5338,,,2.997911e-04,42925,18.01
166100,20762,2041036800,3.5405,,,2.997910e-04,44423,18.01
166150,20768,2041651200,3.4966,,,2.997908e-04,44308,18.01
166200,20775,2042265600,3.5312,,,2.997907e-04,43817,18.01
166250,20781,2042880000,3.4766,,,2.997906e-04,44607,18.01
166300,20787,2043494400,3.5639,,,2.997905e-04,44088,18.01
166350,20793,2044108800,3.4838,,,2.997903e-04,43929,18.01
166400,20800,2044723200,3.4872,,,2.997902e-04,43926,18.01
166450,20806,2045337600,3.5020,,,2.997901e-04,44643,18.01
166500,20812,2045952000,3.5285,,,2.997899e-04,44530,18.01
166550,20818,2046566400,3.5045,,,2.997898e-04,43145,18.01
166600,20825,2047180800,3.5137,,,2.997897e-04,43950,18.01
166650,20831,2047795200,3.5166,,,2.997895e-04,44494,18.01
166700,20837,2048409600,3.5406,,,2.997894e-04,44192,18.01
166750,20843,2049024000,3.5190,,,2.997893e-04,44319,18.01
166800,20850,2049638400,3.4830,,,2.997891e-04,43889,18.01
166850,20856,2050252800,3.5008,,,2.997890e-04,44325,18.01
166900,20862,2050867200,3.5621,,,2.997889e-04,44501,18.01
166950,20868,2051481600,3.5370,,,2.997888e-04,44472,18.01
167000,20875,2052096000,3.5440,,,2.997886e-04,43500,18.01
167050,20881,2052710400,3.5195,,,2.997885e-04,42956,18.01
167100,20887,2053324800,3.5482,,,2.997884e-04,44579,18.01
167150,20893,2053939200,3.4720,,,2.997882e-04,44599,18.01
167200,20900,2054553600,3.5188,,,2.997881e-04,43888,18.01
167250,20906,2055168000,3.5188,,,2.997880e-04,44409,18.01
167300,20912,2055782400,3.5326,,,2.997879e-04,44369,18.01
167350,20918,2056396800,3.5300,,,2.997877e-04,44550,18.01
167400,20925,2057011200,3.5219,,,2.997876e-04,43985,18.01
167450,20931,2057625600,3.4896,,,2.997875e-04,44484,18.01
167500,20937,2058240000,3.4990,,,2.997873e-04,44571,18.01
167550,20943,2058854400,3.5059,,,2.997872e-04,42838,18.01
167600,20950,2059468800,3.5422,,,2.997871e-04,43927,18.01
167650,20956,2060083200,3.4960,,,2.997869e-04,44641,18.01
167700,20962,2060697600,3.5342,,,2.997868e-04,44324,18.01
167750,20968,2061312000,3.4756,,,2.997867e-04,44383,18.01
167800,20975,2061926400,3.5298,,,2.997865e-04,43853,18.01
167850,20981,2062540800,3.5372,,,2.997864e-04,44419,18.01
167900,20987,2063155200,3.5123,,,2.997863e-04,44449,18.01
167950,20993,2063769600,3.5222,,,2.997862e-04,44408,18.01
168000,21000,2064384000,3.4820,,,2.997860e-04,43653,18.01
168050,21006,2064998400,3.4647,,,2.997859e-04,42753,18.01
168100,21012,2065612800,3.5109,,,2.997858e-04,44506,18.01
168150,21018,2066227200,3.5424,,,2.997856e-04,44440,18.01
168200,21025,2066841600,3.5340,,,2.997855e-04,43918,18.01
168250,21031,2067456000,3.5293,,,2.997854e-04,44484,18.01
168300,21037,2068070400,3.5409,,,2.997852e-04,44239,18.01
168350,21043,2068684800,3.5441,,,2.997851e-04,44318,18.01
168400,21050,2069299200,3.5335,,,2.997850e-04,43711,18.01
168450,21056,2069913600,3.5591,,,2.997848e-04,44196,18.01
168500,21062,2070528000,3.5434,,,2.997847e-04,44169,18.01
168550,21068,2071142400,3.4654,,,2.997846e-04,42848,18.01
168600,21075,2071756800,3.4956,,,2.997844e-04,43771,18.01
168650,21081,2072371200,3.4893,,,2.997843e-04,44309,18.01
168700,21087,2072985600,3.5286,,,2.997842e-04,44478,18.01
168750,21093,2073600000,3.4960,,,2.997841e-04,44268,18.01
168800,21100,2074214400,3.5475,,,2.997839e-04,43817,18.01
168850,21106,2074828800,3.5121,,,2.997838e-04,44186,18.01
168900,21112,2075443200,3.4817,,,2.997837e-04,44332,18.01
168950,21118,2076057600,3.5116,,,2.997835e-04,44585,18.01
169000,21125,2076672000,3.4959,,,2.997834e-04,43694,18.01
169050,21131,2077286400,3.4778,,,2.997833e-04,42976,18.01
169100,21137,2077900800,3.5633,,,2.997831e-04,44449,18.01
169150,21143,2078515200,3.5556,,,2.997830e-04,44384,18.01
169200,21150,2079129600,3.4972,,,2.997829e-04,43816,18.01
169250,21156,2079744000,3.4957,,,2.997827e-04,44361,18.01
169300,21162,2080358400,3.4421,,,2.997826e-04,44148,18.01
169350,21168,2080972800,3.5251,,,2.997825e-04,44471,18.01
169400,21175,2081587200,3.5369,,,2.997823e-04,43706,18.01
169450,21181,2082201600,3.5210,,,2.997822e-04,44400,18.01
169500,21187,2082816000,3.5010,,,2.997821e-04,44483,18.01
169550,21193,2083430400,3.5073,,,2.997819e-04,42894,18.01
169600,21200,2084044800,3.5504,,,2.997818e-04,44051,18.01
169650,21206,2084659200,3.5541,,,2.997817e-04,44451,18.01
169700,21212,2085273600,3.4814,,,2.997815e-04,44359,18.01
169750,21218,2085888000,3.5093,,,2.997814e-04,44320,18.01
169800,21225,2086502400,3.4971,,,2.997813e-04,43975,18.01
169850,21231,2087116800,3.4778,,,2.997811e-04,44485,18.01
169900,21237,2087731200,3.4948,,,2.997810e-04,44263,18.01
169950,21243,2088345600,3.4738,,,2.997809e-04,44543,18.01
170000,21250,2088960000,3.5159,,,2.997807e-04,43761,18.01
170050,21256,2089574400,3.5521,,,2.997806e-04,33107,18.01
170100,21262,2090188800,3.4691,,,2.997805e-04,44491,18.01
170150,21268,2090803200,3.5145,,,2.997804e-04,44366,18.01
170200,21275,2091417600,3.4891,,,2.997802e-04,43874,18.01
170250,21281,2092032000,3.5036,,,2.997801e-04,44494,18.01
170300,21287,2092646400,3.4889,,,2.997799e-04,44540,18.01
170350,21293,2093260800,3.5034,,,2.997798e-04,44471,18.01
170400,21300,2093875200,3.5099,,,2.997797e-04,44014,18.01
170450,21306,2094489600,3.5190,,,2.997795e-04,44578,18.01
170500,21312,2095104000,3.5174,,,2.997794e-04,44422,18.01
170550,21318,2095718400,3.5301,,,2.997793e-04,42988,18.01
170600,21325,2096332800,3.5191,,,2.997791e-04,43657,18.01
170650,21331,2096947200,3.4968,,,2.997790e-04,44580,18.01
170700,21337,2097561600,3.5604,,,2.997789e-04,44230,18.01
170750,21343,2098176000,3.5071,,,2.997788e-04,44274,18.01
170800,21350,2098790400,3.5303,,,2.997786e-04,44130,18.01
170850,21356,2099404800,3.5614,,,2.997785e-04,44318,18.01
170900,21362,2100019200,3.5051,,,2.997783e-04,44274,18.01
170950,21368,2100633600,3.4884,,,2.997782e-04,44197,18.01
171000,21375,2101248000,3.5191,,,2.997781e-04,43958,18.01
171050,21381,2101862400,3.5277,,,2.997779e-04,42988,18.01
171100,21387,2102476800,3.5020,,,2.997778e-04,44387,18.01
171150,21393,2103091200,3.5547,,,2.997777e-04,44334,18.01
171200,21400,2103705600,3.5302,,,2.997775e-04,43829,18.01
171250,21406,2104320000,3.5525,,,2.997774e-04,44500,18.01
171300,21412,2104934400,3.5208,,,2.997773e-04,44340,18.01
171350,21418,2105548800,3.4932,,,2.997772e-04,44224,18.01
171400,21425,2106163200,3.5261,,,2.997770e-04,43837,18.01
171450,21431,2106777600,3.5030,,,2.997769e-04,44594,18.01
171500,21437,2107392000,3.5231,,,2.997767e-04,44286,18.01
171550,21443,2108006400,3.5146,,,2.997766e-04,42862,18.01
171600,21450,2108620800,3.5282,,,2.997765e-04,43967,18.01
171650,21456,2109235200,3.4907,,,2.997763e-04,44390,18.01
171700,21462,2109849600,3.4854,,,2.997762e-04,44390,18.01
171750,21468,2110464000,3.4889,,,2.997761e-04,44301,18.01
171800,21475,2111078400,3.4979,,,2.997759e-04,43541,18.01
171850,21481,2111692800,3.5116,,,2.997758e-04,44431,18.01
171900,21487,2112307200,3.5244,,,2.997757e-04,44398,18.01
171950,21493,2112921600,3.5507,,,2.997755e-04,44203,18.01
172000,21500,2113536000,3.4851,,,2.997754e-04,43418,18.01
172050,21506,2114150400,3.4621,,,2.997753e-04,42852,18.01
172100,21512,2114764800,3.5129,,,2.997751e-04,44160,18.01
172150,21518,2115379200,3.5164,,,2.997750e-04,44017,18.01
172200,21525,2115993600,3.5169,,,2.997749e-04,43776,18.01
172250,21531,2116608000,3.5004,,,2.997747e-04,44460,18.01
172300,21537,2117222400,3.4886,,,2.997746e-04,44223,18.01
172350,21543,2117836800,3.5404,,,2.997745e-04,44303,18.01
172400,21550,2118451200,3.5173,,,2.997743e-04,43818,18.01
172450,21556,2119065600,3.4892,,,2.997742e-04,44490,18.01
172500,21562,2119680000,3.4970,,,2.997741e-04,44441,18.01
172550,21568,2120294400,3.4704,,,2.997739e-04,42908,18.01
172600,21575,2120908800,3.5286,,,2.997738e-04,43627,18.01
172650,21581,2121523200,3.4824,,,2.997736e-04,44384,18.01
172700,21587,2122137600,3.4942,,,2.997735e-04,44074,18.01
172750,21593,2122752000,3.5729,,,2.997734e-04,44337,18.01
172800,21600,2123366400,3.4979,,,2.997732e-04,43788,18.01
172850,21606,2123980800,3.4868,,,2.997731e-04,44351,18.01
172900,21612,2124595200,3.5273,,,2.997730e-04,44231,18.01
172950,21618,2125209600,3.5456,,,2.997729e-04,44286,18.01
173000,21625,2125824000,3.5001,,,2.997727e-04,43929,18.01
173050,21631,2126438400,3.5383,,,2.997726e-04,42885,18.01
173100,21637,2127052800,3.5466,,,2.997724e-04,44303,18.01
173150,21643,2127667200,3.5249,,,2.997723e-04,44546,18.01
173200,21650,2128281600,3.5189,,,2.997722e-04,43917,18.01
173250,21656,2128896000,3.4659,,,2.997720e-04,44549,18.01
173300,21662,2129510400,3.5260,,,2.997719e-04,44280,18.01
173350,21668,2130124800,3.4930,,,2.997718e-04,44442,18.01
173400,21675,2130739200,3.4730,,,2.997716e-04,43804,18.01
173450,21681,2131353600,3.5504,,,2.997715e-04,44383,18.01
173500,21687,2131968000,3.5014,,,2.997714e-04,44572,18.01
173550,21693,2132582400,3.5024,,,2.997712e-04,43085,18.01
173600,21700,2133196800,3.5500,,,2.997711e-04,43917,18.01
173650,21706,2133811200,3.5281,,,2.997709e-04,44601,18.01
173700,21712,2134425600,3.4806,,,2.997708e-04,44153,18.01
173750,21718,2135040000,3.5070,,,2.997707e-04,44554,18.01
173800,21725,2135654400,3.5097,,,2.997705e-04,43898,18.01
173850,21731,2136268800,3.5155,,,2.997704e-04,44556,18.01
173900,21737,2136883200,3.5104,,,2.997703e-04,44509,18.01
173950,21743,2137497600,3.5207,,,2.997701e-04,44051,18.01
174000,21750,2138112000,3.5267,,,2.997700e-04,43895,18.01
174050,21756,2138726400,3.5121,,,2.997699e-04,42951,18.01
174100,21762,2139340800,3.5187,,,2.997697e-04,44553,18.01
174150,21768,2139955200,3.5419,,,2.997696e-04,43975,18.01
174200,21775,2140569600,3.5291,,,2.997694e-04,43711,18.01
174250,21781,2141184000,3.5119,,,2.997693e-04,44532,18.01
174300,21787,2141798400,3.5292,,,2.997692e-04,44421,18.01
174350,21793,2142412800,3.5178,,,2.997691e-04,44403,18.01
174400,21800,2143027200,3.5064,,,2.997689e-04,43913,18.01
174450,21806,2143641600,3.4969,,,2.997688e-04,44463,18.01
174500,21812,2144256000,3.4979,,,2.997686e-04,44455,18.01
174550,21818,2144870400,3.4992,,,2.997685e-04,43046,18.01
174600,21825,2145484800,3.5476,,,2.997684e-04,43937,18.01
174650,21831,2146099200,3.4489,,,2.997682e-04,44546,18.01
174700,21837,2146713600,3.5095,,,2.997681e-04,44298,18.01
174750,21843,2147328000,3.4518,,,2.997680e-04,44500,18.01
174800,21850,2147942400,3.5153,,,2.997678e-04,43859,18.01
174850,21856,2148556800,3.4975,,,2.997677e-04,44481,18.01
174900,21862,2149171200,3.5401,,,2.997675e-04,44594,18.01
174950,21868,2149785600,3.4697,,,2.997674e-04,44153,18.01
175000,21875,2150400000,3.5034,,,2.997673e-04,43663,18.01
175050,21881,2151014400,3.5033,,,2.997671e-04,33191,18.01
175100,21887,2151628800,3.5328,,,2.997670e-04,44364,18.01
175150,21893,2152243200,3.5097,,,2.997669e-04,44601,18.01
175200,21900,2152857600,3.4574,,,2.997667e-04,44157,18.01
175250,21906,2153472000,3.4956,,,2.997666e-04,44461,18.01
175300,21912,2154086400,3.4924,,,2.997665e-04,44347,18.01
175350,21918,2154700800,3.5061,,,2.997663e-04,44269,18.01
175400,21925,2155315200,3.4940,,,2.997662e-04,43644,18.01
175450,21931,2155929600,3.5159,,,2.997660e-04,44515,18.01
175500,21937,2156544000,3.4768,,,2.997659e-04,44511,18.01
175550,21943,2157158400,3.5170,,,2.997658e-04,42968,18.01
175600,21950,2157772800,3.5089,,,2.997656e-04,43964,18.01
175650,21956,2158387200,3.4874,,,2.997655e-04,43904,18.01
175700,21962,2159001600,3.4867,,,2.997654e-04,44562,18.01
175750,21968,2159616000,3.5000,,,2.997652e-04,44189,18.01
175800,21975,2160230400,3.5269,,,2.997651e-04,43744,18.01
175850,21981,2160844800,3.4857,,,2.997649e-04,44440,18.01
175900,21987,2161459200,3.4790,,,2.997648e-04,44525,18.01
175950,21993,2162073600,3.4749,,,2.997647e-04,44338,18.01
176000,22000,2162688000,3.5144,,,2.997645e-04,43822,18.01
176050,22006,2163302400,3.5267,,,2.997644e-04,43027,18.01
176100,22012,2163916800,3.4552,,,2.997643e-04,44143,18.01
176150,22018,2164531200,3.4944,,,2.997641e-04,44408,18.01
176200,22025,2165145600,3.4962,,,2.997640e-04,43847,18.01
176250,22031,2165760000,3.5359,,,2.997638e-04,43801,18.01
176300,22037,2166374400,3.5215,,,2.997637e-04,44306,18.01
176350,22043,2166988800,3.4938,,,2.997636e-04,44189,18.01
176400,22050,2167603200,3.4890,,,2.997634e-04,43720,18.01
176450,22056,2168217600,3.4738,,,2.997633e-04,44543,18.01
176500,22062,2168832000,3.4855,,,2.997632e-04,44373,18.01
176550,22068,2169446400,3.5272,,,2.997630e-04,42919,18.01
176600,22075,2170060800,3.5222,,,2.997629e-04,43922,18.01
176650,22081,2170675200,3.4857,,,2.997627e-04,44423,18.01
176700,22087,2171289600,3.4735,,,2.997626e-04,44546,18.01
176750,22093,2171904000,3.5518,,,2.997625e-04,44489,18.01
176800,22100,2172518400,3.5531,,,2.997623e-04,44062,18.01
176850,22106,2173132800,3.5109,,,2.997622e-04,44338,18.01
176900,22112,2173747200,3.5197,,,2.997621e-04,44420,18.01
176950,22118,2174361600,3.5332,,,2.997619e-04,44427,18.01
177000,22125,2174976000,3.5001,,,2.997618e-04,43825,18.01
177050,22131,2175590400,3.4697,,,2.997616e-04,43164,18.01
177100,22137,2176204800,3.4995,,,2.997615e-04,44418,18.01
177150,22143,2176819200,3.4775,,,2.997614e-04,44194,18.01
177200,22150,2177433600,3.5291,,,2.997612e-04,43729,18.01
177250,22156,2178048000,3.4522,,,2.997611e-04,44516,18.01
177300,22162,2178662400,3.5097,,,2.997609e-04,44412,18.01
177350,22168,2179276800,3.5103,,,2.997608e-04,44552,18.01
177400,22175,2179891200,3.4820,,,2.997607e-04,44033,18.01
177450,22181,2180505600,3.5253,,,2.997605e-04,44338,18.01
177500,22187,2181120000,3.5038,,,2.997604e-04,44499,18.01
177550,22193,2181734400,3.5134,,,2.997603e-04,42971,18.01
177600,22200,2182348800,3.5491,,,2.997601e-04,43924,18.01
177650,22206,2182963200,3.4889,,,2.997600e-04,44625,18.01
177700,22212,2183577600,3.5048,,,2.997598e-04,44474,18.01
177750,22218,2184192000,3.5314,,,2.997597e-04,44159,18.01
177800,22225,2184806400,3.5211,,,2.997595e-04,43977,18.01
177850,22231,2185420800,3.4752,,,2.997594e-04,44658,18.01
177900,22237,2186035200,3.5362,,,2.997593e-04,44286,18.01
177950,22243,2186649600,3.5308,,,2.997591e-04,44387,18.01
178000,22250,2187264000,3.5528,,,2.997590e-04,43866,18.01
178050,22256,2187878400,3.5047,,,2.997589e-04,42973,18.01
178100,22262,2188492800,3.4776,,,2.997587e-04,44347,18.01
178150,22268,2189107200,3.5104,,,2.997586e-04,44576,18.01
178200,22275,2189721600,3.4940,,,2.997584e-04,43711,18.01
178250,22281,2190336000,3.5175,,,2.997583e-04,44326,18.01
178300,22287,2190950400,3.4992,,,2.997582e-04,44255,18.01
178350,22293,2191564800,3.5101,,,2.997580e-04,44226,18.01
178400,22300,2192179200,3.5131,,,2.997579e-04,44017,18.01
178450,22306,2192793600,3.5341,,,2.997577e-04,44451,18.01
178500,22312,2193408000,3.4746,,,2.997576e-04,44263,18.01
178550,22318,2194022400,3.4901,,,2.997575e-04,43071,18.01
178600,22325,2194636800,3.5074,,,2.997573e-04,43426,18.01
178650,22331,2195251200,3.4963,,,2.997572e-04,44481,18.01
178700,22337,2195865600,3.4750,,,2.997570e-04,44227,18.01
178750,22343,2196480000,3.5569,,,2.997569e-04,44020,18.01
178800,22350,2197094400,3.5138,,,2.997568e-04,43897,18.01
178850,22356,2197708800,3.4773,,,2.997566e-04,44490,18.01
178900,22362,2198323200,3.5002,,,2.997565e-04,44226,18.01
178950,22368,2198937600,3.5044,,,2.997564e-04,44299,18.01
179000,22375,2199552000,3.4510,,,2.997562e-04,43847,18.01
179050,22381,2200166400,3.4714,,,2.997561e-04,42818,18.01
179100,22387,2200780800,3.4539,,,2.997559e-04,44106,18.01
179150,22393,2201395200,3.4803,,,2.997558e-04,44349,18.01
179200,22400,2202009600,3.5140,,,2.997556e-04,43890,18.01
179250,22406,2202624000,3.4893,,,2.997555e-04,43951,18.01
179300,22412,2203238400,3.4924,,,2.997554e-04,44400,18.01
179350,22418,2203852800,3.5252,,,2.997552e-04,44452,18.01
179400,22425,2204467200,3.4991,,,2.997551e-04,43829,18.01
179450,22431,2205081600,3.5405,,,2.997549e-04,44346,18.01
179500,22437,2205696000,3.5185,,,2.997548e-04,44124,18.01
179550,22443,2206310400,3.4768,,,2.997547e-04,42814,18.01
179600,22450,2206924800,3.5585,,,2.997545e-04,43948,18.01
179650,22456,2207539200,3.5419,,,2.997544e-04,44298,18.01
179700,22462,2208153600,3.5764,,,2.997542e-04,44458,18.01
179750,22468,2208768000,3.4781,,,2.997541e-04,44579,18.01
179800,22475,2209382400,3.5473,,,2.997540e-04,44071,18.01
179850,22481,2209996800,3.5021,,,2.997538e-04,44544,18.01
179900,22487,2210611200,3.5201,,,2.997537e-04,44307,18.01
179950,22493,2211225600,3.5396,,,2.997535e-04,44276,18.01
180000,22500,2211840000,3.5089,,,2.997534e-04,43949,18.01
180050,22506,2212454400,3.5203,,,2.997533e-04,33174,18.01
180100,22512,2213068800,3.4877,,,2.997531e-04,44312,18.01
180150,22518,2213683200,3.4731,,,2.997530e-04,44577,18.01
180200,22525,2214297600,3.5051,,,2.997528e-04,43934,18.01
180250,22531,2214912000,3.4891,,,2.997527e-04,44751,18.01
180300,22537,2215526400,3.5081,,,2.997526e-04,44591,18.01
180350,22543,2216140800,3.5073,,,2.997524e-04,44562,18.01
180400,22550,2216755200,3.4976,,,2.997523e-04,44072,18.01
180450,22556,2217369600,3.5177,,,2.997521e-04,44448,18.01
180500,22562,2217984000,3.4997,,,2.997520e-04,44522,18.01
180550,22568,2218598400,3.4682,,,2.997519e-04,43064,18.01
180600,22575,2219212800,3.5055,,,2.997517e-04,43926,18.01
180650,22581,2219827200,3.5143,,,2.997516e-04,44631,18.01
180700,22587,2220441600,3.4994,,,2.997514e-04,44382,18.01
180750,22593,2221056000,3.5062,,,2.997513e-04,44447,18.01
180800,22600,2221670400,3.4374,,,2.997511e-04,44126,18.01
180850,22606,2222284800,3.4773,,,2.997510e-04,44470,18.01
180900,22612,2222899200,3.5280,,,2.997509e-04,44623,18.01
180950,22618,2223513600,3.4682,,,2.997507e-04,44498,18.01
181000,22625,2224128000,3.4780,,,2.997506e-04,44088,18.01
181050,22631,2224742400,3.5118,,,2.997504e-04,43106,18.01
181100,22637,2225356800,3.5325,,,2.997503e-04,44582,18.01
181150,22643,2225971200,3.5101,,,2.997502e-04,44521,18.01
181200,22650,2226585600,3.4885,,,2.997500e-04,43989,18.01
181250,22656,2227200000,3.4958,,,2.997499e-04,44593,18.01
181300,22662,2227814400,3.4860,,,2.997497e-04,44263,18.01
181350,22668,2228428800,3.5031,,,2.997496e-04,44452,18.01
181400,22675,2229043200,3.5307,,,2.997494e-04,43866,18.01
181450,22681,2229657600,3.5336,,,2.997493e-04,44638,18.01
181500,22687,2230272000,3.4910,,,2.997492e-04,44493,18.01
181550,22693,2230886400,3.5293,,,2.997490e-04,42925,18.01
181600,22700,2231500800,3.5212,,,2.997489e-04,43814,18.01
181650,22706,2232115200,3.4473,,,2.997487e-04,44320,18.01
181700,22712,2232729600,3.5053,,,2.997486e-04,44518,18.01
181750,22718,2233344000,3.5160,,,2.997485e-04,44567,18.01
181800,22725,2233958400,3.4519,,,2.997483e-04,43773,18.01
181850,22731,2234572800,3.5079,,,2.997482e-04,44259,18.01
181900,22737,2235187200,3.5207,,,2.997480e-04,44429,18.01
181950,22743,2235801600,3.4767,,,2.997479e-04,44111,18.01
182000,22750,2236416000,3.5219,,,2.997477e-04,43911,18.01
182050,22756,2237030400,3.5276,,,2.997476e-04,42848,18.01
182100,22762,2237644800,3.5152,,,2.997475e-04,44475,18.01
182150,22768,2238259200,3.5164,,,2.997473e-04,44390,18.01
182200,22775,2238873600,3.5071,,,2.997472e-04,44008,18.01
182250,22781,2239488000,3.4601,,,2.997470e-04,44327,18.01
182300,22787,2240102400,3.4602,,,2.997469e-04,44358,18.01
182350,22793,2240716800,3.5170,,,2.997468e-04,44177,18.01
182400,22800,2241331200,3.4603,,,2.997466e-04,43957,18.01
182450,22806,2241945600,3.4893,,,2.997465e-04,44369,18.01
182500,22812,2242560000,3.4621,,,2.997463e-04,44502,18.01
182550,22818,2243174400,3.4805,,,2.997462e-04,42882,18.01
182600,22825,2243788800,3.5493,,,2.997460e-04,44009,18.01
182650,22831,2244403200,3.4820,,,2.997459e-04,44190,18.01
182700,22837,2245017600,3.4982,,,2.997457e-04,44295,18.01
182750,22843,2245632000,3.5210,,,2.997456e-04,44553,18.01
182800,22850,2246246400,3.5116,,,2.997454e-04,43795,18.01
182850,22856,2246860800,3.5230,,,2.997453e-04,44058,18.01
182900,22862,2247475200,3.4787,,,2.997452e-04,44622,18.01
182950,22868,2248089600,3.5189,,,2.997450e-04,44489,18.01
183000,22875,2248704000,3.5142,,,2.997449e-04,44097,18.01
183050,22881,2249318400,3.4866,,,2.997447e-04,43164,18.01
183100,22887,2249932800,3.5001,,,2.997446e-04,44491,18.01
183150,22893,2250547200,3.5375,,,2.997445e-04,44503,18.01
183200,22900,2251161600,3.5055,,,2.997443e-04,43769,18.01
183250,22906,2251776000,3.4940,,,2.997442e-04,44351,18.01
183300,22912,2252390400,3.5391,,,2.997440e-04,44254,18.01
183350,22918,2253004800,3.4597,,,2.997439e-04,44443,18.01
183400,22925,2253619200,3.4850,,,2.997437e-04,44179,18.01
183450,22931,2254233600,3.4810,,,2.997436e-04,44633,18.01
183500,22937,2254848000,3.5058,,,2.997435e-04,44432,18.01
183550,22943,2255462400,3.4749,,,2.997433e-04,43159,18.01
183600,22950,2256076800,3.5522,,,2.997432e-04,44204,18.01
183650,22956,2256691200,3.5106,,,2.997430e-04,44410,18.01
183700,22962,2257305600,3.5702,,,2.997429e-04,44447,18.01
183750,22968,2257920000,3.4845,,,2.997427e-04,44399,18.01
183800,22975,2258534400,3.4826,,,2.997426e-04,43998,18.01
183850,22981,2259148800,3.5067,,,2.997424e-04,44652,18.01
183900,22987,2259763200,3.4702,,,2.997423e-04,44558,18.01
183950,22993,2260377600,3.4668,,,2.997422e-04,44460,18.01
184000,23000,2260992000,3.4869,,,2.997420e-04,43868,18.01
184050,23006,2261606400,3.4585,,,2.997419e-04,43135,18.01
184100,23012,2262220800,3.5140,,,2.997417e-04,44333,18.01
184150,23018,2262835200,3.4950,,,2.997416e-04,44458,18.01
184200,23025,2263449600,3.4721,,,2.997414e-04,43937,18.01
184250,23031,2264064000,3.5059,,,2.997413e-04,44663,18.01
184300,23037,2264678400,3.4738,,,2.997412e-04,44448,18.01
184350,23043,2265292800,3.5032,,,2.997410e-04,44522,18.01
184400,23050,2265907200,3.4817,,,2.997409e-04,43935,18.01
184450,23056,2266521600,3.4297,,,2.997407e-04,44279,18.01
184500,23062,2267136000,3.5030,,,2.997406e-04,44624,18.01
184550,23068,2267750400,3.5099,,,2.997404e-04,43133,18.01
184600,23075,2268364800,3.4961,,,2.997403e-04,43916,18.01
184650,23081,2268979200,3.5169,,,2.997401e-04,44323,18.01
184700,23087,2269593600,3.5057,,,2.997400e-04,44212,18.01
184750,23093,2270208000,3.4895,,,2.997399e-04,44420,18.01
184800,23100,2270822400,3.4802,,,2.997397e-04,44133,18.01
184850,23106,2271436800,3.5016,,,2.997396e-04,44283,18.01
184900,23112,2272051200,3.5055,,,2.997394e-04,44238,18.01
184950,23118,2272665600,3.4818,,,2.997393e-04,44433,18.01
185000,23125,2273280000,3.4687,,,2.997391e-04,44061,18.01
185050,23131,2273894400,3.5056,,,2.997390e-04,33369,18.01
185100,23137,2274508800,3.5239,,,2.997388e-04,44607,18.01
185150,23143,2275123200,3.4934,,,2.997387e-04,44658,18.01
185200,23150,2275737600,3.4556,,,2.997385e-04,44029,18.01
185250,23156,2276352000,3.4935,,,2.997384e-04,44420,18.01
185300,23162,2276966400,3.5188,,,2.997383e-04,44568,18.01
185350,23168,2277580800,3.4750,,,2.997381e-04,44415,18.01
185400,23175,2278195200,3.5144,,,2.997380e-04,43735,18.01
185450,23181,2278809600,3.5067,,,2.997378e-04,44266,18.01
185500,23187,2279424000,3.4509,,,2.997377e-04,44425,18.01
185550,23193,2280038400,3.5162,,,2.997375e-04,42978,18.01
185600,23200,2280652800,3.5052,,,2.997374e-04,43749,18.01
185650,23206,2281267200,3.5004,,,2.997372e-04,44358,18.01
185700,23212,2281881600,3.4750,,,2.997371e-04,44186,18.01
185750,23218,2282496000,3.4356,,,2.997370e-04,44282,18.01
185800,23225,2283110400,3.4474,,,2.997368e-04,43590,18.01
185850,23231,2283724800,3.5484,,,2.997367e-04,44480,18.01
185900,23237,2284339200,3.4917,,,2.997365e-04,44262,18.01
185950,23243,2284953600,3.5132,,,2.997364e-04,44342,18.01
186000,23250,2285568000,3.4948,,,2.997362e-04,43817,18.01
186050,23256,2286182400,3.4896,,,2.997361e-04,42926,18.01
186100,23262,2286796800,3.5103,,,2.997359e-04,44233,18.01
186150,23268,2287411200,3.5071,,,2.997358e-04,44303,18.01
186200,23275,2288025600,3.4953,,,2.997356e-04,43887,18.01
186250,23281,2288640000,3.5298,,,2.997355e-04,44247,18.01
186300,23287,2289254400,3.4633,,,2.997354e-04,44144,18.01
186350,23293,2289868800,3.5201,,,2.997352e-04,44419,18.01
186400,23300,2290483200,3.4798,,,2.997351e-04,43616,18.01
186450,23306,2291097600,3.5024,,,2.997349e-04,44384,18.01
186500,23312,2291712000,3.4857,,,2.997348e-04,44135,18.01
186550,23318,2292326400,3.5053,,,2.997346e-04,42557,18.01
186600,23325,2292940800,3.4851,,,2.997345e-04,43650,18.01
186650,23331,2293555200,3.4982,,,2.997343e-04,44405,18.01
186700,23337,2294169600,3.4989,,,2.997342e-04,43992,18.01
186750,23343,2294784000,3.5209,,,2.997340e-04,44147,18.01
186800,23350,2295398400,3.4732,,,2.997339e-04,43813,18.01
186850,23356,2296012800,3.4902,,,2.997337e-04,44111,18.01
186900,23362,2296627200,3.5070,,,2.997336e-04,44107,18.01
186950,23368,2297241600,3.5175,,,2.997335e-04,44326,18.01
187000,23375,2297856000,3.4955,,,2.997333e-04,43528,18.01
187050,23381,2298470400,3.5291,,,2.997332e-04,42773,18.01
187100,23387,2299084800,3.5000,,,2.997330e-04,44172,18.01
187150,23393,2299699200,3.5240,,,2.997329e-04,44071,18.01
187200,23400,2300313600,3.5024,,,2.997327e-04,43511,18.01
187250,23406,2300928000,3.4981,,,2.997326e-04,44302,18.01
187300,23412,2301542400,3.5001,,,2.997324e-04,44303,18.01
187350,23418,2302156800,3.4985,,,2.997323e-04,44028,18.01
187400,23425,2302771200,3.4940,,,2.997321e-04,43609,18.01
187450,23431,2303385600,3.5203,,,2.997320e-04,44258,18.01
187500,23437,2304000000,3.5012,,,2.997318e-04,44134,18.01
187550,23443,2304614400,3.5007,,,2.997317e-04,42546,18.01
187600,23450,2305228800,3.4954,,,2.997315e-04,43814,18.01
187650,23456,2305843200,3.5053,,,2.997314e-04,43854,18.01
187700,23462,2306457600,3.5155,,,2.997313e-04,44157,18.01
187750,23468,2307072000,3.5168,,,2.997311e-04,44340,18.01
187800,23475,2307686400,3.5103,,,2.997310e-04,43330,18.01
187850,23481,2308300800,3.4556,,,2.997308e-04,44216,18.01
187900,23487,2308915200,3.5370,,,2.997307e-04,44134,18.01
187950,23493,2309529600,3.4515,,,2.997305e-04,44091,18.01
188000,23500,2310144000,3.4890,,,2.997304e-04,43558,18.01
188050,23506,2310758400,3.5407,,,2.997302e-04,42699,18.01
188100,23512,2311372800,3.4801,,,2.997301e-04,44074,18.01
188150,23518,2311987200,3.5056,,,2.997299e-04,44130,18.01
188200,23525,2312601600,3.4686,,,2.997298e-04,43803,18.01
188250,23531,2313216000,3.5067,,,2.997296e-04,43952,18.01
188300,23537,2313830400,3.4864,,,2.997295e-04,44175,18.01
188350,23543,2314444800,3.4573,,,2.997293e-04,44303,18.01
188400,23550,2315059200,3.4821,,,2.997292e-04,43315,18.01
188450,23556,2315673600,3.4792,,,2.997290e-04,44220,18.01
188500,23562,2316288000,3.4602,,,2.997289e-04,44147,18.01
188550,23568,2316902400,3.4590,,,2.997288e-04,42645,18.01
188600,23575,2317516800,3.4725,,,2.997286e-04,43574,18.01
188650,23581,2318131200,3.4843,,,2.997285e-04,44033,18.01
188700,23587,2318745600,3.4936,,,2.997283e-04,44194,18.01
188750,23593,2319360000,3.4644,,,2.997282e-04,44202,18.01
188800,23600,2319974400,3.4321,,,2.997280e-04,43452,18.01
188850,23606,2320588800,3.4886,,,2.997279e-04,44284,18.01
188900,23612,2321203200,3.5295,,,2.997277e-04,44057,18.01
188950,23618,2321817600,3.5338,,,2.997276e-04,44137,18.01
189000,23625,2322432000,3.4789,,,2.997274e-04,43767,18.01
189050,23631,2323046400,3.4673,,,2.997273e-04,42661,18.01
189100,23637,2323660800,3.4749,,,2.997271e-04,44091,18.01
189150,23643,2324275200,3.4747,,,2.997270e-04,43942,18.01
189200,23650,2324889600,3.5318,,,2.997268e-04,43424,18.01
189250,23656,2325504000,3.5197,,,2.997267e-04,43943,18.01
189300,23662,2326118400,3.5353,,,2.997265e-04,44095,18.01
189350,23668,2326732800,3.5162,,,2.997264e-04,44231,18.01
189400,23675,2327347200,3.4671,,,2.997262e-04,43666,18.01
189450,23681,2327961600,3.5280,,,2.997261e-04,43974,18.01
189500,23687,2328576000,3.5102,,,2.997259e-04,44208,18.01
189550,23693,2329190400,3.4949,,,2.997258e-04,42693,18.01
189600,23700,2329804800,3.4697,,,2.997256e-04,43578,18.01
189650,23706,2330419200,3.5010,,,2.997255e-04,43998,18.01
189700,23712,2331033600,3.4695,,,2.997253e-04,44152,18.01
189750,23718,2331648000,3.5235,,,2.997252e-04,44268,18.01
189800,23725,2332262400,3.5029,,,2.997250e-04,43661,18.01
189850,23731,2332876800,3.5020,,,2.997249e-04,44120,18.01
189900,23737,2333491200,3.4730,,,2.997248e-04,43728,18.01
189950,23743,2334105600,3.5307,,,2.997246e-04,44300,18.01
190000,23750,2334720000,3.4558,,,2.997244e-04,43326,18.01
190050,23756,2335334400,3.4851,,,2.997243e-04,32818,18.01
190100,23762,2335948800,3.4722,,,2.997242e-04,44315,18.01
190150,23768,2336563200,3.4587,,,2.997240e-04,44044,18.01
190200,23775,2337177600,3.4748,,,2.997239e-04,43519,18.01
190250,23781,2337792000,3.5030,,,2.997237e-04,44024,18.01
190300,23787,2338406400,3.5050,,,2.997236e-04,44079,18.01
190350,23793,2339020800,3.4830,,,2.997234e-04,44139,18.01
190400,23800,2339635200,3.4795,,,2.997233e-04,43759,18.01
190450,23806,2340249600,3.4919,,,2.997231e-04,44072,18.01
190500,23812,2340864000,3.5417,,,2.997230e-04,43961,18.01
190550,23818,2341478400,3.5436,,,2.997228e-04,42775,18.01
190600,23825,2342092800,3.4814,,,2.997227e-04,43853,18.01
190650,23831,2342707200,3.4772,,,2.997225e-04,44250,18.01
190700,23837,2343321600,3.4676,,,2.997224e-04,44360,18.01
190750,23843,2343936000,3.5439,,,2.997222e-04,44156,18.01
190800,23850,2344550400,3.4594,,,2.997221e-04,43531,18.01
190850,23856,2345164800,3.5064,,,2.997219e-04,44211,18.01
190900,23862,2345779200,3.5238,,,2.997218e-04,43912,18.01
190950,23868,2346393600,3.5473,,,2.997216e-04,44243,18.01
191000,23875,2347008000,3.5359,,,2.997215e-04,43633,18.01
191050,23881,2347622400,3.4437,,,2.997213e-04,42871,18.01
191100,23887,2348236800,3.4892,,,2.997212e-04,44025,18.01
191150,23893,2348851200,3.5391,,,2.997210e-04,44406,18.01
191200,23900,2349465600,3.4944,,,2.997209e-04,43833,18.01
191250,23906,2350080000,3.4933,,,2.997207e-04,44461,18.01
191300,23912,2350694400,3.4922,,,2.997206e-04,44312,18.01
191350,23918,2351308800,3.5044,,,2.997204e-04,44350,18.01
191400,23925,2351923200,3.4864,,,2.997203e-04,43711,18.01
191450,23931,2352537600,3.5169,,,2.997201e-04,44166,18.01
191500,23937,2353152000,3.4375,,,2.997200e-04,44424,18.01
191550,23943,2353766400,3.4925,,,2.997198e-04,42926,18.01
191600,23950,2354380800,3.4753,,,2.997197e-04,43694,18.01
191650,23956,2354995200,3.4571,,,2.997195e-04,44625,18.01
191700,23962,2355609600,3.4765,,,2.997194e-04,44368,18.01
191750,23968,2356224000,3.4890,,,2.997192e-04,44438,18.01
191800,23975,2356838400,3.5460,,,2.997191e-04,43842,18.01
191850,23981,2357452800,3.4889,,,2.997189e-04,44594,18.01
191900,23987,2358067200,3.5465,,,2.997188e-04,44161,18.01
191950,23993,2358681600,3.5064,,,2.997186e-04,44486,18.01
192000,24000,2359296000,3.4734,,,2.997185e-04,44076,18.01
192050,24006,2359910400,3.4962,,,2.997183e-04,43112,18.01
192100,24012,2360524800,3.4563,,,2.997182e-04,44369,18.01
192150,24018,2361139200,3.4600,,,2.997180e-04,44329,18.01
192200,24025,2361753600,3.4645,,,2.997179e-04,43870,18.01
192250,24031,2362368000,3.4845,,,2.997177e-04,44335,18.01
192300,24037,2362982400,3.5097,,,2.997176e-04,44669,18.01
192350,24043,2363596800,3.4551,,,2.997174e-04,44232,18.01
192400,24050,2364211200,3.5330,,,2.997173e-04,43866,18.01
192450,24056,2364825600,3.5050,,,2.997171e-04,44627,18.01
192500,24062,2365440000,3.5214,,,2.997170e-04,44279,18.01
192550,24068,2366054400,3.4710,,,2.997168e-04,43068,18.01
192600,24075,2366668800,3.5306,,,2.997167e-04,44100,18.01
192650,24081,2367283200,3.4683,,,2.997165e-04,44371,18.01
192700,24087,2367897600,3.4860,,,2.997164e-04,44224,18.01
192750,24093,2368512000,3.4972,,,2.997162e-04,44528,18.01
192800,24100,2369126400,3.4746,,,2.997161e-04,43897,18.01
192850,24106,2369740800,3.5030,,,2.997159e-04,44461,18.01
192900,24112,2370355200,3.5086,,,2.997158e-04,44231,18.01
192950,24118,2370969600,3.4719,,,2.997156e-04,44459,18.01
193000,24125,2371584000,3.4970,,,2.997154e-04,43990,18.01
193050,24131,2372198400,3.5121,,,2.997153e-04,42729,18.01
193100,24137,2372812800,3.5214,,,2.997152e-04,44420,18.01
193150,24143,2373427200,3.4768,,,2.997150e-04,44308,18.01
193200,24150,2374041600,3.4884,,,2.997148e-04,43773,18.01
193250,24156,2374656000,3.4719,,,2.997147e-04,44163,18.01
193300,24162,2375270400,3.4750,,,2.997146e-04,44385,18.01
193350,24168,2375884800,3.5272,,,2.997144e-04,44356,18.01
193400,24175,2376499200,3.5027,,,2.997142e-04,43871,18.01
193450,24181,2377113600,3.4713,,,2.997141e-04,44322,18.01
193500,24187,2377728000,3.4681,,,2.997139e-04,44313,18.01
193550,24193,2378342400,3.4699,,,2.997138e-04,43033,18.01
193600,24200,2378956800,3.4458,,,2.997136e-04,43861,18.01
193650,24206,2379571200,3.5005,,,2.997135e-04,44075,18.01
193700,24212,2380185600,3.4598,,,2.997133e-04,44264,18.01
193750,24218,2380800000,3.4916,,,2.997132e-04,44372,18.01
193800,24225,2381414400,3.4838,,,2.997130e-04,43813,18.01
193850,24231,2382028800,3.4919,,,2.997129e-04,44247,18.01
193900,24237,2382643200,3.4370,,,2.997127e-04,44408,18.01
193950,24243,2383257600,3.5314,,,2.997126e-04,44092,18.01
194000,24250,2383872000,3.5267,,,2.997124e-04,43863,18.01
194050,24256,2384486400,3.4383,,,2.997123e-04,43096,18.01
194100,24262,2385100800,3.4434,,,2.997121e-04,44282,18.01
194150,24268,2385715200,3.5178,,,2.997120e-04,43840,18.01
194200,24275,2386329600,3.4863,,,2.997118e-04,44075,18.01
194250,24281,2386944000,3.4920,,,2.997117e-04,44485,18.01
194300,24287,2387558400,3.5330,,,2.997115e-04,44340,18.01
194350,24293,2388172800,3.5104,,,2.997114e-04,44424,18.01
194400,24300,2388787200,3.4703,,,2.997112e-04,43972,18.01
194450,24306,2389401600,3.5034,,,2.997111e-04,44626,18.01
194500,24312,2390016000,3.4684,,,2.997109e-04,44355,18.01
194550,24318,2390630400,3.4702,,,2.997108e-04,43016,18.01
194600,24325,2391244800,3.5054,,,2.997106e-04,44117,18.01
194650,24331,2391859200,3.4876,,,2.997104e-04,44442,18.01
194700,24337,2392473600,3.4956,,,2.997103e-04,44476,18.01
194750,24343,2393088000,3.5338,,,2.997102e-04,44338,18.01
194800,24350,2393702400,3.4780,,,2.997100e-04,44046,18.01
194850,24356,2394316800,3.4891,,,2.997098e-04,44566,18.01
194900,24362,2394931200,3.4655,,,2.997097e-04,44402,18.01
194950,24368,2395545600,3.5134,,,2.997095e-04,44691,18.01
195000,24375,2396160000,3.4666,,,2.997094e-04,44108,18.01
195050,24381,2396774400,3.4960,,,2.997092e-04,33359,18.01
195100,24387,2397388800,3.5197,,,2.997091e-04,44532,18.01
195150,24393,2398003200,3.4958,,,2.997089e-04,44751,18.01
195200,24400,2398617600,3.5116,,,2.997088e-04,43945,18.01
195250,24406,2399232000,3.4586,,,2.997086e-04,44520,18.01
195300,24412,2399846400,3.5208,,,2.997085e-04,44593,18.01
195350,24418,2400460800,3.4924,,,2.997083e-04,44585,18.01
195400,24425,2401075200,3.4842,,,2.997081e-04,44021,18.01
195450,24431,2401689600,3.4615,,,2.997080e-04,44599,18.01
195500,24437,2402304000,3.5383,,,2.997079e-04,44738,18.01
195550,24443,2402918400,3.5043,,,2.997077e-04,43183,18.01
195600,24450,2403532800,3.4881,,,2.997075e-04,44059,18.01
195650,24456,2404147200,3.4946,,,2.997074e-04,44694,18.01
195700,24462,2404761600,3.5257,,,2.997072e-04,44617,18.01
195750,24468,2405376000,3.4781,,,2.997071e-04,44376,18.01
195800,24475,2405990400,3.5034,,,2.997069e-04,43946,18.01
195850,24481,2406604800,3.4739,,,2.997068e-04,44602,18.01
195900,24487,2407219200,3.4660,,,2.997066e-04,43988,18.01
195950,24493,2407833600,3.4595,,,2.997065e-04,44609,18.01
196000,24500,2408448000,3.5074,,,2.997063e-04,43985,18.01
196050,24506,2409062400,3.4732,,,2.997062e-04,43105,18.01
196100,24512,2409676800,3.4471,,,2.997060e-04,44543,18.01
196150,24518,2410291200,3.4937,,,2.997059e-04,44389,18.01
196200,24525,2410905600,3.5234,,,2.997057e-04,43808,18.01
196250,24531,2411520000,3.4687,,,2.997055e-04,44378,18.01
196300,24537,2412134400,3.4508,,,2.997054e-04,44569,18.01
196350,24543,2412748800,3.5142,,,2.997053e-04,44513,18.01
196400,24550,2413363200,3.4890,,,2.997051e-04,43402,18.01
196450,24556,2413977600,3.4790,,,2.997049e-04,44614,18.01
196500,24562,2414592000,3.5227,,,2.997048e-04,44547,18.01
196550,24568,2415206400,3.4877,,,2.997046e-04,42982,18.01
196600,24575,2415820800,3.4901,,,2.997045e-04,43989,18.01
196650,24581,2416435200,3.4646,,,2.997043e-04,44432,18.01
196700,24587,2417049600,3.4622,,,2.997042e-04,44242,18.01
196750,24593,2417664000,3.4459,,,2.997040e-04,44222,18.01
196800,24600,2418278400,3.4652,,,2.997038e-04,43668,18.01
196850,24606,2418892800,3.5009,,,2.997037e-04,44276,18.01
196900,24612,2419507200,3.4580,,,2.997035e-04,44527,18.01
196950,24618,2420121600,3.5292,,,2.997034e-04,43988,18.01
197000,24625,2420736000,3.4244,,,2.997032e-04,44053,18.01
197050,24631,2421350400,3.5101,,,2.997031e-04,43161,18.01
197100,24637,2421964800,3.4507,,,2.997029e-04,44332,18.01
197150,24643,2422579200,3.4825,,,2.997028e-04,44144,18.01
197200,24650,2423193600,3.5304,,,2.997026e-04,43914,18.01
197250,24656,2423808000,3.5177,,,2.997025e-04,44396,18.01
197300,24662,2424422400,3.5353,,,2.997023e-04,44639,18.01
197350,24668,2425036800,3.5171,,,2.997022e-04,44424,18.01
197400,24675,2425651200,3.4452,,,2.997020e-04,43861,18.01
197450,24681,2426265600,3.5417,,,2.997018e-04,44558,18.01
197500,24687,2426880000,3.4456,,,2.997017e-04,44199,18.01
197550,24693,2427494400,3.4908,,,2.997015e-04,43079,18.01
197600,24700,2428108800,3.4545,,,2.997014e-04,43975,18.01
197650,24706,2428723200,3.4999,,,2.997012e-04,44372,18.01
197700,24712,2429337600,3.5437,,,2.997011e-04,44400,18.01
197750,24718,2429952000,3.4755,,,2.997009e-04,44585,18.01
197800,24725,2430566400,3.5015,,,2.997008e-04,43908,18.01
197850,24731,2431180800,3.5052,,,2.997006e-04,44666,18.01
197900,24737,2431795200,3.4559,,,2.997005e-04,44282,18.01
197950,24743,2432409600,3.4796,,,2.997003e-04,44459,18.01
198000,24750,2433024000,3.4795,,,2.997001e-04,43927,18.01
198050,24756,2433638400,3.4863,,,2.997000e-04,43147,18.01
198100,24762,2434252800,3.4987,,,2.996998e-04,44729,18.01
198150,24768,2434867200,3.4611,,,2.996997e-04,44465,18.01
198200,24775,2435481600,3.5042,,,2.996995e-04,43822,18.01
198250,24781,2436096000,3.4717,,,2.996994e-04,44690,18.01
198300,24787,2436710400,3.4738,,,2.996992e-04,44610,18.01
198350,24793,2437324800,3.4712,,,2.996991e-04,44439,18.01
198400,24800,2437939200,3.4853,,,2.996989e-04,44173,18.01
198450,24806,2438553600,3.4913,,,2.996987e-04,44552,18.01
198500,24812,2439168000,3.5192,,,2.996986e-04,44631,18.01
198550,24818,2439782400,3.4895,,,2.996984e-04,43169,18.01
198600,24825,2440396800,3.4963,,,2.996983e-04,43949,18.01
198650,24831,2441011200,3.4856,,,2.996981e-04,44759,18.01
198700,24837,2441625600,3.5476,,,2.996980e-04,44618,18.01
198750,24843,2442240000,3.4746,,,2.996978e-04,44625,18.01
198800,24850,2442854400,3.4604,,,2.996976e-04,44062,18.01
198850,24856,2443468800,3.5299,,,2.996975e-04,44462,18.01
198900,24862,2444083200,3.4914,,,2.996973e-04,44353,18.01
198950,24868,2444697600,3.4825,,,2.996972e-04,44782,18.01
199000,24875,2445312000,3.4461,,,2.996970e-04,43879,18.01
199050,24881,2445926400,3.5423,,,2.996969e-04,43082,18.01
199100,24887,2446540800,3.4752,,,2.996967e-04,44620,18.01
199150,24893,2447155200,3.4815,,,2.996966e-04,44384,18.01
199200,24900,2447769600,3.5150,,,2.996964e-04,44087,18.01
199250,24906,2448384000,3.4531,,,2.996962e-04,44671,18.01
199300,24912,2448998400,3.4670,,,2.996961e-04,44704,18.01
199350,24918,2449612800,3.5184,,,2.996959e-04,44284,18.01
199400,24925,2450227200,3.4398,,,2.996958e-04,44068,18.01
199450,24931,2450841600,3.4573,,,2.996956e-04,44552,18.01
199500,24937,2451456000,3.4802,,,2.996955e-04,44523,18.01
199550,24943,2452070400,3.4438,,,2.996953e-04,43205,18.01
199600,24950,2452684800,3.4936,,,2.996951e-04,44114,18.01
199650,24956,2453299200,3.4430,,,2.996950e-04,44354,18.01
199700,24962,2453913600,3.4888,,,2.996948e-04,44413,18.01
199750,24968,2454528000,3.4849,,,2.996947e-04,44456,18.01
199800,24975,2455142400,3.5262,,,2.996945e-04,43903,18.01
199850,24981,2455756800,3.4961,,,2.996944e-04,44638,18.01
199900,24987,2456371200,3.4896,,,2.996942e-04,44389,18.01
199950,24993,2456985600,3.4949,,,2.996941e-04,44204,18.01
200000,25000,2457600000,3.5097,,,2.996939e-04,43875,18.01
200050,25006,2458214400,3.5067,,,2.996937e-04,33074,18.01
200100,25012,2458828800,3.5117,,,2.996936e-04,44500,18.01
200150,25018,2459443200,3.5741,,,2.996934e-04,44392,18.01
200200,25025,2460057600,3.4706,,,2.996933e-04,44028,18.01
200250,25031,2460672000,3.4727,,,2.996931e-04,44508,18.01
200300,25037,2461286400,3.4804,,,2.996930e-04,44625,18.01
200350,25043,2461900800,3.4437,,,2.996928e-04,43810,18.01
200400,25050,2462515200,3.4800,,,2.996926e-04,43994,18.01
200450,25056,2463129600,3.5171,,,2.996925e-04,44387,18.01
200500,25062,2463744000,3.4941,,,2.996923e-04,44465,18.01
200550,25068,2464358400,3.4710,,,2.996922e-04,43031,18.01
200600,25075,2464972800,3.4879,,,2.996920e-04,43918,18.01
200650,25081,2465587200,3.4909,,,2.996919e-04,44458,18.01
200700,25087,2466201600,3.5015,,,2.996917e-04,44203,18.01
200750,25093,2466816000,3.4999,,,2.996916e-04,44337,18.01
200800,25100,2467430400,3.4480,,,2.996914e-04,43929,18.01
200850,25106,2468044800,3.4943,,,2.996912e-04,44633,18.01
200900,25112,2468659200,3.4613,,,2.996911e-04,44325,18.01
200950,25118,2469273600,3.4688,,,2.996909e-04,44344,18.01
201000,25125,2469888000,3.4979,,,2.996908e-04,43729,18.01
201050,25131,2470502400,3.4629,,,2.996906e-04,43015,18.01
201100,25137,2471116800,3.5036,,,2.996904e-04,44360,18.01
201150,25143,2471731200,3.4838,,,2.996903e-04,44102,18.01
201200,25150,2472345600,3.4822,,,2.996901e-04,44028,18.01
201250,25156,2472960000,3.4771,,,2.996900e-04,44671,18.01
201300,25162,2473574400,3.5123,,,2.996898e-04,44524,18.01
201350,25168,2474188800,3.4757,,,2.996897e-04,44085,18.01
201400,25175,2474803200,3.4975,,,2.996895e-04,44062,18.01
201450,25181,2475417600,3.4915,,,2.996893e-04,44541,18.01
201500,25187,2476032000,3.4648,,,2.996892e-04,44621,18.01
201550,25193,2476646400,3.5005,,,2.996890e-04,43163,18.01
201600,25200,2477260800,3.5150,,,2.996889e-04,44146,18.01
201650,25206,2477875200,3.5058,,,2.996887e-04,44606,18.01
201700,25212,2478489600,3.5149,,,2.996886e-04,44428,18.01
201750,25218,2479104000,3.5094,,,2.996884e-04,44209,18.01
201800,25225,2479718400,3.4602,,,2.996882e-04,44193,18.01
201850,25231,2480332800,3.4627,,,2.996881e-04,44434,18.01
201900,25237,2480947200,3.4650,,,2.996879e-04,44582,18.01
201950,25243,2481561600,3.4308,,,2.996878e-04,44719,18.01
202000,25250,2482176000,3.4897,,,2.996876e-04,43990,18.01
202050,25256,2482790400,3.5313,,,2.996874e-04,43191,18.01
202100,25262,2483404800,3.5004,,,2.996873e-04,44696,18.01
202150,25268,2484019200,3.4775,,,2.996871e-04,44555,18.01
202200,25275,2484633600,3.4650,,,2.996870e-04,44062,18.01
202250,25281,2485248000,3.5284,,,2.996868e-04,44457,18.01
202300,25287,2485862400,3.4672,,,2.996867e-04,44733,18.01
202350,25293,2486476800,3.4977,,,2.996865e-04,44619,18.01
202400,25300,2487091200,3.4901,,,2.996863e-04,43993,18.01
202450,25306,2487705600,3.5217,,,2.996862e-04,44624,18.01
202500,25312,2488320000,3.4984,,,2.996860e-04,44496,18.01
202550,25318,2488934400,3.4105,,,2.996859e-04,42881,18.01
202600,25325,2489548800,3.4934,,,2.996857e-04,43933,18.01
202650,25331,2490163200,3.5033,,,2.996855e-04,44575,18.01
202700,25337,2490777600,3.4960,,,2.996854e-04,44710,18.01
202750,25343,2491392000,3.4731,,,2.996852e-04,44477,18.01
202800,25350,2492006400,3.4773,,,2.996851e-04,43935,18.01
202850,25356,2492620800,3.5157,,,2.996849e-04,44590,18.01
202900,25362,2493235200,3.5080,,,2.996847e-04,44395,18.01
202950,25368,2493849600,3.4374,,,2.996846e-04,44190,18.01
203000,25375,2494464000,3.4751,,,2.996844e-04,43916,18.01
203050,25381,2495078400,3.4950,,,2.996843e-04,43027,18.01
203100,25387,2495692800,3.4567,,,2.996841e-04,44481,18.01
203150,25393,2496307200,3.4820,,,2.996840e-04,44379,18.01
203200,25400,2496921600,3.5182,,,2.996838e-04,43848,18.01
203250,25406,2497536000,3.4925,,,2.996836e-04,44368,18.01
203300,25412,2498150400,3.4753,,,2.996835e-04,44334,18.01
203350,25418,2498764800,3.5057,,,2.996833e-04,44560,18.01
203400,25425,2499379200,3.4388,,,2.996831e-04,43988,18.01
203450,25431,2499993600,3.5106,,,2.996830e-04,44300,18.01
203500,25437,2500608000,3.5024,,,2.996828e-04,44505,18.01
203550,25443,2501222400,3.4733,,,2.996827e-04,43019,18.01
203600,25450,2501836800,3.4306,,,2.996825e-04,43896,18.01
203650,25456,2502451200,3.4508,,,2.996824e-04,44436,18.01
203700,25462,2503065600,3.5005,,,2.996822e-04,44405,18.01
203750,25468,2503680000,3.5080,,,2.996820e-04,43885,18.01
203800,25475,2504294400,3.4678,,,2.996819e-04,43787,18.01
203850,25481,2504908800,3.4820,,,2.996817e-04,44561,18.01
203900,25487,2505523200,3.4791,,,2.996816e-04,44355,18.01
203950,25493,2506137600,3.4599,,,2.996814e-04,44409,18.01
204000,25500,2506752000,3.5039,,,2.996812e-04,43876,18.01
204050,25506,2507366400,3.4707,,,2.996811e-04,42854,18.01
204100,25512,2507980800,3.5152,,,2.996809e-04,44140,18.01
204150,25518,2508595200,3.5211,,,2.996808e-04,44520,18.01
204200,25525,2509209600,3.4636,,,2.996806e-04,44000,18.01
204250,25531,2509824000,3.5302,,,2.996804e-04,44641,18.01
204300,25537,2510438400,3.4338,,,2.996803e-04,44435,18.01
204350,25543,2511052800,3.4469,,,2.996801e-04,44332,18.01
204400,25550,2511667200,3.4276,,,2.996799e-04,44159,18.01
204450,25556,2512281600,3.4493,,,2.996798e-04,44198,18.01
204500,25562,2512896000,3.4387,,,2.996796e-04,44589,18.01
204550,25568,2513510400,3.4757,,,2.996795e-04,43124,18.01
204600,25575,2514124800,3.4871,,,2.996793e-04,43968,18.01
204650,25581,2514739200,3.4726,,,2.996791e-04,44691,18.01
204700,25587,2515353600,3.4720,,,2.996790e-04,44551,18.01
204750,25593,2515968000,3.4623,,,2.996788e-04,44271,18.01
204800,25600,2516582400,3.5175,,,2.996787e-04,44134,18.01
204850,25606,2517196800,3.4748,,,2.996785e-04,44690,18.01
204900,25612,2517811200,3.5100,,,2.996784e-04,44477,18.01
204950,25618,2518425600,3.5066,,,2.996782e-04,44448,18.01
205000,25625,2519040000,3.4546,,,2.996780e-04,43955,18.01
205050,25631,2519654400,3.4592,,,2.996779e-04,33443,18.01
205100,25637,2520268800,3.4913,,,2.996777e-04,44689,18.01
205150,25643,2520883200,3.4855,,,2.996776e-04,44575,18.01
205200,25650,2521497600,3.4620,,,2.996774e-04,44142,18.01
205250,25656,2522112000,3.4875,,,2.996772e-04,44674,18.01
205300,25662,2522726400,3.5071,,,2.996771e-04,44701,18.01
205350,25668,2523340800,3.5056,,,2.996769e-04,44701,18.01
205400,25675,2523955200,3.4999,,,2.996767e-04,44065,18.01
205450,25681,2524569600,3.5442,,,2.996766e-04,44653,18.01
205500,25687,2525184000,3.4985,,,2.996764e-04,44721,18.01
205550,25693,2525798400,3.5022,,,2.996763e-04,43087,18.01
205600,25700,2526412800,3.4803,,,2.996761e-04,43889,18.01
205650,25706,2527027200,3.4846,,,2.996759e-04,44467,18.01
205700,25712,2527641600,3.4792,,,2.996758e-04,44779,18.01
205750,25718,2528256000,3.4792,,,2.996756e-04,44661,18.01
205800,25725,2528870400,3.4843,,,2.996754e-04,44136,18.01
205850,25731,2529484800,3.5176,,,2.996753e-04,44671,18.01
205900,25737,2530099200,3.4982,,,2.996751e-04,44302,18.01
205950,25743,2530713600,3.4786,,,2.996750e-04,44764,18.01
206000,25750,2531328000,3.4948,,,2.996748e-04,44103,18.01
206050,25756,2531942400,3.4779,,,2.996746e-04,42827,18.01
206100,25762,2532556800,3.5009,,,2.996745e-04,44434,18.01
206150,25768,2533171200,3.4723,,,2.996743e-04,44755,18.01
206200,25775,2533785600,3.4439,,,2.996741e-04,44124,18.01
206250,25781,2534400000,3.4711,,,2.996740e-04,44673,18.01
206300,25787,2535014400,3.4653,,,2.996738e-04,44373,18.01
206350,25793,2535628800,3.5195,,,2.996737e-04,44567,18.01
206400,25800,2536243200,3.5010,,,2.996735e-04,43983,18.01
206450,25806,2536857600,3.4977,,,2.996733e-04,44816,18.01
206500,25812,2537472000,3.4705,,,2.996732e-04,44682,18.01
206550,25818,2538086400,3.4400,,,2.996730e-04,43071,18.01
206600,25825,2538700800,3.4953,,,2.996729e-04,44020,18.01
206650,25831,2539315200,3.4638,,,2.996727e-04,44337,18.01
206700,25837,2539929600,3.5146,,,2.996725e-04,44259,18.01
206750,25843,2540544000,3.4997,,,2.996724e-04,44363,18.01
206800,25850,2541158400,3.4847,,,2.996722e-04,43957,18.01
206850,25856,2541772800,3.4798,,,2.996720e-04,44533,18.01
206900,25862,2542387200,3.3863,,,2.996719e-04,44468,18.01
206950,25868,2543001600,3.4644,,,2.996717e-04,44259,18.01
207000,25875,2543616000,3.4843,,,2.996716e-04,44033,18.01
207050,25881,2544230400,3.4887,,,2.996714e-04,43203,18.01
207100,25887,2544844800,3.5252,,,2.996712e-04,44355,18.01
207150,25893,2545459200,3.4958,,,2.996711e-04,44322,18.01
207200,25900,2546073600,3.4769,,,2.996709e-04,44005,18.01
207250,25906,2546688000,3.4773,,,2.996707e-04,44449,18.01
207300,25912,2547302400,3.4974,,,2.996706e-04,44420,18.01
207350,25918,2547916800,3.4660,,,2.996704e-04,44010,18.01
207400,25925,2548531200,3.4580,,,2.996703e-04,43624,18.01
207450,25931,2549145600,3.5282,,,2.996701e-04,44532,18.01
207500,25937,2549760000,3.4742,,,2.996699e-04,44349,18.01
207550,25943,2550374400,3.5267,,,2.996698e-04,43035,18.01
207600,25950,2550988800,3.5169,,,2.996696e-04,43871,18.01
207650,25956,2551603200,3.4671,,,2.996694e-04,44601,18.01
207700,25962,2552217600,3.4410,,,2.996693e-04,44131,18.01
207750,25968,2552832000,3.4920,,,2.996691e-04,44272,18.01
207800,25975,2553446400,3.4949,,,2.996690e-04,43819,18.01
207850,25981,2554060800,3.5153,,,2.996688e-04,44136,18.01
207900,25987,2554675200,3.4799,,,2.996686e-04,44450,18.01
207950,25993,2555289600,3.4980,,,2.996685e-04,44371,18.01
208000,26000,2555904000,3.4578,,,2.996683e-04,43733,18.01
208050,26006,2556518400,3.4348,,,2.996681e-04,42743,18.01
208100,26012,2557132800,3.4561,,,2.996680e-04,44434,18.01
208150,26018,2557747200,3.4422,,,2.996678e-04,44257,18.01
208200,26025,2558361600,3.4868,,,2.996676e-04,43937,18.01
208250,26031,2558976000,3.4936,,,2.996675e-04,44225,18.01
208300,26037,2559590400,3.4982,,,2.996673e-04,44349,18.01
208350,26043,2560204800,3.4999,,,2.996672e-04,44501,18.01
208400,26050,2560819200,3.4946,,,2.996670e-04,43797,18.01
208450,26056,2561433600,3.5055,,,2.996668e-04,44520,18.01
208500,26062,2562048000,3.5226,,,2.996667e-04,44076,18.01
208550,26068,2562662400,3.4846,,,2.996665e-04,42916,18.01
208600,26075,2563276800,3.4479,,,2.996663e-04,43615,18.01
208650,26081,2563891200,3.4420,,,2.996662e-04,44394,18.01
208700,26087,2564505600,3.4551,,,2.996660e-04,43882,18.01
208750,26093,2565120000,3.4599,,,2.996659e-04,44440,18.01
208800,26100,2565734400,3.4452,,,2.996657e-04,43608,18.01
208850,26106,2566348800,3.4608,,,2.996655e-04,44242,18.01
208900,26112,2566963200,3.4933,,,2.996654e-04,44333,18.01
208950,26118,2567577600,3.4464,,,2.996652e-04,44305,18.01
209000,26125,2568192000,3.5047,,,2.996650e-04,43832,18.01
209050,26131,2568806400,3.5013,,,2.996649e-04,42543,18.01
209100,26137,2569420800,3.4928,,,2.996647e-04,44437,18.01
209150,26143,2570035200,3.5013,,,2.996646e-04,44159,18.01
209200,26150,2570649600,3.4810,,,2.996644e-04,43828,18.01
209250,26156,2571264000,3.4291,,,2.996642e-04,44304,18.01
209300,26162,2571878400,3.4616,,,2.996641e-04,44198,18.01
209350,26168,2572492800,3.4428,,,2.996639e-04,44223,18.01
209400,26175,2573107200,3.4669,,,2.996637e-04,43785,18.01
209450,26181,2573721600,3.4714,,,2.996636e-04,44191,18.01
209500,26187,2574336000,3.4232,,,2.996634e-04,44318,18.01
209550,26193,2574950400,3.4982,,,2.996632e-04,42891,18.01
209600,26200,2575564800,3.4661,,,2.996631e-04,43773,18.01
209650,26206,2576179200,3.4386,,,2.996629e-04,44471,18.01
209700,26212,2576793600,3.4736,,,2.996627e-04,44265,18.01
209750,26218,2577408000,3.4648,,,2.996626e-04,43826,18.01
209800,26225,2578022400,3.4461,,,2.996624e-04,43744,18.01
209850,26231,2578636800,3.4853,,,2.996622e-04,44045,18.01
209900,26237,2579251200,3.4800,,,2.996621e-04,44184,18.01
209950,26243,2579865600,3.4892,,,2.996619e-04,44309,18.01
210000,26250,2580480000,3.4902,,,2.996617e-04,43672,18.01
210050,26256,2581094400,3.4783,,,2.996616e-04,33065,18.01
210100,26262,2581708800,3.4919,,,2.996614e-04,44450,18.01
210150,26268,2582323200,3.4584,,,2.996613e-04,44415,18.01
210200,26275,2582937600,3.4579,,,2.996611e-04,43579,18.01
210250,26281,2583552000,3.4467,,,2.996609e-04,44367,18.01
210300,26287,2584166400,3.4731,,,2.996608e-04,44183,18.01
210350,26293,2584780800,3.4959,,,2.996606e-04,44133,18.01
210400,26300,2585395200,3.4703,,,2.996604e-04,43747,18.01
210450,26306,2586009600,3.4684,,,2.996603e-04,44283,18.01
210500,26312,2586624000,3.4962,,,2.996601e-04,44284,18.01
210550,26318,2587238400,3.4516,,,2.996599e-04,42675,18.01
210600,26325,2587852800,3.4576,,,2.996598e-04,43557,18.01
210650,26331,2588467200,3.4744,,,2.996596e-04,44197,18.01
210700,26337,2589081600,3.4621,,,2.996594e-04,44002,18.01
210750,26343,2589696000,3.4958,,,2.996593e-04,44237,18.01
210800,26350,2590310400,3.4511,,,2.996591e-04,43694,18.01
210850,26356,2590924800,3.5257,,,2.996589e-04,44070,18.01
210900,26362,2591539200,3.4253,,,2.996588e-04,44117,18.01
210950,26368,2592153600,3.4817,,,2.996586e-04,43993,18.01
211000,26375,2592768000,3.4313,,,2.996584e-04,43643,18.01
211050,26381,2593382400,3.4852,,,2.996583e-04,42747,18.01
211100,26387,2593996800,3.5118,,,2.996581e-04,43962,18.01
211150,26393,2594611200,3.4472,,,2.996580e-04,44293,18.01
211200,26400,2595225600,3.4776,,,2.996578e-04,43284,18.01
211250,26406,2595840000,3.4735,,,2.996576e-04,44003,18.01
211300,26412,2596454400,3.4535,,,2.996575e-04,44091,18.01
211350,26418,2597068800,3.4758,,,2.996573e-04,44076,18.01
211400,26425,2597683200,3.5020,,,2.996571e-04,43636,18.01
211450,26431,2598297600,3.4724,,,2.996570e-04,44255,18.01
211500,26437,2598912000,3.4528,,,2.996568e-04,44242,18.01
211550,26443,2599526400,3.4680,,,2.996566e-04,42511,18.01
211600,26450,2600140800,3.4925,,,2.996564e-04,43208,18.01
211650,26456,2600755200,3.4476,,,2.996563e-04,44135,18.01
211700,26462,2601369600,3.4931,,,2.996561e-04,44203,18.01
211750,26468,2601984000,3.4883,,,2.996560e-04,44120,18.01
211800,26475,2602598400,3.5179,,,2.996558e-04,43695,18.01
211850,26481,2603212800,3.4401,,,2.996556e-04,44018,18.01
211900,26487,2603827200,3.4383,,,2.996555e-04,43877,18.01
211950,26493,2604441600,3.4577,,,2.996553e-04,44180,18.01
212000,26500,2605056000,3.4651,,,2.996551e-04,43574,18.01
212050,26506,2605670400,3.5262,,,2.996550e-04,42581,18.01
212100,26512,2606284800,3.4731,,,2.996548e-04,44134,18.01
212150,26518,2606899200,3.4700,,,2.996546e-04,44048,18.01
212200,26525,2607513600,3.5334,,,2.996545e-04,43423,18.01
212250,26531,2608128000,3.4699,,,2.996543e-04,43863,18.01
212300,26537,2608742400,3.4475,,,2.996541e-04,44241,18.01
212350,26543,2609356800,3.4582,,,2.996540e-04,43885,18.01
212400,26550,2609971200,3.4620,,,2.996538e-04,43209,18.01
212450,26556,2610585600,3.4934,,,2.996536e-04,44259,18.01
212500,26562,2611200000,3.4655,,,2.996535e-04,44030,18.01
212550,26568,2611814400,3.4955,,,2.996533e-04,42787,18.01
212600,26575,2612428800,3.5108,,,2.996531e-04,43739,18.01
212650,26581,2613043200,3.4977,,,2.996530e-04,44282,18.01
212700,26587,2613657600,3.4180,,,2.996528e-04,43906,18.01
212750,26593,2614272000,3.4515,,,2.996526e-04,44138,18.01
212800,26600,2614886400,3.4759,,,2.996524e-04,43639,18.01
212850,26606,2615500800,3.4842,,,2.996523e-04,44200,18.01
212900,26612,2616115200,3.4987,,,2.996521e-04,44108,18.01
212950,26618,2616729600,3.4394,,,2.996520e-04,44282,18.01
213000,26625,2617344000,3.4756,,,2.996518e-04,43364,18.01
213050,26631,2617958400,3.4959,,,2.996516e-04,42637,18.01
213100,26637,2618572800,3.4807,,,2.996515e-04,44243,18.01
213150,26643,2619187200,3.5016,,,2.996513e-04,44473,18.01
213200,26650,2619801600,3.4784,,,2.996511e-04,43859,18.01
213250,26656,2620416000,3.5156,,,2.996510e-04,44600,18.01
213300,26662,2621030400,3.4417,,,2.996508e-04,44232,18.01
213350,26668,2621644800,3.4737,,,2.996506e-04,44342,18.01
213400,26675,2622259200,3.4642,,,2.996504e-04,43825,18.01
213450,26681,2622873600,3.5066,,,2.996503e-04,44325,18.01
213500,26687,2623488000,3.5169,,,2.996501e-04,44459,18.01
213550,26693,2624102400,3.4981,,,2.996500e-04,42893,18.01
213600,26700,2624716800,3.4405,,,2.996498e-04,43723,18.01
213650,26706,2625331200,3.4405,,,2.996496e-04,44129,18.01
213700,26712,2625945600,3.4519,,,2.996495e-04,44164,18.01
213750,26718,2626560000,3.5359,,,2.996493e-04,44210,18.01
213800,26725,2627174400,3.4982,,,2.996491e-04,43799,18.01
213850,26731,2627788800,3.5047,,,2.996489e-04,44200,18.01
213900,26737,2628403200,3.4766,,,2.996488e-04,44354,18.01
213950,26743,2629017600,3.4694,,,2.996486e-04,44418,18.01
214000,26750,2629632000,3.4631,,,2.996484e-04,43861,18.01
214050,26756,2630246400,3.5085,,,2.996483e-04,42867,18.01
214100,26762,2630860800,3.4837,,,2.996481e-04,44251,18.01
214150,26768,2631475200,3.4882,,,2.996479e-04,44369,18.01
214200,26775,2632089600,3.4980,,,2.996478e-04,43748,18.01
214250,26781,2632704000,3.4819,,,2.996476e-04,44301,18.01
214300,26787,2633318400,3.4716,,,2.996474e-04,44072,18.01
214350,26793,2633932800,3.4924,,,2.996473e-04,44497,18.01
214400,26800,2634547200,3.4318,,,2.996471e-04,43810,18.01
214450,26806,2635161600,3.4328,,,2.996469e-04,44239,18.01
214500,26812,2635776000,3.4609,,,2.996468e-04,44291,18.01
214550,26818,2636390400,3.5028,,,2.996466e-04,42809,18.01
214600,26825,2637004800,3.5205,,,2.996464e-04,43583,18.01
214650,26831,2637619200,3.4444,,,2.996462e-04,44317,18.01
214700,26837,2638233600,3.4872,,,2.996461e-04,44465,18.01
214750,26843,2638848000,3.5177,,,2.996459e-04,44387,18.01
214800,26850,2639462400,3.5246,,,2.996457e-04,43855,18.01
214850,26856,2640076800,3.4594,,,2.996456e-04,44173,18.01
214900,26862,2640691200,3.4631,,,2.996454e-04,44294,18.01
214950,26868,2641305600,3.5112,,,2.996453e-04,44107,18.01
215000,26875,2641920000,3.4697,,,2.996451e-04,43716,18.01
215050,26881,2642534400,3.4637,,,2.996449e-04,33200,18.01
215100,26887,2643148800,3.4899,,,2.996447e-04,44037,18.01
215150,26893,2643763200,3.5067,,,2.996446e-04,44193,18.01
215200,26900,2644377600,3.4789,,,2.996444e-04,43562,18.01
215250,26906,2644992000,3.4904,,,2.996442e-04,44365,18.01
215300,26912,2645606400,3.4396,,,2.996441e-04,44297,18.01
215350,26918,2646220800,3.4849,,,2.996439e-04,44096,18.01
215400,26925,2646835200,3.4776,,,2.996437e-04,43915,18.01
215450,26931,2647449600,3.4452,,,2.996435e-04,44251,18.01
215500,26937,2648064000,3.4604,,,2.996434e-04,44276,18.01
215550,26943,2648678400,3.4891,,,2.996432e-04,42867,18.01
215600,26950,2649292800,3.4528,,,2.996430e-04,43722,18.01
215650,26956,2649907200,3.4301,,,2.996429e-04,44091,18.01
215700,26962,2650521600,3.5062,,,2.996427e-04,44311,18.01
215750,26968,2651136000,3.4763,,,2.996425e-04,44268,18.01
215800,26975,2651750400,3.4576,,,2.996424e-04,43616,18.01
215850,26981,2652364800,3.4669,,,2.996422e-04,44355,18.01
215900,26987,2652979200,3.4824,,,2.996420e-04,44294,18.01
215950,26993,2653593600,3.5036,,,2.996419e-04,44141,18.01
216000,27000,2654208000,3.4394,,,2.996417e-04,43956,18.01
216050,27006,2654822400,3.4741,,,2.996415e-04,42822,18.01
216100,27012,2655436800,3.4673,,,2.996414e-04,44335,18.01
216150,27018,2656051200,3.4645,,,2.996412e-04,44316,18.01
216200,27025,2656665600,3.4594,,,2.996410e-04,43594,18.01
216250,27031,2657280000,3.4687,,,2.996408e-04,44372,18.01
216300,27037,2657894400,3.4862,,,2.996407e-04,44398,18.01
216350,27043,2658508800,3.5178,,,2.996405e-04,44551,18.01
216400,27050,2659123200,3.4449,,,2.996403e-04,43819,18.01
216450,27056,2659737600,3.4378,,,2.996402e-04,44376,18.01
216500,27062,2660352000,3.4081,,,2.996400e-04,44557,18.01
216550,27068,2660966400,3.4966,,,2.996398e-04,42656,18.01
216600,27075,2661580800,3.4370,,,2.996396e-04,43912,18.01
216650,27081,2662195200,3.4576,,,2.996395e-04,44179,18.01
216700,27087,2662809600,3.4838,,,2.996393e-04,44411,18.01
216750,27093,2663424000,3.4911,,,2.996391e-04,44686,18.01
216800,27100,2664038400,3.4372,,,2.996390e-04,43828,18.01
216850,27106,2664652800,3.4910,,,2.996388e-04,44750,18.01
216900,27112,2665267200,3.4968,,,2.996386e-04,44040,18.01
216950,27118,2665881600,3.4612,,,2.996385e-04,44356,18.01
217000,27125,2666496000,3.4883,,,2.996383e-04,44068,18.01
217050,27131,2667110400,3.4770,,,2.996381e-04,43167,18.01
217100,27137,2667724800,3.4639,,,2.996380e-04,44454,18.01
217150,27143,2668339200,3.4950,,,2.996378e-04,44351,18.01
217200,27150,2668953600,3.4841,,,2.996376e-04,44219,18.01
217250,27156,2669568000,3.4402,,,2.996374e-04,44382,18.01
217300,27162,2670182400,3.4631,,,2.996373e-04,44549,18.01
217350,27168,2670796800,3.4605,,,2.996371e-04,44154,18.01
217400,27175,2671411200,3.4565,,,2.996369e-04,43397,18.01
217450,27181,2672025600,3.4997,,,2.996367e-04,44457,18.01
217500,27187,2672640000,3.4593,,,2.996366e-04,44256,18.01
217550,27193,2673254400,3.4806,,,2.996364e-04,43052,18.01
217600,27200,2673868800,3.4713,,,2.996362e-04,44031,18.01
217650,27206,2674483200,3.4976,,,2.996361e-04,44436,18.01
217700,27212,2675097600,3.4571,,,2.996359e-04,44308,18.01
217750,27218,2675712000,3.4571,,,2.996357e-04,44200,18.01
217800,27225,2676326400,3.4524,,,2.996355e-04,43486,18.01
217850,27231,2676940800,3.4858,,,2.996354e-04,44592,18.01
217900,27237,2677555200,3.5128,,,2.996352e-04,44376,18.01
217950,27243,2678169600,3.4427,,,2.996351e-04,44449,18.01
218000,27250,2678784000,3.4405,,,2.996349e-04,43867,18.01
218050,27256,2679398400,3.4481,,,2.996347e-04,42733,18.01
218100,27262,2680012800,3.4791,,,2.996345e-04,44173,18.01
218150,27268,2680627200,3.4895,,,2.996344e-04,43748,18.01
218200,27275,2681241600,3.4111,,,2.996342e-04,43581,18.01
218250,27281,2681856000,3.4779,,,2.996340e-04,44389,18.01
218300,27287,2682470400,3.4969,,,2.996338e-04,44186,18.01
218350,27293,2683084800,3.5117,,,2.996337e-04,44411,18.01
218400,27300,2683699200,3.5033,,,2.996335e-04,43463,18.01
218450,27306,2684313600,3.4794,,,2.996333e-04,44260,18.01
218500,27312,2684928000,3.4946,,,2.996332e-04,44215,18.01
218550,27318,2685542400,3.4844,,,2.996330e-04,42555,18.01
218600,27325,2686156800,3.4895,,,2.996328e-04,43736,18.01
218650,27331,2686771200,3.4453,,,2.996326e-04,44143,18.01
218700,27337,2687385600,3.4873,,,2.996325e-04,43797,18.01
218750,27343,2688000000,3.4771,,,2.996323e-04,44223,18.01
218800,27350,2688614400,3.4604,,,2.996321e-04,43727,18.01
218850,27356,2689228800,3.4559,,,2.996320e-04,44291,18.01
218900,27362,2689843200,3.4225,,,2.996318e-04,44151,18.01
218950,27368,2690457600,3.4532,,,2.996316e-04,44041,18.01
219000,27375,2691072000,3.4846,,,2.996314e-04,43909,18.01
219050,27381,2691686400,3.4389,,,2.996313e-04,42768,18.01
219100,27387,2692300800,3.4430,,,2.996311e-04,44342,18.01
219150,27393,2692915200,3.4498,,,2.996309e-04,44275,18.01
219200,27400,2693529600,3.4639,,,2.996307e-04,43514,18.01
219250,27406,2694144000,3.4875,,,2.996306e-04,44342,18.01
219300,27412,2694758400,3.4232,,,2.996304e-04,44141,18.01
219350,27418,2695372800,3.4374,,,2.996302e-04,44114,18.01
219400,27425,2695987200,3.4398,,,2.996301e-04,43777,18.01
219450,27431,2696601600,3.4603,,,2.996299e-04,43967,18.01
219500,27437,2697216000,3.4507,,,2.996297e-04,44250,18.01
219550,27443,2697830400,3.4517,,,2.996296e-04,42916,18.01
219600,27450,2698444800,3.4493,,,2.996294e-04,43927,18.01
219650,27456,2699059200,3.4540,,,2.996292e-04,44443,18.01
219700,27462,2699673600,3.4660,,,2.996290e-04,44407,18.01
219750,27468,2700288000,3.4627,,,2.996289e-04,44450,18.01
219800,27475,2700902400,3.4581,,,2.996287e-04,43686,18.01
219850,27481,2701516800,3.5007,,,2.996285e-04,44381,18.01
219900,27487,2702131200,3.4734,,,2.996283e-04,44219,18.01
219950,27493,2702745600,3.4506,,,2.996282e-04,44307,18.01
220000,27500,2703360000,3.4431,,,2.996280e-04,44122,18.01
220050,27506,2703974400,3.5002,,,2.996278e-04,33102,18.01
220100,27512,2704588800,3.4731,,,2.996277e-04,44490,18.01
220150,27518,2705203200,3.4399,,,2.996275e-04,44411,18.01
220200,27525,2705817600,3.4955,,,2.996273e-04,43802,18.01
220250,27531,2706432000,3.4518,,,2.996271e-04,44475,18.01
220300,27537,2707046400,3.5216,,,2.996270e-04,44292,18.01
220350,27543,2707660800,3.4701,,,2.996268e-04,44658,18.01
220400,27550,2708275200,3.4558,,,2.996266e-04,44078,18.01
220450,27556,2708889600,3.4644,,,2.996264e-04,44487,18.01
220500,27562,2709504000,3.4716,,,2.996263e-04,44398,18.01
220550,27568,2710118400,3.4748,,,2.996261e-04,43022,18.01
220600,27575,2710732800,3.4407,,,2.996259e-04,43837,18.01
220650,27581,2711347200,3.4893,,,2.996257e-04,44355,18.01
220700,27587,2711961600,3.5133,,,2.996256e-04,44276,18.01
220750,27593,2712576000,3.4871,,,2.996254e-04,44480,18.01
220800,27600,2713190400,3.4779,,,2.996252e-04,43993,18.01
220850,27606,2713804800,3.4458,,,2.996250e-04,44400,18.01
220900,27612,2714419200,3.4971,,,2.996249e-04,44158,18.01
220950,27618,2715033600,3.4826,,,2.996247e-04,44236,18.01
221000,27625,2715648000,3.4846,,,2.996245e-04,43682,18.01
221050,27631,2716262400,3.4436,,,2.996244e-04,43043,18.01
221100,27637,2716876800,3.4633,,,2.996242e-04,44498,18.01
221150,27643,2717491200,3.5178,,,2.996240e-04,44098,18.01
221200,27650,2718105600,3.4672,,,2.996238e-04,43805,18.01
221250,27656,2718720000,3.4607,,,2.996237e-04,44263,18.01
221300,27662,2719334400,3.4355,,,2.996235e-04,44292,18.01
221350,27668,2719948800,3.4226,,,2.996233e-04,44161,18.01
221400,27675,2720563200,3.4791,,,2.996231e-04,43740,18.01
221450,27681,2721177600,3.4574,,,2.996230e-04,44219,18.01
221500,27687,2721792000,3.5089,,,2.996228e-04,44278,18.01
221550,27693,2722406400,3.4399,,,2.996226e-04,42603,18.01
221600,27700,2723020800,3.4383,,,2.996224e-04,43673,18.01
221650,27706,2723635200,3.4668,,,2.996223e-04,44504,18.01
221700,27712,2724249600,3.4979,,,2.996221e-04,43821,18.01
221750,27718,2724864000,3.5019,,,2.996219e-04,44250,18.01
221800,27725,2725478400,3.5011,,,2.996217e-04,43745,18.01
221850,27731,2726092800,3.4296,,,2.996216e-04,44314,18.01
221900,27737,2726707200,3.4436,,,2.996214e-04,44129,18.01
221950,27743,2727321600,3.4181,,,2.996212e-04,44165,18.01
222000,27750,2727936000,3.5225,,,2.996210e-04,43682,18.01
222050,27756,2728550400,3.4791,,,2.996209e-04,42675,18.01
222100,27762,2729164800,3.4568,,,2.996207e-04,44172,18.01
222150,27768,2729779200,3.4716,,,2.996205e-04,44132,18.01
222200,27775,2730393600,3.4303,,,2.996203e-04,43688,18.01
222250,27781,2731008000,3.4473,,,2.996202e-04,44313,18.01
222300,27787,2731622400,3.4554,,,2.996200e-04,44045,18.01
222350,27793,2732236800,3.4489,,,2.996198e-04,44082,18.01
222400,27800,2732851200,3.4627,,,2.996196e-04,43567,18.01
222450,27806,2733465600,3.4898,,,2.996195e-04,44324,18.01
222500,27812,2734080000,3.4940,,,2.996193e-04,44146,18.01
222550,27818,2734694400,3.4992,,,2.996191e-04,42472,18.01
222600,27825,2735308800,3.5302,,,2.996189e-04,43744,18.01
222650,27831,2735923200,3.4212,,,2.996188e-04,44243,18.01
222700,27837,2736537600,3.4841,,,2.996186e-04,44199,18.01
222750,27843,2737152000,3.4963,,,2.996184e-04,44185,18.01
222800,27850,2737766400,3.4751,,,2.996182e-04,43701,18.01
222850,27856,2738380800,3.4346,,,2.996181e-04,44215,18.01
222900,27862,2738995200,3.4731,,,2.996179e-04,44417,18.01
222950,27868,2739609600,3.4224,,,2.996177e-04,44010,18.01
223000,27875,2740224000,3.5297,,,2.996175e-04,43703,18.01
223050,27881,2740838400,3.4723,,,2.996174e-04,42966,18.01
223100,27887,2741452800,3.4280,,,2.996172e-04,43949,18.01
223150,27893,2742067200,3.4696,,,2.996170e-04,44154,18.01
223200,27900,2742681600,3.4656,,,2.996168e-04,43971,18.01
223250,27906,2743296000,3.4326,,,2.996167e-04,44317,18.01
223300,27912,2743910400,3.4296,,,2.996165e-04,44158,18.01
223350,27918,2744524800,3.4806,,,2.996163e-04,44323,18.01
223400,27925,2745139200,3.4304,,,2.996161e-04,43861,18.01
223450,27931,2745753600,3.4555,,,2.996160e-04,44486,18.01
223500,27937,2746368000,3.4886,,,2.996158e-04,44212,18.01
223550,27943,2746982400,3.4755,,,2.996156e-04,43125,18.01
223600,27950,2747596800,3.4754,,,2.996154e-04,43535,18.01
223650,27956,2748211200,3.5251,,,2.996153e-04,44420,18.01
223700,27962,2748825600,3.5277,,,2.996151e-04,43930,18.01
223750,27968,2749440000,3.4559,,,2.996149e-04,44444,18.01
223800,27975,2750054400,3.4859,,,2.996147e-04,43896,18.01
223850,27981,2750668800,3.4481,,,2.996146e-04,44289,18.01
223900,27987,2751283200,3.4627,,,2.996144e-04,44501,18.01
223950,27993,2751897600,3.4524,,,2.996142e-04,44206,18.01
224000,28000,2752512000,3.4565,,,2.996140e-04,43697,18.01
224050,28006,2753126400,3.4819,,,2.996139e-04,43013,18.01
224100,28012,2753740800,3.4697,,,2.996137e-04,44637,18.01
224150,28018,2754355200,3.4665,,,2.996135e-04,44119,18.01
224200,28025,2754969600,3.4809,,,2.996133e-04,43744,18.01
224250,28031,2755584000,3.4632,,,2.996132e-04,44475,18.01
224300,28037,2756198400,3.4191,,,2.996130e-04,44254,18.01
224350,28043,2756812800,3.4980,,,2.996128e-04,44306,18.01
224400,28050,2757427200,3.4315,,,2.996126e-04,43874,18.01
224450,28056,2758041600,3.4616,,,2.996125e-04,44417,18.01
224500,28062,2758656000,3.4597,,,2.996123e-04,44412,18.01
224550,28068,2759270400,3.4359,,,2.996121e-04,42909,18.01
224600,28075,2759884800,3.4668,,,2.996119e-04,43704,18.01
224650,28081,2760499200,3.4275,,,2.996117e-04,44347,18.01
224700,28087,2761113600,3.4526,,,2.996116e-04,44010,18.01
224750,28093,2761728000,3.4523,,,2.996114e-04,44145,18.01
224800,28100,2762342400,3.4797,,,2.996112e-04,43631,18.01
224850,28106,2762956800,3.4357,,,2.996110e-04,44290,18.01
224900,28112,2763571200,3.4780,,,2.996109e-04,44249,18.01
224950,28118,2764185600,3.4875,,,2.996107e-04,44248,18.01
225000,28125,2764800000,3.4688,,,2.996105e-04,43535,18.01
225050,28131,2765414400,3.4405,,,2.996103e-04,32884,18.01
225100,28137,2766028800,3.4853,,,2.996102e-04,44316,18.01
225150,28143,2766643200,3.4784,,,2.996100e-04,44166,18.01
225200,28150,2767257600,3.4586,,,2.996098e-04,43740,18.01
225250,28156,2767872000,3.4424,,,2.996096e-04,44134,18.01
225300,28162,2768486400,3.4588,,,2.996095e-04,44345,18.01
225350,28168,2769100800,3.4357,,,2.996093e-04,43980,18.01
225400,28175,2769715200,3.4876,,,2.996091e-04,43910,18.01
225450,28181,2770329600,3.4896,,,2.996089e-04,44163,18.01
225500,28187,2770944000,3.4514,,,2.996087e-04,44315,18.01
225550,28193,2771558400,3.4966,,,2.996086e-04,42740,18.01
225600,28200,2772172800,3.4925,,,2.996084e-04,43613,18.01
225650,28206,2772787200,3.4462,,,2.996082e-04,44214,18.01
225700,28212,2773401600,3.4707,,,2.996080e-04,44246,18.01
225750,28218,2774016000,3.4709,,,2.996079e-04,43789,18.01
225800,28225,2774630400,3.5101,,,2.996077e-04,43300,18.01
225850,28231,2775244800,3.4441,,,2.996075e-04,44119,18.01
225900,28237,2775859200,3.4516,,,2.996073e-04,44352,18.01
225950,28243,2776473600,3.4637,,,2.996072e-04,44146,18.01
226000,28250,2777088000,3.4626,,,2.996070e-04,43954,18.01
226050,28256,2777702400,3.4935,,,2.996068e-04,42904,18.01
226100,28262,2778316800,3.4562,,,2.996066e-04,44049,18.01
226150,28268,2778931200,3.4655,,,2.996064e-04,44165,18.01
226200,28275,2779545600,3.4818,,,2.996062e-04,43543,18.01
226250,28281,2780160000,3.4440,,,2.996061e-04,44426,18.01
226300,28287,2780774400,3.4847,,,2.996059e-04,44235,18.01
226350,28293,2781388800,3.4689,,,2.996057e-04,44197,18.01
226400,28300,2782003200,3.4788,,,2.996055e-04,43660,18.01
226450,28306,2782617600,3.4531,,,2.996054e-04,44314,18.01
226500,28312,2783232000,3.4208,,,2.996052e-04,43858,18.01
226550,28318,2783846400,3.4985,,,2.996050e-04,42963,18.01
226600,28325,2784460800,3.5137,,,2.996048e-04,43856,18.01
226650,28331,2785075200,3.4684,,,2.996047e-04,44263,18.01
226700,28337,2785689600,3.4864,,,2.996045e-04,44318,18.01
226750,28343,2786304000,3.4790,,,2.996043e-04,44414,18.01
226800,28350,2786918400,3.4969,,,2.996041e-04,43598,18.01
226850,28356,2787532800,3.5241,,,2.996039e-04,44404,18.01
226900,28362,2788147200,3.4882,,,2.996038e-04,44479,18.01
226950,28368,2788761600,3.4639,,,2.996036e-04,44232,18.01
227000,28375,2789376000,3.4050,,,2.996034e-04,43674,18.01
227050,28381,2789990400,3.4620,,,2.996032e-04,42886,18.01
227100,28387,2790604800,3.4544,,,2.996031e-04,44295,18.01
227150,28393,2791219200,3.4808,,,2.996029e-04,44361,18.01
227200,28400,2791833600,3.4680,,,2.996027e-04,43870,18.01
227250,28406,2792448000,3.5076,,,2.996025e-04,44250,18.01
227300,28412,2793062400,3.4679,,,2.996023e-04,44145,18.01
227350,28418,2793676800,3.4364,,,2.996022e-04,44427,18.01
227400,28425,2794291200,3.4632,,,2.996020e-04,43794,18.01
227450,28431,2794905600,3.4489,,,2.996018e-04,44284,18.01
227500,28437,2795520000,3.4943,,,2.996016e-04,44247,18.01
227550,28443,2796134400,3.4481,,,2.996015e-04,42811,18.01
227600,28450,2796748800,3.4391,,,2.996013e-04,43849,18.01
227650,28456,2797363200,3.4073,,,2.996011e-04,44385,18.01
227700,28462,2797977600,3.4501,,,2.996009e-04,44266,18.01
227750,28468,2798592000,3.5034,,,2.996007e-04,44191,18.01
227800,28475,2799206400,3.4600,,,2.996005e-04,43833,18.01
227850,28481,2799820800,3.4370,,,2.996004e-04,44165,18.01
227900,28487,2800435200,3.4366,,,2.996002e-04,44399,18.01
227950,28493,2801049600,3.4679,,,2.996000e-04,44164,18.01
228000,28500,2801664000,3.4558,,,2.995998e-04,43819,18.01
228050,28506,2802278400,3.4991,,,2.995996e-04,42953,18.01
228100,28512,2802892800,3.4899,,,2.995995e-04,44203,18.01
228150,28518,2803507200,3.4449,,,2.995993e-04,43853,18.01
228200,28525,2804121600,3.4820,,,2.995991e-04,43723,18.01
228250,28531,2804736000,3.4739,,,2.995989e-04,44225,18.01
228300,28537,2805350400,3.4446,,,2.995988e-04,44000,18.01
228350,28543,2805964800,3.4527,,,2.995986e-04,44088,18.01
228400,28550,2806579200,3.4708,,,2.995984e-04,43636,18.01
228450,28556,2807193600,3.4828,,,2.995982e-04,44195,18.01
228500,28562,2807808000,3.4605,,,2.995980e-04,43942,18.01
228550,28568,2808422400,3.4584,,,2.995979e-04,42622,18.01
228600,28575,2809036800,3.4450,,,2.995977e-04,43726,18.01
228650,28581,2809651200,3.4430,,,2.995975e-04,44051,18.01
228700,28587,2810265600,3.4317,,,2.995973e-04,44088,18.01
228750,28593,2810880000,3.4670,,,2.995972e-04,44001,18.01
228800,28600,2811494400,3.4530,,,2.995969e-04,43639,18.01
228850,28606,2812108800,3.4408,,,2.995968e-04,44350,18.01
228900,28612,2812723200,3.4808,,,2.995966e-04,44141,18.01
228950,28618,2813337600,3.4276,,,2.995964e-04,44120,18.01
229000,28625,2813952000,3.4821,,,2.995962e-04,43645,18.01
229050,28631,2814566400,3.4346,,,2.995961e-04,42872,18.01
229100,28637,2815180800,3.4242,,,2.995959e-04,44304,18.01
229150,28643,2815795200,3.4568,,,2.995957e-04,44364,18.01
229200,28650,2816409600,3.4855,,,2.995955e-04,43676,18.01
229250,28656,2817024000,3.4560,,,2.995953e-04,44217,18.01
229300,28662,2817638400,3.4846,,,2.995952e-04,44064,18.01
229350,28668,2818252800,3.4384,,,2.995950e-04,44451,18.01
229400,28675,2818867200,3.4874,,,2.995948e-04,43756,18.01
229450,28681,2819481600,3.4150,,,2.995946e-04,44393,18.01
229500,28687,2820096000,3.4108,,,2.995944e-04,44413,18.01
229550,28693,2820710400,3.4798,,,2.995943e-04,42748,18.01
229600,28700,2821324800,3.4839,,,2.995941e-04,43647,18.01
229650,28706,2821939200,3.4629,,,2.995939e-04,44260,18.01
229700,28712,2822553600,3.4784,,,2.995937e-04,44261,18.01
229750,28718,2823168000,3.5234,,,2.995935e-04,44541,18.01
229800,28725,2823782400,3.5088,,,2.995933e-04,43963,18.01
229850,28731,2824396800,3.4194,,,2.995932e-04,44190,18.01
229900,28737,2825011200,3.5154,,,2.995930e-04,44324,18.01
229950,28743,2825625600,3.4326,,,2.995928e-04,44127,18.01
230000,28750,2826240000,3.4535,,,2.995926e-04,43628,18.01
230050,28756,2826854400,3.4412,,,2.995924e-04,33108,18.01
230100,28762,2827468800,3.4664,,,2.995923e-04,44535,18.01
230150,28768,2828083200,3.4902,,,2.995921e-04,44434,18.01
230200,28775,2828697600,3.4934,,,2.995919e-04,44141,18.01
230250,28781,2829312000,3.4605,,,2.995917e-04,44531,18.01
230300,28787,2829926400,3.4963,,,2.995915e-04,44319,18.01
230350,28793,2830540800,3.4679,,,2.995914e-04,44425,18.01
230400,28800,2831155200,3.4046,,,2.995912e-04,43973,18.01
230450,28806,2831769600,3.4644,,,2.995910e-04,44560,18.01
230500,28812,2832384000,3.4604,,,2.995908e-04,44319,18.01
230550,28818,2832998400,3.4830,,,2.995907e-04,43059,18.01
230600,28825,2833612800,3.4757,,,2.995904e-04,43959,18.01
230650,28831,2834227200,3.4561,,,2.995903e-04,43944,18.01
230700,28837,2834841600,3.5033,,,2.995901e-04,44406,18.01
230750,28843,2835456000,3.4677,,,2.995899e-04,44526,18.01
230800,28850,2836070400,3.4537,,,2.995897e-04,43978,18.01
230850,28856,2836684800,3.4894,,,2.995895e-04,44598,18.01
230900,28862,2837299200,3.4449,,,2.995894e-04,44198,18.01
230950,28868,2837913600,3.4250,,,2.995892e-04,44460,18.01
231000,28875,2838528000,3.4213,,,2.995890e-04,44095,18.01
231050,28881,2839142400,3.4633,,,2.995888e-04,43125,18.01
231100,28887,2839756800,3.4653,,,2.995886e-04,44399,18.01
231150,28893,2840371200,3.4867,,,2.995885e-04,44512,18.01
231200,28900,2840985600,3.4791,,,2.995883e-04,43689,18.01
231250,28906,2841600000,3.5012,,,2.995881e-04,44588,18.01
231300,28912,2842214400,3.4893,,,2.995879e-04,44167,18.01
231350,28918,2842828800,3.4897,,,2.995877e-04,44641,18.01
231400,28925,2843443200,3.4692,,,2.995875e-04,44163,18.01
231450,28931,2844057600,3.4597,,,2.995874e-04,44497,18.01
231500,28937,2844672000,3.4312,,,2.995872e-04,44575,18.01
231550,28943,2845286400,3.4387,,,2.995870e-04,43210,18.01
231600,28950,2845900800,3.4363,,,2.995868e-04,43760,18.01
231650,28956,2846515200,3.4676,,,2.995866e-04,44698,18.01
231700,28962,2847129600,3.4752,,,2.995865e-04,44489,18.01
231750,28968,2847744000,3.4491,,,2.995863e-04,44367,18.01
231800,28975,2848358400,3.4710,,,2.995861e-04,44008,18.01
231850,28981,2848972800,3.4908,,,2.995859e-04,44288,18.01
231900,28987,2849587200,3.4822,,,2.995857e-04,44334,18.01
231950,28993,2850201600,3.4895,,,2.995856e-04,44651,18.01
232000,29000,2850816000,3.4782,,,2.995854e-04,43866,18.01
232050,29006,2851430400,3.4180,,,2.995852e-04,43088,18.01
232100,29012,2852044800,3.4563,,,2.995850e-04,44442,18.01
232150,29018,2852659200,3.4583,,,2.995848e-04,44676,18.01
232200,29025,2853273600,3.4624,,,2.995846e-04,43969,18.01
232250,29031,2853888000,3.4111,,,2.995845e-04,44352,18.01
232300,29037,2854502400,3.4747,,,2.995843e-04,44653,18.01
232350,29043,2855116800,3.4783,,,2.995841e-04,44358,18.01
232400,29050,2855731200,3.4813,,,2.995839e-04,43916,18.01
232450,29056,2856345600,3.5037,,,2.995837e-04,44354,18.01
232500,29062,2856960000,3.4565,,,2.995835e-04,44697,18.01
232550,29068,2857574400,3.4785,,,2.995834e-04,42953,18.01
232600,29075,2858188800,3.4848,,,2.995832e-04,43920,18.01
232650,29081,2858803200,3.4331,,,2.995830e-04,44416,18.01
232700,29087,2859417600,3.4597,,,2.995828e-04,44426,18.01
232750,29093,2860032000,3.5029,,,2.995826e-04,44349,18.01
232800,29100,2860646400,3.4175,,,2.995824e-04,44061,18.01
232850,29106,2861260800,3.4252,,,2.995823e-04,44235,18.01
232900,29112,2861875200,3.4294,,,2.995821e-04,44672,18.01
232950,29118,2862489600,3.4533,,,2.995819e-04,44357,18.01
233000,29125,2863104000,3.4283,,,2.995817e-04,43964,18.01
233050,29131,2863718400,3.4826,,,2.995815e-04,43024,18.01
233100,29137,2864332800,3.4450,,,2.995813e-04,44647,18.01
233150,29143,2864947200,3.5121,,,2.995812e-04,44153,18.01
233200,29150,2865561600,3.4918,,,2.995810e-04,44079,18.01
233250,29156,2866176000,3.4727,,,2.995808e-04,44525,18.01
233300,29162,2866790400,3.4715,,,2.995806e-04,44429,18.01
233350,29168,2867404800,3.4781,,,2.995804e-04,43922,18.01
233400,29175,2868019200,3.4521,,,2.995802e-04,44047,18.01
233450,29181,2868633600,3.4779,,,2.995801e-04,44485,18.01
233500,29187,2869248000,3.4613,,,2.995799e-04,44496,18.01
233550,29193,2869862400,3.4552,,,2.995797e-04,43046,18.01
233600,29200,2870476800,3.4227,,,2.995795e-04,43822,18.01
233650,29206,2871091200,3.4562,,,2.995793e-04,44506,18.01
233700,29212,2871705600,3.4397,,,2.995791e-04,44147,18.01
233750,29218,2872320000,3.4769,,,2.995790e-04,44597,18.01
233800,29225,2872934400,3.4761,,,2.995788e-04,43895,18.01
233850,29231,2873548800,3.4572,,,2.995786e-04,44085,18.01
233900,29237,2874163200,3.4860,,,2.995784e-04,44680,18.01
233950,29243,2874777600,3.5023,,,2.995782e-04,44444,18.01
234000,29250,2875392000,3.3924,,,2.995780e-04,43726,18.01
234050,29256,2876006400,3.4177,,,2.995779e-04,43220,18.01
234100,29262,2876620800,3.4923,,,2.995777e-04,44328,18.01
234150,29268,2877235200,3.4436,,,2.995775e-04,44457,18.01
234200,29275,2877849600,3.5100,,,2.995773e-04,43951,18.01
234250,29281,2878464000,3.4814,,,2.995771e-04,44457,18.01
234300,29287,2879078400,3.4449,,,2.995769e-04,44643,18.01
234350,29293,2879692800,3.4574,,,2.995768e-04,44334,18.01
234400,29300,2880307200,3.4722,,,2.995766e-04,43907,18.01
234450,29306,2880921600,3.4627,,,2.995764e-04,44584,18.01
234500,29312,2881536000,3.4415,,,2.995762e-04,44249,18.01
234550,29318,2882150400,3.5112,,,2.995760e-04,42816,18.01
234600,29325,2882764800,3.4518,,,2.995758e-04,44046,18.01
234650,29331,2883379200,3.4536,,,2.995756e-04,44488,18.01
234700,29337,2883993600,3.4843,,,2.995755e-04,44567,18.01
234750,29343,2884608000,3.4740,,,2.995753e-04,44413,18.01
234800,29350,2885222400,3.4613,,,2.995751e-04,44108,18.01
234850,29356,2885836800,3.4616,,,2.995749e-04,44400,18.01
234900,29362,2886451200,3.4522,,,2.995747e-04,44283,18.01
234950,29368,2887065600,3.4880,,,2.995745e-04,44132,18.01
235000,29375,2887680000,3.4674,,,2.995743e-04,44047,18.01
235050,29381,2888294400,3.4187,,,2.995742e-04,33307,18.01
235100,29387,2888908800,3.4475,,,2.995740e-04,44412,18.01
235150,29393,2889523200,3.4590,,,2.995738e-04,44491,18.01
235200,29400,2890137600,3.4603,,,2.995736e-04,43779,18.01
235250,29406,2890752000,3.4536,,,2.995734e-04,44689,18.01
235300,29412,2891366400,3.4854,,,2.995732e-04,44487,18.01
235350,29418,2891980800,3.4831,,,2.995731e-04,44462,18.01
235400,29425,2892595200,3.4610,,,2.995729e-04,43845,18.01
235450,29431,2893209600,3.4363,,,2.995727e-04,44435,18.01
235500,29437,2893824000,3.4171,,,2.995725e-04,44554,18.01
235550,29443,2894438400,3.4706,,,2.995723e-04,42974,18.01
235600,29450,2895052800,3.4760,,,2.995721e-04,43928,18.01
235650,29456,2895667200,3.4888,,,2.995719e-04,44535,18.01
235700,29462,2896281600,3.4420,,,2.995718e-04,44503,18.01
235750,29468,2896896000,3.4712,,,2.995716e-04,44194,18.01
235800,29475,2897510400,3.4788,,,2.995714e-04,43631,18.01
235850,29481,2898124800,3.4802,,,2.995712e-04,44247,18.01
235900,29487,2898739200,3.4773,,,2.995710e-04,44451,18.01
235950,29493,2899353600,3.4834,,,2.995708e-04,44511,18.01
236000,29500,2899968000,3.4796,,,2.995706e-04,43391,18.01
236050,29506,2900582400,3.4967,,,2.995705e-04,43057,18.01
236100,29512,2901196800,3.4635,,,2.995703e-04,44611,18.01
236150,29518,2901811200,3.4626,,,2.995701e-04,44335,18.01
236200,29525,2902425600,3.4742,,,2.995699e-04,43817,18.01
236250,29531,2903040000,3.4727,,,2.995697e-04,44413,18.01
236300,29537,2903654400,3.4810,,,2.995695e-04,44219,18.01
236350,29543,2904268800,3.5049,,,2.995694e-04,44226,18.01
236400,29550,2904883200,3.4704,,,2.995691e-04,43826,18.01
236450,29556,2905497600,3.4632,,,2.995690e-04,44491,18.01
236500,29562,2906112000,3.4555,,,2.995688e-04,44313,18.01
236550,29568,2906726400,3.4739,,,2.995686e-04,42963,18.01
236600,29575,2907340800,3.4522,,,2.995684e-04,43906,18.01
236650,29581,2907955200,3.4598,,,2.995682e-04,44548,18.01
236700,29587,2908569600,3.4582,,,2.995680e-04,44217,18.01
236750,29593,2909184000,3.4694,,,2.995679e-04,44389,18.01
236800,29600,2909798400,3.4381,,,2.995677e-04,44081,18.01
236850,29606,2910412800,3.4416,,,2.995675e-04,44056,18.01
236900,29612,2911027200,3.4918,,,2.995673e-04,44408,18.01
236950,29618,2911641600,3.4570,,,2.995671e-04,44512,18.01
237000,29625,2912256000,3.4751,,,2.995669e-04,44077,18.01
237050,29631,2912870400,3.4678,,,2.995667e-04,42796,18.01
237100,29637,2913484800,3.4467,,,2.995666e-04,44466,18.01
237150,29643,2914099200,3.4633,,,2.995664e-04,44234,18.01
237200,29650,2914713600,3.4512,,,2.995662e-04,43787,18.01
237250,29656,2915328000,3.4643,,,2.995660e-04,44402,18.01
237300,29662,2915942400,3.4651,,,2.995658e-04,44251,18.01
237350,29668,2916556800,3.4586,,,2.995656e-04,44480,18.01
237400,29675,2917171200,3.4587,,,2.995654e-04,43971,18.01
237450,29681,2917785600,3.4769,,,2.995652e-04,44175,18.01
237500,29687,2918400000,3.4647,,,2.995651e-04,44541,18.01
237550,29693,2919014400,3.4176,,,2.995649e-04,42997,18.01
237600,29700,2919628800,3.4534,,,2.995647e-04,43792,18.01
237650,29706,2920243200,3.4347,,,2.995645e-04,44557,18.01
237700,29712,2920857600,3.4336,,,2.995643e-04,44306,18.01
237750,29718,2921472000,3.4615,,,2.995641e-04,44397,18.01
237800,29725,2922086400,3.4656,,,2.995639e-04,43970,18.01
237850,29731,2922700800,3.4616,,,2.995637e-04,44069,18.01
237900,29737,2923315200,3.4587,,,2.995636e-04,44363,18.01
237950,29743,2923929600,3.4755,,,2.995634e-04,44311,18.01
238000,29750,2924544000,3.4564,,,2.995632e-04,43824,18.01
238050,29756,2925158400,3.4665,,,2.995630e-04,43008,18.01
238100,29762,2925772800,3.4703,,,2.995628e-04,44151,18.01
238150,29768,2926387200,3.4031,,,2.995626e-04,44457,18.01
238200,29775,2927001600,3.5125,,,2.995624e-04,43779,18.01
238250,29781,2927616000,3.4631,,,2.995622e-04,44326,18.01
238300,29787,2928230400,3.4715,,,2.995621e-04,44258,18.01
238350,29793,2928844800,3.4309,,,2.995619e-04,44396,18.01
238400,29800,2929459200,3.4189,,,2.995617e-04,43774,18.01
238450,29806,2930073600,3.4820,,,2.995615e-04,44081,18.01
238500,29812,2930688000,3.4611,,,2.995613e-04,44371,18.01
238550,29818,2931302400,3.4402,,,2.995611e-04,42881,18.01
238600,29825,2931916800,3.4852,,,2.995609e-04,43616,18.01
238650,29831,2932531200,3.4675,,,2.995607e-04,44436,18.01
238700,29837,2933145600,3.4496,,,2.995606e-04,44254,18.01
238750,29843,2933760000,3.4803,,,2.995604e-04,44317,18.01
238800,29850,2934374400,3.4355,,,2.995602e-04,43795,18.01
238850,29856,2934988800,3.4613,,,2.995600e-04,44188,18.01
238900,29862,2935603200,3.4695,,,2.995598e-04,44518,18.01
238950,29868,2936217600,3.4903,,,2.995596e-04,44154,18.01
239000,29875,2936832000,3.4440,,,2.995594e-04,43860,18.01
239050,29881,2937446400,3.5048,,,2.995592e-04,43201,18.01
239100,29887,2938060800,3.4499,,,2.995591e-04,44355,18.01
239150,29893,2938675200,3.4598,,,2.995589e-04,44284,18.01
239200,29900,2939289600,3.4484,,,2.995587e-04,43742,18.01
239250,29906,2939904000,3.4591,,,2.995585e-04,44475,18.01
239300,29912,2940518400,3.4812,,,2.995583e-04,44418,18.01
239350,29918,2941132800,3.4269,,,2.995581e-04,44247,18.01
239400,29925,2941747200,3.4436,,,2.995579e-04,43995,18.01
239450,29931,2942361600,3.4602,,,2.995577e-04,44346,18.01
239500,29937,2942976000,3.4742,,,2.995576e-04,44373,18.01
239550,29943,2943590400,3.4667,,,2.995574e-04,43028,18.01
239600,29950,2944204800,3.4710,,,2.995572e-04,43732,18.01
239650,29956,2944819200,3.4328,,,2.995570e-04,44336,18.01
239700,29962,2945433600,3.4412,,,2.995568e-04,44394,18.01
239750,29968,2946048000,3.4952,,,2.995566e-04,44361,18.01
239800,29975,2946662400,3.5004,,,2.995564e-04,43642,18.01
239850,29981,2947276800,3.4578,,,2.995562e-04,44157,18.01
239900,29987,2947891200,3.4291,,,2.995560e-04,44352,18.01
239950,29993,2948505600,3.4953,,,2.995559e-04,44312,18.01
240000,30000,2949120000,3.5015,,,2.995557e-04,43910,18.01
240050,30006,2949734400,3.4873,,,2.995555e-04,33254,18.01
240100,30012,2950348800,3.4466,,,2.995553e-04,44321,18.01
240150,30018,2950963200,3.5135,,,2.995551e-04,44407,18.01
240200,30025,2951577600,3.4555,,,2.995549e-04,43897,18.01
240250,30031,2952192000,3.4512,,,2.995547e-04,44487,18.01
240300,30037,2952806400,3.4819,,,2.995545e-04,44440,18.01
240350,30043,2953420800,3.4232,,,2.995544e-04,44456,18.01
240400,30050,2954035200,3.4333,,,2.995541e-04,43834,18.01
240450,30056,2954649600,3.4699,,,2.995540e-04,44229,18.01
240500,30062,2955264000,3.4792,,,2.995538e-04,44295,18.01
240550,30068,2955878400,3.4755,,,2.995536e-04,42982,18.01
240600,30075,2956492800,3.4907,,,2.995534e-04,43693,18.01
240650,30081,2957107200,3.4576,,,2.995532e-04,44231,18.01
240700,30087,2957721600,3.4402,,,2.995530e-04,44363,18.01
240750,30093,2958336000,3.4695,,,2.995528e-04,44116,18.01
240800,30100,2958950400,3.4237,,,2.995526e-04,43943,18.01
240850,30106,2959564800,3.3835,,,2.995524e-04,44517,18.01
240900,30112,2960179200,3.4964,,,2.995523e-04,44151,18.01
240950,30118,2960793600,3.4807,,,2.995521e-04,44658,18.01
241000,30125,2961408000,3.4429,,,2.995519e-04,43785,18.01
241050,30131,2962022400,3.4936,,,2.995517e-04,43206,18.01
241100,30137,2962636800,3.4634,,,2.995515e-04,44487,18.01
241150,30143,2963251200,3.4531,,,2.995513e-04,44271,18.01
241200,30150,2963865600,3.5102,,,2.995511e-04,43810,18.01
241250,30156,2964480000,3.4809,,,2.995509e-04,44596,18.01
241300,30162,2965094400,3.4938,,,2.995507e-04,44203,18.01
241350,30168,2965708800,3.4147,,,2.995506e-04,44466,18.01
241400,30175,2966323200,3.4534,,,2.995504e-04,43906,18.01
241450,30181,2966937600,3.4710,,,2.995502e-04,44210,18.01
241500,30187,2967552000,3.4559,,,2.995500e-04,44316,18.01
241550,30193,2968166400,3.4583,,,2.995498e-04,42791,18.01
241600,30200,2968780800,3.4157,,,2.995496e-04,43837,18.01
241650,30206,2969395200,3.4055,,,2.995494e-04,44527,18.01
241700,30212,2970009600,3.4468,,,2.995492e-04,44333,18.01
241750,30218,2970624000,3.4430,,,2.995490e-04,44553,18.01
241800,30225,2971238400,3.4582,,,2.995488e-04,43694,18.01
241850,30231,2971852800,3.4773,,,2.995486e-04,44315,18.01
241900,30237,2972467200,3.4283,,,2.995485e-04,44347,18.01
241950,30243,2973081600,3.4500,,,2.995483e-04,44520,18.01
242000,30250,2973696000,3.4353,,,2.995481e-04,43758,18.01
242050,30256,2974310400,3.4669,,,2.995479e-04,42967,18.01
242100,30262,2974924800,3.4181,,,2.995477e-04,44260,18.01
242150,30268,2975539200,3.4454,,,2.995475e-04,44383,18.01
242200,30275,2976153600,3.4410,,,2.995473e-04,43784,18.01
242250,30281,2976768000,3.4458,,,2.995471e-04,44317,18.01
242300,30287,2977382400,3.4166,,,2.995469e-04,44115,18.01
242350,30293,2977996800,3.4590,,,2.995468e-04,44142,18.01
242400,30300,2978611200,3.4332,,,2.995465e-04,43756,18.01
242450,30306,2979225600,3.4143,,,2.995464e-04,44411,18.01
242500,30312,2979840000,3.4345,,,2.995462e-04,44491,18.01
242550,30318,2980454400,3.3872,,,2.995460e-04,42636,18.01
242600,30325,2981068800,3.4161,,,2.995458e-04,43756,18.01
242650,30331,2981683200,3.4614,,,2.995456e-04,44267,18.01
242700,30337,2982297600,3.3895,,,2.995454e-04,44364,18.01
242750,30343,2982912000,3.4400,,,2.995452e-04,44226,18.01
242800,30350,2983526400,3.4989,,,2.995450e-04,43884,18.01
242850,30356,2984140800,3.4622,,,2.995448e-04,44300,18.01
242900,30362,2984755200,3.4212,,,2.995447e-04,44208,18.01
242950,30368,2985369600,3.4806,,,2.995445e-04,44437,18.01
243000,30375,2985984000,3.4379,,,2.995443e-04,43789,18.01
243050,30381,2986598400,3.4625,,,2.995441e-04,42872,18.01
243100,30387,2987212800,3.4402,,,2.995439e-04,44162,18.01
243150,30393,2987827200,3.4917,,,2.995437e-04,44250,18.01
243200,30400,2988441600,3.4878,,,2.995435e-04,43627,18.01
243250,30406,2989056000,3.3983,,,2.995433e-04,44519,18.01
243300,30412,2989670400,3.4181,,,2.995431e-04,44325,18.01
243350,30418,2990284800,3.5158,,,2.995429e-04,44373,18.01
243400,30425,2990899200,3.4321,,,2.995427e-04,43939,18.01
243450,30431,2991513600,3.4804,,,2.995425e-04,44280,18.01
243500,30437,2992128000,3.4608,,,2.995424e-04,44221,18.01
243550,30443,2992742400,3.4470,,,2.995422e-04,42759,18.01
243600,30450,2993356800,3.4922,,,2.995420e-04,43849,18.01
243650,30456,2993971200,3.4404,,,2.995418e-04,44421,18.01
243700,30462,2994585600,3.4762,,,2.995416e-04,44285,18.01
243750,30468,2995200000,3.4539,,,2.995414e-04,44359,18.01
243800,30475,2995814400,3.4693,,,2.995412e-04,43822,18.01
243850,30481,2996428800,3.4338,,,2.995410e-04,44334,18.01
243900,30487,2997043200,3.4600,,,2.995408e-04,44172,18.01
243950,30493,2997657600,3.4369,,,2.995406e-04,44138,18.01
244000,30500,2998272000,3.4178,,,2.995404e-04,43858,18.01
244050,30506,2998886400,3.4182,,,2.995402e-04,42767,18.01
244100,30512,2999500800,3.4735,,,2.995401e-04,44423,18.01
244150,30518,3000115200,3.4617,,,2.995399e-04,44255,18.01
244200,30525,3000729600,3.4214,,,2.995397e-04,43261,18.01
244250,30531,3001344000,3.4692,,,2.995395e-04,44397,18.01
244300,30537,3001958400,3.4292,,,2.995393e-04,44372,18.01
244350,30543,3002572800,3.4504,,,2.995391e-04,44401,18.01
244400,30550,3003187200,3.4973,,,2.995389e-04,43794,18.01
244450,30556,3003801600,3.5098,,,2.995387e-04,44266,18.01
244500,30562,3004416000,3.4514,,,2.995385e-04,44162,18.01
244550,30568,3005030400,3.4374,,,2.995383e-04,42791,18.01
244600,30575,3005644800,3.4434,,,2.995381e-04,43790,18.01
244650,30581,3006259200,3.4736,,,2.995379e-04,44397,18.01
244700,30587,3006873600,3.4899,,,2.995377e-04,44236,18.01
244750,30593,3007488000,3.4071,,,2.995376e-04,44435,18.01
244800,30600,3008102400,3.4630,,,2.995373e-04,43612,18.01
244850,30606,3008716800,3.4850,,,2.995372e-04,44315,18.01
244900,30612,3009331200,3.4757,,,2.995370e-04,44465,18.01
244950,30618,3009945600,3.4662,,,2.995368e-04,44264,18.01
245000,30625,3010560000,3.4639,,,2.995366e-04,43818,18.01
245050,30631,3011174400,3.4275,,,2.995364e-04,33026,18.01
245100,30637,3011788800,3.4637,,,2.995362e-04,44421,18.01
245150,30643,3012403200,3.4591,,,2.995360e-04,44280,18.01
245200,30650,3013017600,3.4575,,,2.995358e-04,43674,18.01
245250,30656,3013632000,3.4458,,,2.995356e-04,44252,18.01
245300,30662,3014246400,3.4531,,,2.995354e-04,44394,18.01
245350,30668,3014860800,3.4395,,,2.995352e-04,44308,18.01
245400,30675,3015475200,3.4639,,,2.995350e-04,43721,18.01
245450,30681,3016089600,3.4922,,,2.995348e-04,44345,18.01
245500,30687,3016704000,3.4301,,,2.995347e-04,44024,18.01
245550,30693,3017318400,3.4546,,,2.995345e-04,42671,18.01
245600,30700,3017932800,3.4772,,,2.995343e-04,43809,18.01
245650,30706,3018547200,3.4421,,,2.995341e-04,44324,18.01
245700,30712,3019161600,3.4593,,,2.995339e-04,44247,18.01
245750,30718,3019776000,3.4214,,,2.995337e-04,44043,18.01
245800,30725,3020390400,3.4594,,,2.995335e-04,43624,18.01
245850,30731,3021004800,3.4593,,,2.995333e-04,44137,18.01
245900,30737,3021619200,3.4538,,,2.995331e-04,44053,18.01
245950,30743,3022233600,3.4636,,,2.995329e-04,44123,18.01
246000,30750,3022848000,3.4408,,,2.995327e-04,43634,18.01
246050,30756,3023462400,3.4719,,,2.995325e-04,43045,18.01
246100,30762,3024076800,3.5045,,,2.995323e-04,44181,18.01
246150,30768,3024691200,3.4366,,,2.995322e-04,43672,18.01
246200,30775,3025305600,3.3994,,,2.995319e-04,43737,18.01
246250,30781,3025920000,3.5093,,,2.995317e-04,44300,18.01
246300,30787,3026534400,3.4746,,,2.995316e-04,44034,18.01
246350,30793,3027148800,3.4754,,,2.995314e-04,44214,18.01
246400,30800,3027763200,3.4462,,,2.995312e-04,43797,18.01
246450,30806,3028377600,3.4687,,,2.995310e-04,44243,18.01
246500,30812,3028992000,3.4692,,,2.995308e-04,44223,18.01
246550,30818,3029606400,3.4563,,,2.995306e-04,42489,18.01
246600,30825,3030220800,3.4550,,,2.995304e-04,43573,18.01
246650,30831,3030835200,3.4580,,,2.995302e-04,44403,18.01
246700,30837,3031449600,3.4439,,,2.995300e-04,44093,18.01
246750,30843,3032064000,3.5018,,,2.995298e-04,43819,18.01
246800,30850,3032678400,3.4255,,,2.995296e-04,43836,18.01
246850,30856,3033292800,3.4199,,,2.995294e-04,44186,18.01
246900,30862,3033907200,3.4784,,,2.995292e-04,43996,18.01
246950,30868,3034521600,3.4805,,,2.995290e-04,44225,18.01
247000,30875,3035136000,3.4357,,,2.995288e-04,43570,18.01
247050,30881,3035750400,3.4573,,,2.995286e-04,42879,18.01
247100,30887,3036364800,3.4736,,,2.995285e-04,43740,18.01
247150,30893,3036979200,3.4354,,,2.995283e-04,44373,18.01
247200,30900,3037593600,3.4541,,,2.995280e-04,43655,18.01
247250,30906,3038208000,3.4802,,,2.995279e-04,44209,18.01
247300,30912,3038822400,3.4524,,,2.995277e-04,44287,18.01
247350,30918,3039436800,3.4495,,,2.995275e-04,43952,18.01
247400,30925,3040051200,3.4417,,,2.995273e-04,43247,18.01
247450,30931,3040665600,3.4794,,,2.995271e-04,44188,18.01
247500,30937,3041280000,3.4271,,,2.995269e-04,44177,18.01
247550,30943,3041894400,3.5237,,,2.995267e-04,42746,18.01
247600,30950,3042508800,3.4572,,,2.995265e-04,43950,18.01
247650,30956,3043123200,3.4534,,,2.995263e-04,44080,18.01
247700,30962,3043737600,3.4250,,,2.995261e-04,43862,18.01
247750,30968,3044352000,3.5004,,,2.995259e-04,44073,18.01
247800,30975,3044966400,3.4715,,,2.995257e-04,43498,18.01
247850,30981,3045580800,3.4456,,,2.995255e-04,44207,18.01
247900,30987,3046195200,3.5089,,,2.995253e-04,44298,18.01
247950,30993,3046809600,3.4148,,,2.995251e-04,43976,18.01
248000,31000,3047424000,3.4386,,,2.995249e-04,43580,18.01
248050,31006,3048038400,3.4569,,,2.995247e-04,42782,18.01
248100,31012,3048652800,3.4179,,,2.995246e-04,44417,18.01
248150,31018,3049267200,3.4014,,,2.995244e-04,44296,18.01
248200,31025,3049881600,3.4488,,,2.995241e-04,43621,18.01
248250,31031,3050496000,3.4370,,,2.995240e-04,44499,18.01
248300,31037,3051110400,3.5040,,,2.995238e-04,44050,18.01
248350,31043,3051724800,3.4181,,,2.995236e-04,44240,18.01
248400,31050,3052339200,3.4261,,,2.995234e-04,43929,18.01
248450,31056,3052953600,3.4790,,,2.995232e-04,43821,18.01
248500,31062,3053568000,3.4166,,,2.995230e-04,44287,18.01
248550,31068,3054182400,3.4133,,,2.995228e-04,42544,18.01
248600,31075,3054796800,3.4581,,,2.995226e-04,43719,18.01
248650,31081,3055411200,3.4408,,,2.995224e-04,44067,18.01
248700,31087,3056025600,3.4871,,,2.995222e-04,44475,18.01
248750,31093,3056640000,3.4860,,,2.995220e-04,44171,18.01
248800,31100,3057254400,3.4238,,,2.995218e-04,43744,18.01
248850,31106,3057868800,3.3984,,,2.995216e-04,44054,18.01
248900,31112,3058483200,3.4770,,,2.995214e-04,44156,18.01
248950,31118,3059097600,3.4961,,,2.995212e-04,44045,18.01
249000,31125,3059712000,3.4264,,,2.995210e-04,43700,18.01
249050,31131,3060326400,3.4802,,,2.995208e-04,42906,18.01
249100,31137,3060940800,3.4515,,,2.995206e-04,44159,18.01
249150,31143,3061555200,3.4620,,,2.995205e-04,44079,18.01
249200,31150,3062169600,3.4414,,,2.995202e-04,43550,18.01
249250,31156,3062784000,3.4146,,,2.995200e-04,44375,18.01
249300,31162,3063398400,3.4840,,,2.995199e-04,44212,18.01
249350,31168,3064012800,3.4769,,,2.995197e-04,44314,18.01
249400,31175,3064627200,3.4464,,,2.995194e-04,43614,18.01
249450,31181,3065241600,3.4618,,,2.995193e-04,44096,18.01
249500,31187,3065856000,3.4708,,,2.995191e-04,44189,18.01
249550,31193,3066470400,3.4421,,,2.995189e-04,42540,18.01
249600,31200,3067084800,3.4434,,,2.995187e-04,43834,18.01
249650,31206,3067699200,3.4568,,,2.995185e-04,44168,18.01
249700,31212,3068313600,3.4366,,,2.995183e-04,44031,18.01
249750,31218,3068928000,3.4548,,,2.995181e-04,44261,18.01
249800,31225,3069542400,3.4167,,,2.995179e-04,43281,18.01
249850,31231,3070156800,3.4284,,,2.995177e-04,44191,18.01
249900,31237,3070771200,3.4241,,,2.995175e-04,44304,18.01
249950,31243,3071385600,3.4504,,,2.995173e-04,44199,18.01
250000,31250,3072000000,3.3981,,,2.995171e-04,43638,18.01
250050,31256,3072614400,3.4662,,,2.995169e-04,32802,18.01
250100,31262,3073228800,3.4570,,,2.995167e-04,44224,18.01
250150,31268,3073843200,3.4626,,,2.995165e-04,44219,18.01
250200,31275,3074457600,3.4821,,,2.995163e-04,43969,18.01
250250,31281,3075072000,3.4771,,,2.995161e-04,44319,18.01
250300,31287,3075686400,3.4319,,,2.995159e-04,44291,18.01
250350,31293,3076300800,3.4375,,,2.995157e-04,44258,18.01
250400,31300,3076915200,3.4551,,,2.995155e-04,43722,18.01
250450,31306,3077529600,3.4688,,,2.995153e-04,44449,18.01
250500,31312,3078144000,3.4777,,,2.995151e-04,44283,18.01
250550,31318,3078758400,3.4856,,,2.995149e-04,42663,18.01
250600,31325,3079372800,3.4498,,,2.995147e-04,43401,18.01
250650,31331,3079987200,3.4492,,,2.995145e-04,44458,18.01
250700,31337,3080601600,3.4837,,,2.995143e-04,44116,18.01
250750,31343,3081216000,3.4328,,,2.995142e-04,44038,18.01
250800,31350,3081830400,3.4472,,,2.995139e-04,43617,18.01
250850,31356,3082444800,3.4268,,,2.995137e-04,44285,18.01
250900,31362,3083059200,3.4881,,,2.995136e-04,43902,18.01
250950,31368,3083673600,3.4279,,,2.995134e-04,44250,18.01
251000,31375,3084288000,3.4541,,,2.995131e-04,43602,18.01
251050,31381,3084902400,3.4326,,,2.995130e-04,42727,18.01
251100,31387,3085516800,3.4240,,,2.995128e-04,44113,18.01
251150,31393,3086131200,3.4894,,,2.995126e-04,43818,18.01
251200,31400,3086745600,3.4286,,,2.995124e-04,43498,18.01
251250,31406,3087360000,3.4834,,,2.995122e-04,44396,18.01
251300,31412,3087974400,3.4436,,,2.995120e-04,44327,18.01
251350,31418,3088588800,3.4621,,,2.995118e-04,44019,18.01
251400,31425,3089203200,3.4441,,,2.995116e-04,43843,18.01
251450,31431,3089817600,3.4408,,,2.995114e-04,44267,18.01
251500,31437,3090432000,3.4407,,,2.995112e-04,44147,18.01
251550,31443,3091046400,3.4556,,,2.995110e-04,42694,18.01
251600,31450,3091660800,3.4371,,,2.995108e-04,43699,18.01
251650,31456,3092275200,3.4097,,,2.995106e-04,44134,18.01
251700,31462,3092889600,3.4672,,,2.995104e-04,44039,18.01
251750,31468,3093504000,3.4083,,,2.995102e-04,44125,18.01
251800,31475,3094118400,3.4588,,,2.995100e-04,43259,18.01
251850,31481,3094732800,3.4244,,,2.995098e-04,44119,18.01
251900,31487,3095347200,3.4333,,,2.995096e-04,44227,18.01
251950,31493,3095961600,3.4591,,,2.995094e-04,44053,18.01
252000,31500,3096576000,3.4588,,,2.995092e-04,43692,18.01
252050,31506,3097190400,3.4332,,,2.995090e-04,42706,18.01
252100,31512,3097804800,3.4432,,,2.995088e-04,44114,18.01
252150,31518,3098419200,3.4655,,,2.995086e-04,44043,18.01
252200,31525,3099033600,3.4215,,,2.995084e-04,43704,18.01
252250,31531,3099648000,3.4723,,,2.995082e-04,44107,18.01
252300,31537,3100262400,3.4647,,,2.995080e-04,43927,18.01
252350,31543,3100876800,3.4587,,,2.995078e-04,44037,18.01
252400,31550,3101491200,3.4315,,,2.995076e-04,43296,18.01
252450,31556,3102105600,3.3848,,,2.995074e-04,43884,18.01
252500,31562,3102720000,3.4502,,,2.995072e-04,44255,18.01
252550,31568,3103334400,3.4175,,,2.995070e-04,42645,18.01
252600,31575,3103948800,3.4279,,,2.995068e-04,43438,18.01
252650,31581,3104563200,3.4329,,,2.995066e-04,44036,18.01
252700,31587,3105177600,3.4235,,,2.995064e-04,44227,18.01
252750,31593,3105792000,3.4679,,,2.995062e-04,44115,18.01
252800,31600,3106406400,3.4284,,,2.995060e-04,43756,18.01
252850,31606,3107020800,3.4539,,,2.995058e-04,44143,18.01
252900,31612,3107635200,3.4745,,,2.995056e-04,44276,18.01
252950,31618,3108249600,3.4185,,,2.995054e-04,44124,18.01
253000,31625,3108864000,3.4519,,,2.995052e-04,43595,18.01
253050,31631,3109478400,3.4232,,,2.995050e-04,42590,18.01
253100,31637,3110092800,3.4316,,,2.995048e-04,43745,18.01
253150,31643,3110707200,3.4269,,,2.995046e-04,43899,18.01
253200,31650,3111321600,3.4910,,,2.995044e-04,43741,18.01
253250,31656,3111936000,3.4562,,,2.995042e-04,43773,18.01
253300,31662,3112550400,3.4605,,,2.995040e-04,44121,18.01
253350,31668,3113164800,3.4604,,,2.995038e-04,44054,18.01
253400,31675,3113779200,3.4507,,,2.995036e-04,43541,18.01
253450,31681,3114393600,3.4708,,,2.995034e-04,44169,18.01
253500,31687,3115008000,3.3827,,,2.995032e-04,44198,18.01
253550,31693,3115622400,3.4717,,,2.995030e-04,42681,18.01
253600,31700,3116236800,3.4574,,,2.995028e-04,43499,18.01
253650,31706,3116851200,3.4508,,,2.995026e-04,44259,18.01
253700,31712,3117465600,3.4384,,,2.995024e-04,44173,18.01
253750,31718,3118080000,3.4518,,,2.995022e-04,44021,18.01
253800,31725,3118694400,3.4882,,,2.995020e-04,43632,18.01
253850,31731,3119308800,3.4718,,,2.995018e-04,44218,18.01
253900,31737,3119923200,3.4611,,,2.995016e-04,43872,18.01
253950,31743,3120537600,3.4745,,,2.995014e-04,44008,18.01
254000,31750,3121152000,3.4196,,,2.995012e-04,43576,18.01
254050,31756,3121766400,3.4779,,,2.995010e-04,42731,18.01
254100,31762,3122380800,3.4890,,,2.995008e-04,44012,18.01
254150,31768,3122995200,3.4835,,,2.995006e-04,43990,18.01
254200,31775,3123609600,3.4517,,,2.995004e-04,43293,18.01
254250,31781,3124224000,3.5199,,,2.995002e-04,44189,18.01
254300,31787,3124838400,3.4576,,,2.995000e-04,44169,18.01
254350,31793,3125452800,3.4245,,,2.994998e-04,43528,18.01
254400,31800,3126067200,3.4415,,,2.994996e-04,43583,18.01
254450,31806,3126681600,3.4501,,,2.994994e-04,44223,18.01
254500,31812,3127296000,3.4423,,,2.994992e-04,44034,18.01
254550,31818,3127910400,3.4494,,,2.994990e-04,42689,18.01
254600,31825,3128524800,3.4677,,,2.994988e-04,43593,18.01
254650,31831,3129139200,3.4055,,,2.994986e-04,43931,18.01
254700,31837,3129753600,3.4420,,,2.994984e-04,43957,18.01
254750,31843,3130368000,3.4647,,,2.994982e-04,44020,18.01
254800,31850,3130982400,3.4406,,,2.994980e-04,43704,18.01
254850,31856,3131596800,3.4777,,,2.994978e-04,44102,18.01
254900,31862,3132211200,3.4297,,,2.994976e-04,43847,18.01
254950,31868,3132825600,3.4134,,,2.994974e-04,44030,18.01
255000,31875,3133440000,3.4419,,,2.994972e-04,43765,18.01
255050,31881,3134054400,3.4986,,,2.994970e-04,32761,18.01
255100,31887,3134668800,3.4471,,,2.994968e-04,44211,18.01
255150,31893,3135283200,3.4039,,,2.994966e-04,43959,18.01
255200,31900,3135897600,3.4616,,,2.994964e-04,43460,18.01
255250,31906,3136512000,3.4367,,,2.994962e-04,43994,18.01
255300,31912,3137126400,3.5201,,,2.994960e-04,44084,18.01
255350,31918,3137740800,3.4473,,,2.994958e-04,44132,18.01
255400,31925,3138355200,3.3772,,,2.994956e-04,43515,18.01
255450,31931,3138969600,3.4705,,,2.994954e-04,44145,18.01
255500,31937,3139584000,3.4160,,,2.994952e-04,44106,18.01
255550,31943,3140198400,3.4401,,,2.994950e-04,42662,18.01
255600,31950,3140812800,3.4045,,,2.994948e-04,43770,18.01
255650,31956,3141427200,3.4329,,,2.994946e-04,43832,18.01
255700,31962,3142041600,3.5000,,,2.994944e-04,44063,18.01
255750,31968,3142656000,3.4696,,,2.994942e-04,43972,18.01
255800,31975,3143270400,3.4163,,,2.994940e-04,43657,18.01
255850,31981,3143884800,3.4686,,,2.994938e-04,43897,18.01
255900,31987,3144499200,3.4891,,,2.994936e-04,44026,18.01
255950,31993,3145113600,3.4350,,,2.994934e-04,43837,18.01
256000,32000,3145728000,3.4152,,,2.994932e-04,43735,18.01
256050,32006,3146342400,3.4607,,,2.994930e-04,42610,18.01
256100,32012,3146956800,3.4161,,,2.994928e-04,43991,18.01
256150,32018,3147571200,3.4207,,,2.994926e-04,44124,18.01
256200,32025,3148185600,3.4683,,,2.994924e-04,43638,18.01
256250,32031,3148800000,3.4356,,,2.994922e-04,44304,18.01
256300,32037,3149414400,3.4356,,,2.994920e-04,43844,18.01
256350,32043,3150028800,3.4299,,,2.994918e-04,44075,18.01
256400,32050,3150643200,3.4926,,,2.994916e-04,43444,18.01
256450,32056,3151257600,3.4137,,,2.994914e-04,44124,18.01
256500,32062,3151872000,3.4552,,,2.994912e-04,43874,18.01
256550,32068,3152486400,3.4148,,,2.994910e-04,42552,18.01
256600,32075,3153100800,3.4639,,,2.994908e-04,43461,18.01
256650,32081,3153715200,3.4404,,,2.994906e-04,44088,18.01
256700,32087,3154329600,3.4544,,,2.994904e-04,43915,18.01
256750,32093,3154944000,3.4588,,,2.994902e-04,44170,18.01
256800,32100,3155558400,3.4243,,,2.994899e-04,43343,18.01
256850,32106,3156172800,3.4357,,,2.994898e-04,43681,18.01
256900,32112,3156787200,3.4474,,,2.994896e-04,44266,18.01
256950,32118,3157401600,3.4212,,,2.994894e-04,43920,18.01
257000,32125,3158016000,3.4068,,,2.994891e-04,43403,18.01
257050,32131,3158630400,3.4331,,,2.994889e-04,42806,18.01
257100,32137,3159244800,3.4495,,,2.994888e-04,44119,18.01
257150,32143,3159859200,3.4500,,,2.994886e-04,43801,18.01
257200,32150,3160473600,3.4160,,,2.994883e-04,43398,18.01
257250,32156,3161088000,3.4394,,,2.994881e-04,43784,18.01
257300,32162,3161702400,3.4880,,,2.994879e-04,44114,18.01
257350,32168,3162316800,3.4412,,,2.994877e-04,44135,18.01
257400,32175,3162931200,3.4106,,,2.994875e-04,43591,18.01
257450,32181,3163545600,3.4780,,,2.994873e-04,44090,18.01
257500,32187,3164160000,3.4400,,,2.994871e-04,43803,18.01
257550,32193,3164774400,3.4397,,,2.994869e-04,42577,18.01
257600,32200,3165388800,3.4171,,,2.994867e-04,43633,18.01
257650,32206,3166003200,3.4453,,,2.994865e-04,43955,18.01
257700,32212,3166617600,3.4524,,,2.994863e-04,44030,18.01
257750,32218,3167232000,3.4543,,,2.994861e-04,44059,18.01
257800,32225,3167846400,3.4418,,,2.994859e-04,43536,18.01
257850,32231,3168460800,3.4356,,,2.994857e-04,44112,18.01
257900,32237,3169075200,3.4307,,,2.994855e-04,43862,18.01
257950,32243,3169689600,3.4650,,,2.994853e-04,43820,18.01
258000,32250,3170304000,3.4598,,,2.994851e-04,43584,18.01
258050,32256,3170918400,3.4020,,,2.994849e-04,42699,18.01
258100,32262,3171532800,3.4148,,,2.994847e-04,44071,18.01
258150,32268,3172147200,3.4433,,,2.994845e-04,44060,18.01
258200,32275,3172761600,3.4709,,,2.994843e-04,43726,18.01
258250,32281,3173376000,3.4653,,,2.994841e-04,44162,18.01
258300,32287,3173990400,3.4611,,,2.994839e-04,43738,18.01
258350,32293,3174604800,3.4224,,,2.994837e-04,43912,18.01
258400,32300,3175219200,3.4562,,,2.994835e-04,43610,18.01
258450,32306,3175833600,3.4376,,,2.994833e-04,43850,18.01
258500,32312,3176448000,3.4274,,,2.994831e-04,44032,18.01
258550,32318,3177062400,3.4854,,,2.994829e-04,42893,18.01
258600,32325,3177676800,3.4298,,,2.994826e-04,43524,18.01
258650,32331,3178291200,3.4672,,,2.994824e-04,43909,18.01
258700,32337,3178905600,3.4150,,,2.994822e-04,43783,18.01
258750,32343,3179520000,3.4148,,,2.994821e-04,43733,18.01
258800,32350,3180134400,3.4236,,,2.994818e-04,43582,18.01
258850,32356,3180748800,3.4039,,,2.994816e-04,44078,18.01
258900,32362,3181363200,3.4286,,,2.994814e-04,43958,18.01
258950,32368,3181977600,3.4236,,,2.994812e-04,43937,18.01
259000,32375,3182592000,3.4498,,,2.994810e-04,43405,18.01
259050,32381,3183206400,3.4757,,,2.994808e-04,42571,18.01
259100,32387,3183820800,3.3976,,,2.994806e-04,43888,18.01
259150,32393,3184435200,3.4591,,,2.994804e-04,44025,18.01
259200,32400,3185049600,3.4603,,,2.994802e-04,43488,18.01
259250,32406,3185664000,3.4252,,,2.994800e-04,44085,18.01
259300,32412,3186278400,3.4616,,,2.994798e-04,44073,18.01
259350,32418,3186892800,3.4267,,,2.994796e-04,44111,18.01
259400,32425,3187507200,3.4312,,,2.994794e-04,43481,18.01
259450,32431,3188121600,3.4488,,,2.994792e-04,44122,18.01
259500,32437,3188736000,3.4252,,,2.994790e-04,44094,18.01
259550,32443,3189350400,3.4836,,,2.994788e-04,42529,18.01
259600,32450,3189964800,3.4868,,,2.994786e-04,43661,18.01
259650,32456,3190579200,3.4711,,,2.994784e-04,44053,18.01
259700,32462,3191193600,3.4573,,,2.994782e-04,44010,18.01
259750,32468,3191808000,3.4233,,,2.994780e-04,44135,18.01
259800,32475,3192422400,3.4712,,,2.994777e-04,43244,18.01
259850,32481,3193036800,3.4073,,,2.994775e-04,44211,18.01
259900,32487,3193651200,3.4223,,,2.994773e-04,44042,18.01
259950,32493,3194265600,3.4664,,,2.994771e-04,44095,18.01
260000,32500,3194880000,3.4263,,,2.994769e-04,43615,18.01
260050,32506,3195494400,3.4403,,,2.994767e-04,33006,18.01
260100,32512,3196108800,3.4653,,,2.994765e-04,44112,18.01
260150,32518,3196723200,3.4367,,,2.994763e-04,44196,18.01
260200,32525,3197337600,3.4933,,,2.994761e-04,43512,18.01
260250,32531,3197952000,3.4436,,,2.994759e-04,44156,18.01
260300,32537,3198566400,3.4432,,,2.994757e-04,43978,18.01
260350,32543,3199180800,3.4423,,,2.994755e-04,44158,18.01
260400,32550,3199795200,3.3998,,,2.994753e-04,43573,18.01
260450,32556,3200409600,3.4674,,,2.994751e-04,44454,18.01
260500,32562,3201024000,3.4614,,,2.994749e-04,43778,18.01
260550,32568,3201638400,3.4142,,,2.994747e-04,42755,18.01
260600,32575,3202252800,3.4482,,,2.994745e-04,43759,18.01
260650,32581,3202867200,3.4047,,,2.994743e-04,44267,18.01
260700,32587,3203481600,3.4639,,,2.994741e-04,43898,18.01
260750,32593,3204096000,3.4229,,,2.994739e-04,43964,18.01
260800,32600,3204710400,3.4167,,,2.994736e-04,43690,18.01
260850,32606,3205324800,3.4440,,,2.994734e-04,44116,18.01
260900,32612,3205939200,3.4629,,,2.994732e-04,43974,18.01
260950,32618,3206553600,3.4690,,,2.994730e-04,44110,18.01
261000,32625,3207168000,3.4458,,,2.994728e-04,43713,18.01
261050,32631,3207782400,3.4673,,,2.994726e-04,42604,18.01
261100,32637,3208396800,3.4894,,,2.994724e-04,44172,18.01
261150,32643,3209011200,3.4427,,,2.994722e-04,44116,18.01
261200,32650,3209625600,3.4499,,,2.994720e-04,43430,18.01
261250,32656,3210240000,3.4248,,,2.994718e-04,44083,18.01
261300,32662,3210854400,3.4506,,,2.994716e-04,44148,18.01
261350,32668,3211468800,3.4597,,,2.994714e-04,43933,18.01
261400,32675,3212083200,3.4244,,,2.994712e-04,43643,18.01
261450,32681,3212697600,3.4595,,,2.994710e-04,43614,18.01
261500,32687,3213312000,3.4360,,,2.994708e-04,43886,18.01
261550,32693,3213926400,3.4679,,,2.994706e-04,42607,18.01
261600,32700,3214540800,3.4332,,,2.994703e-04,43604,18.01
261650,32706,3215155200,3.4293,,,2.994701e-04,44129,18.01
261700,32712,3215769600,3.4532,,,2.994699e-04,43672,18.01
261750,32718,3216384000,3.4474,,,2.994698e-04,44023,18.01
261800,32725,3216998400,3.4430,,,2.994695e-04,43447,18.01
261850,32731,3217612800,3.4605,,,2.994693e-04,43978,18.01
261900,32737,3218227200,3.4325,,,2.994691e-04,44017,18.01
261950,32743,3218841600,3.4334,,,2.994689e-04,44154,18.01
262000,32750,3219456000,3.4150,,,2.994687e-04,43548,18.01
262050,32756,3220070400,3.4375,,,2.994685e-04,42431,18.01
262100,32762,3220684800,3.4704,,,2.994683e-04,44015,18.01
262150,32768,3221299200,3.5103,,,2.994681e-04,44063,18.01
262200,32775,3221913600,3.4367,,,2.994679e-04,43314,18.01
262250,32781,3222528000,3.4851,,,2.994677e-04,44132,18.01
262300,32787,3223142400,3.4610,,,2.994675e-04,44103,18.01
262350,32793,3223756800,3.4458,,,2.994673e-04,43742,18.01
262400,32800,3224371200,3.4366,,,2.994670e-04,43359,18.01
262450,32806,3224985600,3.4696,,,2.994668e-04,43910,18.01
262500,32812,3225600000,3.4671,,,2.994666e-04,44067,18.01
262550,32818,3226214400,3.4329,,,2.994664e-04,42374,18.01
262600,32825,3226828800,3.4368,,,2.994662e-04,43376,18.01
262650,32831,3227443200,3.4118,,,2.994660e-04,44006,18.01
262700,32837,3228057600,3.4675,,,2.994658e-04,44046,18.01
262750,32843,3228672000,3.4737,,,2.994656e-04,43610,18.01
262800,32850,3229286400,3.4657,,,2.994654e-04,43127,18.01
262850,32856,3229900800,3.4548,,,2.994652e-04,44012,18.01
262900,32862,3230515200,3.4500,,,2.994650e-04,43776,18.01
262950,32868,3231129600,3.4374,,,2.994648e-04,44044,18.01
263000,32875,3231744000,3.4958,,,2.994646e-04,43387,18.01
263050,32881,3232358400,3.4315,,,2.994644e-04,42522,18.01
263100,32887,3232972800,3.3666,,,2.994642e-04,44053,18.01
263150,32893,3233587200,3.4800,,,2.994640e-04,43819,18.01
263200,32900,3234201600,3.4715,,,2.994637e-04,43340,18.01
263250,32906,3234816000,3.4370,,,2.994635e-04,43777,18.01
263300,32912,3235430400,3.4573,,,2.994633e-04,43785,18.01
263350,32918,3236044800,3.4183,,,2.994631e-04,43825,18.01
263400,32925,3236659200,3.4139,,,2.994629e-04,43549,18.01
263450,32931,3237273600,3.4415,,,2.994627e-04,44014,18.01
263500,32937,3237888000,3.4563,,,2.994625e-04,43747,18.01
263550,32943,3238502400,3.4239,,,2.994623e-04,42451,18.01
263600,32950,3239116800,3.4718,,,2.994621e-04,43572,18.01
263650,32956,3239731200,3.3868,,,2.994619e-04,43695,18.01
263700,32962,3240345600,3.4417,,,2.994617e-04,43877,18.01
263750,32968,3240960000,3.4203,,,2.994615e-04,44006,18.01
263800,32975,3241574400,3.4320,,,2.994612e-04,43420,18.01
263850,32981,3242188800,3.4844,,,2.994610e-04,43932,18.01
263900,32987,3242803200,3.4641,,,2.994608e-04,43604,18.01
263950,32993,3243417600,3.4410,,,2.994606e-04,43982,18.01
264000,33000,3244032000,3.4241,,,2.994604e-04,43601,18.01
264050,33006,3244646400,3.4772,,,2.994602e-04,42254,18.01
264100,33012,3245260800,3.4405,,,2.994600e-04,43796,18.01
264150,33018,3245875200,3.4842,,,2.994598e-04,43830,18.01
264200,33025,3246489600,3.4980,,,2.994596e-04,43635,18.01
264250,33031,3247104000,3.4252,,,2.994594e-04,44130,18.01
264300,33037,3247718400,3.4593,,,2.994592e-04,43725,18.01
264350,33043,3248332800,3.4617,,,2.994590e-04,44104,18.01
264400,33050,3248947200,3.4332,,,2.994587e-04,43508,18.01
264450,33056,3249561600,3.4778,,,2.994585e-04,43381,18.01
264500,33062,3250176000,3.4699,,,2.994583e-04,43951,18.01
264550,33068,3250790400,3.4168,,,2.994581e-04,42527,18.01
264600,33075,3251404800,3.4325,,,2.994579e-04,43522,18.01
264650,33081,3252019200,3.4229,,,2.994577e-04,43862,18.01
264700,33087,3252633600,3.4184,,,2.994575e-04,44040,18.01
264750,33093,3253248000,3.4374,,,2.994573e-04,43785,18.01
264800,33100,3253862400,3.4208,,,2.994571e-04,43497,18.01
264850,33106,3254476800,3.4418,,,2.994569e-04,43937,18.01
264900,33112,3255091200,3.4885,,,2.994567e-04,43945,18.01
264950,33118,3255705600,3.4266,,,2.994565e-04,43427,18.01
265000,33125,3256320000,3.4380,,,2.994562e-04,43594,18.01
265050,33131,3256934400,3.4389,,,2.994560e-04,32940,18.01
265100,33137,3257548800,3.4244,,,2.994558e-04,44025,18.01
265150,33143,3258163200,3.4553,,,2.994556e-04,43922,18.01
265200,33150,3258777600,3.4549,,,2.994554e-04,43562,18.01
265250,33156,3259392000,3.4932,,,2.994552e-04,44084,18.01
265300,33162,3260006400,3.4791,,,2.994550e-04,43856,18.01
265350,33168,3260620800,3.4755,,,2.994548e-04,44183,18.01
265400,33175,3261235200,3.4430,,,2.994546e-04,43521,18.01
265450,33181,3261849600,3.4354,,,2.994544e-04,43887,18.01
265500,33187,3262464000,3.3577,,,2.994542e-04,43760,18.01
265550,33193,3263078400,3.4344,,,2.994540e-04,42646,18.01
265600,33200,3263692800,3.4470,,,2.994537e-04,43220,18.01
265650,33206,3264307200,3.4161,,,2.994535e-04,44034,18.01
265700,33212,3264921600,3.4354,,,2.994533e-04,43852,18.01
265750,33218,3265536000,3.4393,,,2.994531e-04,43939,18.01
265800,33225,3266150400,3.4346,,,2.994529e-04,43220,18.01
265850,33231,3266764800,3.4316,,,2.994527e-04,43621,18.01
265900,33237,3267379200,3.4842,,,2.994525e-04,43997,18.01
265950,33243,3267993600,3.4641,,,2.994523e-04,43764,18.01
266000,33250,3268608000,3.4386,,,2.994521e-04,43414,18.01
266050,33256,3269222400,3.4664,,,2.994518e-04,42695,18.01
266100,33262,3269836800,3.4638,,,2.994516e-04,43968,18.01
266150,33268,3270451200,3.4321,,,2.994514e-04,43714,18.01
266200,33275,3271065600,3.4612,,,2.994512e-04,43269,18.01
266250,33281,3271680000,3.4228,,,2.994510e-04,44033,18.01
266300,33287,3272294400,3.4190,,,2.994508e-04,43770,18.01
266350,33293,3272908800,3.4603,,,2.994506e-04,43947,18.01
266400,33300,3273523200,3.4856,,,2.994504e-04,43156,18.01
266450,33306,3274137600,3.4452,,,2.994502e-04,43697,18.01
266500,33312,3274752000,3.4012,,,2.994500e-04,43665,18.01
266550,33318,3275366400,3.4434,,,2.994498e-04,42248,18.01
266600,33325,3275980800,3.3891,,,2.994495e-04,43301,18.01
266650,33331,3276595200,3.4686,,,2.994493e-04,43648,18.01
266700,33337,3277209600,3.4084,,,2.994491e-04,43835,18.01
266750,33343,3277824000,3.4360,,,2.994489e-04,44051,18.01
266800,33350,3278438400,3.4489,,,2.994487e-04,43467,18.01
266850,33356,3279052800,3.4765,,,2.994485e-04,43748,18.01
266900,33362,3279667200,3.4375,,,2.994483e-04,44005,18.01
266950,33368,3280281600,3.4466,,,2.994481e-04,43833,18.01
267000,33375,3280896000,3.4422,,,2.994478e-04,43217,18.01
267050,33381,3281510400,3.4301,,,2.994476e-04,42447,18.01
267100,33387,3282124800,3.4727,,,2.994474e-04,43933,18.01
267150,33393,3282739200,3.4076,,,2.994472e-04,43839,18.01
267200,33400,3283353600,3.3571,,,2.994470e-04,43256,18.01
267250,33406,3283968000,3.4634,,,2.994468e-04,43803,18.01
267300,33412,3284582400,3.4631,,,2.994466e-04,43826,18.01
267350,33418,3285196800,3.4951,,,2.994464e-04,43587,18.01
267400,33425,3285811200,3.4202,,,2.994462e-04,43238,18.01
267450,33431,3286425600,3.4746,,,2.994460e-04,43963,18.01
267500,33437,3287040000,3.4860,,,2.994458e-04,43697,18.01
267550,33443,3287654400,3.4881,,,2.994456e-04,42526,18.01
267600,33450,3288268800,3.4275,,,2.994453e-04,43523,18.01
267650,33456,3288883200,3.4207,,,2.994451e-04,43935,18.01
267700,33462,3289497600,3.4992,,,2.994449e-04,43509,18.01
267750,33468,3290112000,3.4480,,,2.994447e-04,43779,18.01
267800,33475,3290726400,3.4336,,,2.994445e-04,43244,18.01
267850,33481,3291340800,3.4228,,,2.994443e-04,43876,18.01
267900,33487,3291955200,3.4276,,,2.994441e-04,43789,18.01
267950,33493,3292569600,3.4408,,,2.994439e-04,43877,18.01
268000,33500,3293184000,3.4172,,,2.994436e-04,43229,18.01
268050,33506,3293798400,3.4616,,,2.994434e-04,42461,18.01
268100,33512,3294412800,3.3991,,,2.994432e-04,43860,18.01
268150,33518,3295027200,3.3975,,,2.994430e-04,43664,18.01
268200,33525,3295641600,3.4429,,,2.994428e-04,43264,18.01
268250,33531,3296256000,3.4524,,,2.994426e-04,44020,18.01
268300,33537,3296870400,3.4408,,,2.994424e-04,43339,18.01
268350,33543,3297484800,3.4266,,,2.994422e-04,43684,18.01
268400,33550,3298099200,3.4428,,,2.994419e-04,43492,18.01
268450,33556,3298713600,3.4472,,,2.994417e-04,43936,18.01
268500,33562,3299328000,3.4119,,,2.994415e-04,43744,18.01
268550,33568,3299942400,3.3994,,,2.994413e-04,42511,18.01
268600,33575,3300556800,3.4444,,,2.994411e-04,43399,18.01
268650,33581,3301171200,3.4072,,,2.994409e-04,43641,18.01
268700,33587,3301785600,3.4758,,,2.994407e-04,43759,18.01
268750,33593,3302400000,3.4450,,,2.994405e-04,43853,18.01
268800,33600,3303014400,3.4248,,,2.994402e-04,43354,18.01
268850,33606,3303628800,3.4403,,,2.994400e-04,43571,18.01
268900,33612,3304243200,3.4704,,,2.994398e-04,43623,18.01
268950,33618,3304857600,3.4550,,,2.994396e-04,44044,18.01
269000,33625,3305472000,3.4354,,,2.994394e-04,43450,18.01
269050,33631,3306086400,3.4212,,,2.994392e-04,42332,18.01
269100,33637,3306700800,3.4262,,,2.994390e-04,43971,18.01
269150,33643,3307315200,3.4475,,,2.994388e-04,43830,18.01
269200,33650,3307929600,3.4524,,,2.994386e-04,43210,18.01
269250,33656,3308544000,3.4551,,,2.994383e-04,43878,18.01
269300,33662,3309158400,3.4280,,,2.994381e-04,43680,18.01
269350,33668,3309772800,3.4689,,,2.994379e-04,43518,18.01
269400,33675,3310387200,3.4430,,,2.994377e-04,43282,18.01
269450,33681,3311001600,3.4438,,,2.994375e-04,44038,18.01
269500,33687,3311616000,3.4357,,,2.994373e-04,43822,18.01
269550,33693,3312230400,3.4272,,,2.994371e-04,42182,18.01
269600,33700,3312844800,3.4483,,,2.994369e-04,43128,18.01
269650,33706,3313459200,3.4360,,,2.994366e-04,43807,18.01
269700,33712,3314073600,3.4255,,,2.994364e-04,43760,18.01
269750,33718,3314688000,3.4400,,,2.994362e-04,43864,18.01
269800,33725,3315302400,3.3983,,,2.994360e-04,43374,18.01
269850,33731,3315916800,3.4507,,,2.994358e-04,44076,18.01
269900,33737,3316531200,3.4416,,,2.994356e-04,43852,18.01
269950,33743,3317145600,3.4098,,,2.994354e-04,43654,18.01
270000,33750,3317760000,3.4367,,,2.994351e-04,43194,18.01
270050,33756,3318374400,3.4228,,,2.994349e-04,32669,18.01
270100,33762,3318988800,3.4118,,,2.994347e-04,43679,18.01
270150,33768,3319603200,3.4246,,,2.994345e-04,44082,18.01
270200,33775,3320217600,3.4833,,,2.994343e-04,43617,18.01
270250,33781,3320832000,3.4365,,,2.994341e-04,43922,18.01
270300,33787,3321446400,3.4234,,,2.994339e-04,43598,18.01
270350,33793,3322060800,3.4133,,,2.994337e-04,44020,18.01
270400,33800,3322675200,3.4758,,,2.994334e-04,43190,18.01
270450,33806,3323289600,3.4768,,,2.994332e-04,43687,18.01
270500,33812,3323904000,3.4611,,,2.994330e-04,44107,18.01
270550,33818,3324518400,3.4774,,,2.994328e-04,42343,18.01
270600,33825,3325132800,3.4567,,,2.994326e-04,43135,18.01
270650,33831,3325747200,3.4444,,,2.994324e-04,43886,18.01
270700,33837,3326361600,3.4313,,,2.994322e-04,43794,18.01
270750,33843,3326976000,3.4653,,,2.994320e-04,43687,18.01
270800,33850,3327590400,3.4617,,,2.994317e-04,43147,18.01
270850,33856,3328204800,3.4620,,,2.994315e-04,43792,18.01
270900,33862,3328819200,3.4753,,,2.994313e-04,43973,18.01
270950,33868,3329433600,3.4490,,,2.994311e-04,43799,18.01
271000,33875,3330048000,3.4629,,,2.994309e-04,43201,18.01
271050,33881,3330662400,3.4419,,,2.994307e-04,42208,18.01
271100,33887,3331276800,3.3872,,,2.994305e-04,43909,18.01
271150,33893,3331891200,3.4008,,,2.994303e-04,43546,18.01
271200,33900,3332505600,3.4217,,,2.994300e-04,43206,18.01
271250,33906,3333120000,3.4535,,,2.994298e-04,43652,18.01
271300,33912,3333734400,3.4175,,,2.994296e-04,43982,18.01
271350,33918,3334348800,3.4130,,,2.994294e-04,43619,18.01
271400,33925,3334963200,3.4660,,,2.994292e-04,43196,18.01
271450,33931,3335577600,3.4172,,,2.994290e-04,43887,18.01
271500,33937,3336192000,3.4314,,,2.994288e-04,43916,18.01
271550,33943,3336806400,3.4234,,,2.994286e-04,42225,18.01
271600,33950,3337420800,3.4306,,,2.994283e-04,42979,18.01
271650,33956,3338035200,3.3985,,,2.994281e-04,44083,18.01
271700,33962,3338649600,3.4325,,,2.994279e-04,43815,18.01
271750,33968,3339264000,3.4303,,,2.994277e-04,43518,18.01
271800,33975,3339878400,3.4187,,,2.994275e-04,43291,18.01
271850,33981,3340492800,3.4815,,,2.994273e-04,43633,18.01
271900,33987,3341107200,3.4554,,,2.994270e-04,43953,18.01
271950,33993,3341721600,3.4335,,,2.994268e-04,43757,18.01
272000,34000,3342336000,3.4487,,,2.994266e-04,43241,18.01
272050,34006,3342950400,3.4807,,,2.994264e-04,42498,18.01
272100,34012,3343564800,3.4420,,,2.994262e-04,43956,18.01
272150,34018,3344179200,3.4052,,,2.994260e-04,43463,18.01
272200,34025,3344793600,3.4013,,,2.994257e-04,43400,18.01
272250,34031,3345408000,3.4545,,,2.994255e-04,43899,18.01
272300,34037,3346022400,3.4306,,,2.994253e-04,43804,18.01
272350,34043,3346636800,3.4282,,,2.994251e-04,43780,18.01
272400,34050,3347251200,3.4777,,,2.994249e-04,43178,18.01
272450,34056,3347865600,3.4781,,,2.994247e-04,43474,18.01
272500,34062,3348480000,3.4469,,,2.994245e-04,43624,18.01
272550,34068,3349094400,3.4195,,,2.994243e-04,42439,18.01
272600,34075,3349708800,3.4507,,,2.994240e-04,43216,18.01
272650,34081,3350323200,3.4477,,,2.994238e-04,43839,18.01
272700,34087,3350937600,3.4668,,,2.994236e-04,43518,18.01
272750,34093,3351552000,3.4623,,,2.994234e-04,43782,18.01
272800,34100,3352166400,3.4602,,,2.994232e-04,43297,18.01
272850,34106,3352780800,3.5002,,,2.994230e-04,43698,18.01
272900,34112,3353395200,3.4189,,,2.994228e-04,43794,18.01
272950,34118,3354009600,3.4522,,,2.994225e-04,43521,18.01
273000,34125,3354624000,3.4341,,,2.994223e-04,43340,18.01
273050,34131,3355238400,3.4649,,,2.994221e-04,42326,18.01
273100,34137,3355852800,3.4384,,,2.994219e-04,43439,18.01
273150,34143,3356467200,3.4547,,,2.994217e-04,43818,18.01
273200,34150,3357081600,3.4357,,,2.994214e-04,43247,18.01
273250,34156,3357696000,3.4493,,,2.994212e-04,43463,18.01
273300,34162,3358310400,3.4302,,,2.994210e-04,43699,18.01
273350,34168,3358924800,3.4047,,,2.994208e-04,43839,18.01
273400,34175,3359539200,3.4418,,,2.994206e-04,43105,18.01
273450,34181,3360153600,3.4521,,,2.994204e-04,43444,18.01
273500,34187,3360768000,3.4537,,,2.994202e-04,43554,18.01
273550,34193,3361382400,3.4349,,,2.994200e-04,42215,18.01
273600,34200,3361996800,3.4311,,,2.994197e-04,43225,18.01
273650,34206,3362611200,3.4359,,,2.994195e-04,43697,18.01
273700,34212,3363225600,3.4661,,,2.994193e-04,43407,18.01
273750,34218,3363840000,3.4877,,,2.994191e-04,43785,18.01
273800,34225,3364454400,3.4548,,,2.994189e-04,43122,18.01
273850,34231,3365068800,3.4326,,,2.994186e-04,43724,18.01
273900,34237,3365683200,3.3970,,,2.994184e-04,43758,18.01
273950,34243,3366297600,3.4346,,,2.994182e-04,43761,18.01
274000,34250,3366912000,3.3660,,,2.994180e-04,42965,18.01
274050,34256,3367526400,3.4650,,,2.994178e-04,41944,18.01
274100,34262,3368140800,3.4455,,,2.994176e-04,43750,18.01
274150,34268,3368755200,3.4776,,,2.994174e-04,43836,18.01
274200,34275,3369369600,3.4415,,,2.994171e-04,43273,18.01
274250,34281,3369984000,3.4388,,,2.994169e-04,43601,18.01
274300,34287,3370598400,3.3917,,,2.994167e-04,43400,18.01
274350,34293,3371212800,3.3865,,,2.994165e-04,43617,18.01
274400,34300,3371827200,3.4298,,,2.994163e-04,43139,18.01
274450,34306,3372441600,3.4097,,,2.994161e-04,43430,18.01
274500,34312,3373056000,3.4291,,,2.994158e-04,43835,18.01
274550,34318,3373670400,3.4428,,,2.994156e-04,42184,18.01
274600,34325,3374284800,3.4361,,,2.994154e-04,43141,18.01
274650,34331,3374899200,3.4311,,,2.994152e-04,43714,18.01
274700,34337,3375513600,3.4424,,,2.994150e-04,43812,18.01
274750,34343,3376128000,3.4235,,,2.994148e-04,43628,18.01
274800,34350,3376742400,3.4123,,,2.994145e-04,43183,18.01
274850,34356,3377356800,3.3981,,,2.994143e-04,43300,18.01
274900,34362,3377971200,3.4649,,,2.994141e-04,43599,18.01
274950,34368,3378585600,3.4806,,,2.994139e-04,43418,18.01
275000,34375,3379200000,3.4356,,,2.994137e-04,43026,18.01
275050,34381,3379814400,3.4069,,,2.994135e-04,32940,18.01
275100,34387,3380428800,3.4653,,,2.994132e-04,43839,18.01
275150,34393,3381043200,3.4389,,,2.994130e-04,43677,18.01
275200,34400,3381657600,3.4440,,,2.994128e-04,43358,18.01
275250,34406,3382272000,3.4512,,,2.994126e-04,43971,18.01
275300,34412,3382886400,3.4316,,,2.994124e-04,43912,18.01
275350,34418,3383500800,3.4403,,,2.994122e-04,43825,18.01
275400,34425,3384115200,3.4328,,,2.994119e-04,43039,18.01
275450,34431,3384729600,3.4589,,,2.994117e-04,43825,18.01
275500,34437,3385344000,3.4813,,,2.994115e-04,43495,18.01
275550,34443,3385958400,3.4387,,,2.994113e-04,42027,18.01
275600,34450,3386572800,3.4406,,,2.994111e-04,43150,18.01
275650,34456,3387187200,3.4673,,,2.994109e-04,43906,18.01
275700,34462,3387801600,3.4123,,,2.994106e-04,43872,18.01
275750,34468,3388416000,3.4217,,,2.994104e-04,43593,18.01
275800,34475,3389030400,3.4458,,,2.994102e-04,43104,18.01
275850,34481,3389644800,3.4441,,,2.994100e-04,43849,18.01
275900,34487,3390259200,3.4316,,,2.994098e-04,43151,18.01
275950,34493,3390873600,3.4054,,,2.994096e-04,43703,18.01
276000,34500,3391488000,3.4948,,,2.994093e-04,43150,18.01
276050,34506,3392102400,3.4743,,,2.994091e-04,42381,18.01
276100,34512,3392716800,3.4043,,,2.994089e-04,43818,18.01
276150,34518,3393331200,3.4610,,,2.994087e-04,43452,18.01
276200,34525,3393945600,3.4490,,,2.994084e-04,43130,18.01
276250,34531,3394560000,3.4373,,,2.994082e-04,43806,18.01
276300,34537,3395174400,3.4390,,,2.994080e-04,43403,18.01
276350,34543,3395788800,3.4125,,,2.994078e-04,43815,18.01
276400,34550,3396403200,3.4178,,,2.994076e-04,42983,18.01
276450,34556,3397017600,3.4718,,,2.994074e-04,43571,18.01
276500,34562,3397632000,3.4301,,,2.994072e-04,43609,18.01
276550,34568,3398246400,3.4431,,,2.994069e-04,42037,18.01
276600,34575,3398860800,3.4507,,,2.994067e-04,43289,18.01
276650,34581,3399475200,3.4172,,,2.994065e-04,43722,18.01
276700,34587,3400089600,3.4228,,,2.994063e-04,43718,18.01
276750,34593,3400704000,3.4511,,,2.994061e-04,43492,18.01
276800,34600,3401318400,3.4246,,,2.994058e-04,43247,18.01
276850,34606,3401932800,3.4232,,,2.994056e-04,43691,18.01
276900,34612,3402547200,3.4367,,,2.994054e-04,43642,18.01
276950,34618,3403161600,3.4617,,,2.994052e-04,43892,18.01
277000,34625,3403776000,3.4335,,,2.994050e-04,43311,18.01
277050,34631,3404390400,3.4590,,,2.994047e-04,42350,18.01
277100,34637,3405004800,3.4206,,,2.994045e-04,43501,18.01
277150,34643,3405619200,3.5068,,,2.994043e-04,43596,18.01
277200,34650,3406233600,3.4336,,,2.994041e-04,43295,18.01
277250,34656,3406848000,3.4484,,,2.994039e-04,43845,18.01
277300,34662,3407462400,3.4130,,,2.994037e-04,43348,18.01
277350,34668,3408076800,3.4430,,,2.994035e-04,43199,18.01
277400,34675,3408691200,3.4201,,,2.994032e-04,43140,18.01
277450,34681,3409305600,3.4305,,,2.994030e-04,43473,18.01
277500,34687,3409920000,3.4432,,,2.994028e-04,43497,18.01
277550,34693,3410534400,3.4309,,,2.994026e-04,42318,18.01
277600,34700,3411148800,3.4049,,,2.994023e-04,43046,18.01
277650,34706,3411763200,3.4380,,,2.994021e-04,43799,18.01
277700,34712,3412377600,3.4367,,,2.994019e-04,43787,18.01
277750,34718,3412992000,3.4631,,,2.994017e-04,43662,18.01
277800,34725,3413606400,3.4392,,,2.994015e-04,42904,18.01
277850,34731,3414220800,3.4387,,,2.994012e-04,43785,18.01
277900,34737,3414835200,3.4487,,,2.994010e-04,43530,18.01
277950,34743,3415449600,3.4058,,,2.994008e-04,42944,18.01
278000,34750,3416064000,3.4519,,,2.994006e-04,43030,18.01
278050,34756,3416678400,3.3964,,,2.994004e-04,42366,18.01
278100,34762,3417292800,3.4065,,,2.994002e-04,43636,18.01
278150,34768,3417907200,3.4249,,,2.993999e-04,43598,18.01
278200,34775,3418521600,3.4391,,,2.993997e-04,43090,18.01
278250,34781,3419136000,3.4439,,,2.993995e-04,43705,18.01
278300,34787,3419750400,3.3743,,,2.993993e-04,43726,18.01
278350,34793,3420364800,3.4308,,,2.993991e-04,43521,18.01
278400,34800,3420979200,3.4904,,,2.993988e-04,42803,18.01
278450,34806,3421593600,3.4837,,,2.993986e-04,43633,18.01
278500,34812,3422208000,3.4441,,,2.993984e-04,43573,18.01
278550,34818,3422822400,3.3994,,,2.993982e-04,41895,18.01
278600,34825,3423436800,3.4626,,,2.993979e-04,42962,18.01
278650,34831,3424051200,3.4148,,,2.993977e-04,43626,18.01
278700,34837,3424665600,3.4448,,,2.993975e-04,43719,18.01
278750,34843,3425280000,3.4443,,,2.993973e-04,43483,18.01
278800,34850,3425894400,3.3787,,,2.993971e-04,42830,18.01
278850,34856,3426508800,3.4787,,,2.993969e-04,43710,18.01
278900,34862,3427123200,3.4190,,,2.993966e-04,43231,18.01
278950,34868,3427737600,3.4357,,,2.993964e-04,43592,18.01
279000,34875,3428352000,3.4237,,,2.993962e-04,43258,18.01
279050,34881,3428966400,3.4789,,,2.993960e-04,42214,18.01
279100,34887,3429580800,3.4563,,,2.993958e-04,43684,18.01
279150,34893,3430195200,3.4540,,,2.993956e-04,43794,18.01
279200,34900,3430809600,3.4197,,,2.993953e-04,42944,18.01
279250,34906,3431424000,3.4181,,,2.993951e-04,43305,18.01
279300,34912,3432038400,3.4304,,,2.993949e-04,43880,18.01
279350,34918,3432652800,3.4092,,,2.993947e-04,43757,18.01
279400,34925,3433267200,3.3973,,,2.993944e-04,42774,18.01
279450,34931,3433881600,3.4377,,,2.993942e-04,43622,18.01
279500,34937,3434496000,3.4698,,,2.993940e-04,43188,18.01
279550,34943,3435110400,3.4520,,,2.993938e-04,42515,18.01
279600,34950,3435724800,3.4111,,,2.993935e-04,42925,18.01
279650,34956,3436339200,3.4618,,,2.993933e-04,43602,18.01
279700,34962,3436953600,3.3708,,,2.993931e-04,43712,18.01
279750,34968,3437568000,3.4159,,,2.993929e-04,43524,18.01
279800,34975,3438182400,3.4467,,,2.993927e-04,43143,18.01
279850,34981,3438796800,3.4777,,,2.993924e-04,43682,18.01
279900,34987,3439411200,3.3968,,,2.993922e-04,43890,18.01
279950,34993,3440025600,3.4416,,,2.993920e-04,43637,18.01
280000,35000,3440640000,3.4357,,,2.993918e-04,43352,18.01
280050,35006,3441254400,3.4029,,,2.993916e-04,32810,18.01
280100,35012,3441868800,3.4118,,,2.993914e-04,43669,18.01
280150,35018,3442483200,3.4527,,,2.993911e-04,43831,18.01
280200,35025,3443097600,3.4076,,,2.993909e-04,43348,18.01
280250,35031,3443712000,3.4512,,,2.993907e-04,43745,18.01
280300,35037,3444326400,3.4360,,,2.993905e-04,43730,18.01
280350,35043,3444940800,3.4386,,,2.993903e-04,43814,18.01
280400,35050,3445555200,3.3490,,,2.993900e-04,43243,18.01
280450,35056,3446169600,3.4600,,,2.993898e-04,43755,18.01
280500,35062,3446784000,3.4155,,,2.993896e-04,43708,18.01
280550,35068,3447398400,3.3859,,,2.993894e-04,42030,18.01
280600,35075,3448012800,3.4444,,,2.993891e-04,43323,18.01
280650,35081,3448627200,3.4314,,,2.993889e-04,43828,18.01
280700,35087,3449241600,3.4197,,,2.993887e-04,43642,18.01
280750,35093,3449856000,3.4871,,,2.993885e-04,43618,18.01
280800,35100,3450470400,3.3699,,,2.993882e-04,42725,18.01
280850,35106,3451084800,3.4505,,,2.993880e-04,43151,18.01
280900,35112,3451699200,3.4528,,,2.993878e-04,43871,18.01
280950,35118,3452313600,3.4430,,,2.993876e-04,43793,18.01
281000,35125,3452928000,3.4310,,,2.993874e-04,43060,18.01
281050,35131,3453542400,3.4726,,,2.993871e-04,42356,18.01
281100,35137,3454156800,3.4553,,,2.993869e-04,43700,18.01
281150,35143,3454771200,3.4376,,,2.993867e-04,43388,18.01
281200,35150,3455385600,3.3812,,,2.993865e-04,43312,18.01
281250,35156,3456000000,3.4109,,,2.993863e-04,43724,18.01
281300,35162,3456614400,3.4537,,,2.993860e-04,43779,18.01
281350,35168,3457228800,3.4532,,,2.993858e-04,43669,18.01
281400,35175,3457843200,3.4643,,,2.993856e-04,43170,18.01
281450,35181,3458457600,3.4610,,,2.993854e-04,43836,18.01
281500,35187,3459072000,3.3750,,,2.993852e-04,43537,18.01
281550,35193,3459686400,3.4098,,,2.993849e-04,42147,18.01
281600,35200,3460300800,3.4131,,,2.993847e-04,43240,18.01
281650,35206,3460915200,3.4250,,,2.993845e-04,43826,18.01
281700,35212,3461529600,3.4203,,,2.993843e-04,43811,18.01
281750,35218,3462144000,3.4223,,,2.993841e-04,43382,18.01
281800,35225,3462758400,3.3963,,,2.993838e-04,43062,18.01
281850,35231,3463372800,3.4335,,,2.993836e-04,43755,18.01
281900,35237,3463987200,3.4609,,,2.993834e-04,43726,18.01
281950,35243,3464601600,3.4409,,,2.993832e-04,43333,18.01
282000,35250,3465216000,3.4362,,,2.993829e-04,43368,18.01
282050,35256,3465830400,3.4678,,,2.993827e-04,42395,18.01
282100,35262,3466444800,3.4452,,,2.993825e-04,43675,18.01
282150,35268,3467059200,3.4437,,,2.993823e-04,43417,18.01
282200,35275,3467673600,3.4219,,,2.993820e-04,43236,18.01
282250,35281,3468288000,3.4450,,,2.993818e-04,43735,18.01
282300,35287,3468902400,3.4407,,,2.993816e-04,43756,18.01
282350,35293,3469516800,3.4421,,,2.993814e-04,43783,18.01
282400,35300,3470131200,3.4426,,,2.993811e-04,43339,18.01
282450,35306,3470745600,3.4474,,,2.993809e-04,43713,18.01
282500,35312,3471360000,3.4222,,,2.993807e-04,43375,18.01
282550,35318,3471974400,3.4511,,,2.993805e-04,42417,18.01
282600,35325,3472588800,3.4350,,,2.993802e-04,43320,18.01
282650,35331,3473203200,3.4147,,,2.993800e-04,43759,18.01
282700,35337,3473817600,3.4146,,,2.993798e-04,43618,18.01
282750,35343,3474432000,3.3940,,,2.993796e-04,43747,18.01
282800,35350,3475046400,3.4193,,,2.993793e-04,43230,18.01
282850,35356,3475660800,3.4619,,,2.993791e-04,43561,18.01
282900,35362,3476275200,3.4195,,,2.993789e-04,43797,18.01
282950,35368,3476889600,3.3819,,,2.993787e-04,43602,18.01
283000,35375,3477504000,3.4186,,,2.993785e-04,43217,18.01
283050,35381,3478118400,3.3945,,,2.993782e-04,41953,18.01
283100,35387,3478732800,3.4405,,,2.993780e-04,43868,18.01
283150,35393,3479347200,3.4452,,,2.993778e-04,43872,18.01
283200,35400,3479961600,3.4389,,,2.993776e-04,43273,18.01
283250,35406,3480576000,3.4233,,,2.993773e-04,43382,18.01
283300,35412,3481190400,3.4290,,,2.993771e-04,43569,18.01
283350,35418,3481804800,3.4470,,,2.993769e-04,43700,18.01
283400,35425,3482419200,3.4770,,,2.993767e-04,43203,18.01
283450,35431,3483033600,3.3827,,,2.993765e-04,43698,18.01
283500,35437,3483648000,3.4353,,,2.993762e-04,43757,18.01
283550,35443,3484262400,3.4189,,,2.993760e-04,42036,18.01
283600,35450,3484876800,3.4051,,,2.993758e-04,43457,18.01
283650,35456,3485491200,3.3836,,,2.993756e-04,43848,18.01
283700,35462,3486105600,3.3934,,,2.993753e-04,43634,18.01
283750,35468,3486720000,3.4385,,,2.993751e-04,43838,18.01
283800,35475,3487334400,3.4396,,,2.993749e-04,42800,18.01
283850,35481,3487948800,3.4390,,,2.993747e-04,43588,18.01
283900,35487,3488563200,3.3919,,,2.993744e-04,43862,18.01
283950,35493,3489177600,3.4481,,,2.993742e-04,43724,18.01
284000,35500,3489792000,3.4376,,,2.993740e-04,42815,18.01
284050,35506,3490406400,3.4491,,,2.993738e-04,42398,18.01
284100,35512,3491020800,3.4320,,,2.993736e-04,43585,18.01
284150,35518,3491635200,3.4075,,,2.993733e-04,43500,18.01
284200,35525,3492249600,3.3931,,,2.993731e-04,43117,18.01
284250,35531,3492864000,3.4065,,,2.993729e-04,43968,18.01
284300,35537,3493478400,3.4519,,,2.993727e-04,43816,18.01
284350,35543,3494092800,3.4099,,,2.993724e-04,43682,18.01
284400,35550,3494707200,3.4101,,,2.993722e-04,43304,18.01
284450,35556,3495321600,3.4352,,,2.993720e-04,43716,18.01
284500,35562,3495936000,3.3883,,,2.993718e-04,43876,18.01
284550,35568,3496550400,3.4344,,,2.993715e-04,42525,18.01
284600,35575,3497164800,3.4184,,,2.993713e-04,43369,18.01
284650,35581,3497779200,3.4419,,,2.993711e-04,43494,18.01
284700,35587,3498393600,3.4407,,,2.993709e-04,44011,18.01
284750,35593,3499008000,3.4463,,,2.993706e-04,43800,18.01
284800,35600,3499622400,3.4355,,,2.993704e-04,43277,18.01
284850,35606,3500236800,3.4247,,,2.993702e-04,43618,18.01
284900,35612,3500851200,3.4087,,,2.993700e-04,43881,18.01
284950,35618,3501465600,3.4479,,,2.993697e-04,43693,18.01
285000,35625,3502080000,3.4832,,,2.993695e-04,43372,18.01
285050,35631,3502694400,3.4068,,,2.993693e-04,32839,18.01
285100,35637,3503308800,3.4228,,,2.993691e-04,43730,18.01
285150,35643,3503923200,3.4295,,,2.993688e-04,43871,18.01
285200,35650,3504537600,3.4284,,,2.993686e-04,43585,18.01
285250,35656,3505152000,3.4210,,,2.993684e-04,43608,18.01
285300,35662,3505766400,3.4375,,,2.993682e-04,43693,18.01
285350,35668,3506380800,3.4574,,,2.993679e-04,43887,18.01
285400,35675,3506995200,3.4464,,,2.993677e-04,43116,18.01
285450,35681,3507609600,3.4529,,,2.993675e-04,43848,18.01
285500,35687,3508224000,3.4251,,,2.993673e-04,43904,18.01
285550,35693,3508838400,3.4758,,,2.993670e-04,42444,18.01
285600,35700,3509452800,3.4287,,,2.993668e-04,43138,18.01
285650,35706,3510067200,3.4368,,,2.993666e-04,43902,18.01
285700,35712,3510681600,3.4167,,,2.993664e-04,43680,18.01
285750,35718,3511296000,3.4269,,,2.993661e-04,43965,18.01
285800,35725,3511910400,3.4155,,,2.993659e-04,42952,18.01
285850,35731,3512524800,3.4176,,,2.993657e-04,43474,18.01
285900,35737,3513139200,3.4558,,,2.993655e-04,43806,18.01
285950,35743,3513753600,3.4718,,,2.993652e-04,43690,18.01
286000,35750,3514368000,3.4236,,,2.993650e-04,43183,18.01
286050,35756,3514982400,3.4022,,,2.993648e-04,42415,18.01
286100,35762,3515596800,3.4096,,,2.993646e-04,43653,18.01
286150,35768,3516211200,3.4244,,,2.993643e-04,43462,18.01
286200,35775,3516825600,3.4196,,,2.993641e-04,43164,18.01
286250,35781,3517440000,3.4274,,,2.993639e-04,43843,18.01
286300,35787,3518054400,3.3897,,,2.993637e-04,43369,18.01
286350,35793,3518668800,3.4002,,,2.993634e-04,43746,18.01
286400,35800,3519283200,3.4140,,,2.993632e-04,43346,18.01
286450,35806,3519897600,3.4341,,,2.993630e-04,43263,18.01
286500,35812,3520512000,3.4247,,,2.993627e-04,43888,18.01
286550,35818,3521126400,3.4561,,,2.993625e-04,42232,18.01
286600,35825,3521740800,3.4308,,,2.993623e-04,43195,18.01
286650,35831,3522355200,3.4335,,,2.993621e-04,43432,18.01
286700,35837,3522969600,3.4374,,,2.993618e-04,43535,18.01
286750,35843,3523584000,3.4272,,,2.993616e-04,43819,18.01
286800,35850,3524198400,3.4237,,,2.993614e-04,43235,18.01
286850,35856,3524812800,3.4015,,,2.993612e-04,43722,18.01
286900,35862,3525427200,3.3551,,,2.993609e-04,43743,18.01
286950,35868,3526041600,3.4060,,,2.993607e-04,43753,18.01
287000,35875,3526656000,3.4549,,,2.993605e-04,42942,18.01
287050,35881,3527270400,3.4568,,,2.993602e-04,42017,18.01
287100,35887,3527884800,3.3837,,,2.993600e-04,43648,18.01
287150,35893,3528499200,3.4312,,,2.993598e-04,43882,18.01
287200,35900,3529113600,3.4577,,,2.993596e-04,43161,18.01
287250,35906,3529728000,3.4022,,,2.993593e-04,43815,18.01
287300,35912,3530342400,3.4118,,,2.993591e-04,43831,18.01
287350,35918,3530956800,3.4671,,,2.993589e-04,43654,18.01
287400,35925,3531571200,3.4149,,,2.993587e-04,43336,18.01
287450,35931,3532185600,3.4012,,,2.993584e-04,43885,18.01
287500,35937,3532800000,3.4308,,,2.993582e-04,43730,18.01
287550,35943,3533414400,3.4277,,,2.993580e-04,42295,18.01
287600,35950,3534028800,3.3690,,,2.993577e-04,42925,18.01
287650,35956,3534643200,3.4094,,,2.993575e-04,43820,18.01
287700,35962,3535257600,3.4620,,,2.993573e-04,43828,18.01
287750,35968,3535872000,3.4632,,,2.993571e-04,43776,18.01
287800,35975,3536486400,3.4407,,,2.993568e-04,42720,18.01
287850,35981,3537100800,3.4993,,,2.993566e-04,43763,18.01
287900,35987,3537715200,3.4089,,,2.993564e-04,43719,18.01
287950,35993,3538329600,3.4064,,,2.993562e-04,43814,18.01
288000,36000,3538944000,3.4529,,,2.993559e-04,43151,18.01
288050,36006,3539558400,3.4339,,,2.993557e-04,42243,18.01
288100,36012,3540172800,3.4283,,,2.993555e-04,43723,18.01
288150,36018,3540787200,3.4183,,,2.993553e-04,43361,18.01
288200,36025,3541401600,3.4748,,,2.993550e-04,42660,18.01
288250,36031,3542016000,3.4497,,,2.993548e-04,43850,18.01
288300,36037,3542630400,3.3915,,,2.993546e-04,43774,18.01
288350,36043,3543244800,3.4003,,,2.993544e-04,43287,18.01
288400,36050,3543859200,3.4272,,,2.993541e-04,43292,18.01
288450,36056,3544473600,3.4276,,,2.993539e-04,43840,18.01
288500,36062,3545088000,3.4467,,,2.993537e-04,43871,18.01
288550,36068,3545702400,3.4352,,,2.993535e-04,42246,18.01
288600,36075,3546316800,3.4075,,,2.993532e-04,42989,18.01
288650,36081,3546931200,3.4126,,,2.993530e-04,43812,18.01
288700,36087,3547545600,3.4050,,,2.993528e-04,43787,18.01
288750,36093,3548160000,3.4019,,,2.993525e-04,43625,18.01
288800,36100,3548774400,3.4618,,,2.993523e-04,43356,18.01
288850,36106,3549388800,3.4512,,,2.993521e-04,43603,18.01
288900,36112,3550003200,3.4518,,,2.993518e-04,43345,18.01
288950,36118,3550617600,3.4252,,,2.993516e-04,43549,18.01
289000,36125,3551232000,3.4455,,,2.993514e-04,42684,18.01
289050,36131,3551846400,3.3921,,,2.993512e-04,42463,18.01
289100,36137,3552460800,3.3742,,,2.993509e-04,43327,18.01
289150,36143,3553075200,3.3562,,,2.993507e-04,43248,18.01
289200,36150,3553689600,3.4627,,,2.993505e-04,43294,18.01
289250,36156,3554304000,3.4390,,,2.993502e-04,43926,18.01
289300,36162,3554918400,3.4425,,,2.993500e-04,43659,18.01
289350,36168,3555532800,3.4163,,,2.993498e-04,43803,18.01
289400,36175,3556147200,3.4261,,,2.993495e-04,43290,18.01
289450,36181,3556761600,3.4678,,,2.993493e-04,43654,18.01
289500,36187,3557376000,3.4250,,,2.993491e-04,43545,18.01
289550,36193,3557990400,3.4412,,,2.993489e-04,42184,18.01
289600,36200,3558604800,3.4216,,,2.993486e-04,43286,18.01
289650,36206,3559219200,3.4172,,,2.993484e-04,43690,18.01
289700,36212,3559833600,3.4278,,,2.993482e-04,43830,18.01
289750,36218,3560448000,3.4342,,,2.993480e-04,43270,18.01
289800,36225,3561062400,3.4482,,,2.993477e-04,43217,18.01
289850,36231,3561676800,3.4271,,,2.993475e-04,43912,18.01
289900,36237,3562291200,3.4585,,,2.993473e-04,43768,18.01
289950,36243,3562905600,3.4430,,,2.993471e-04,43332,18.01
290000,36250,3563520000,3.4257,,,2.993468e-04,43216,18.01
290050,36256,3564134400,3.4523,,,2.993466e-04,32843,18.01
290100,36262,3564748800,3.3748,,,2.993464e-04,43753,18.01
290150,36268,3565363200,3.4204,,,2.993461e-04,43738,18.01
290200,36275,3565977600,3.4924,,,2.993459e-04,43437,18.01
290250,36281,3566592000,3.4261,,,2.993457e-04,43517,18.01
290300,36287,3567206400,3.3583,,,2.993454e-04,43756,18.01
290350,36293,3567820800,3.4153,,,2.993452e-04,43745,18.01
290400,36300,3568435200,3.5056,,,2.993450e-04,43383,18.01
290450,36306,3569049600,3.4341,,,2.993448e-04,43759,18.01
290500,36312,3569664000,3.4461,,,2.993445e-04,43607,18.01
290550,36318,3570278400,3.4242,,,2.993443e-04,42080,18.01
290600,36325,3570892800,3.4355,,,2.993441e-04,43378,18.01
290650,36331,3571507200,3.4472,,,2.993438e-04,43797,18.01
290700,36337,3572121600,3.4044,,,2.993436e-04,43774,18.01
290750,36343,3572736000,3.4387,,,2.993434e-04,43651,18.01
290800,36350,3573350400,3.4331,,,2.993431e-04,43018,18.01
290850,36356,3573964800,3.3783,,,2.993429e-04,43526,18.01
290900,36362,3574579200,3.4548,,,2.993427e-04,43604,18.01
290950,36368,3575193600,3.4183,,,2.993425e-04,43776,18.01
291000,36375,3575808000,3.4105,,,2.993422e-04,43056,18.01
291050,36381,3576422400,3.3887,,,2.993420e-04,42493,18.01
291100,36387,3577036800,3.4098,,,2.993418e-04,43681,18.01
291150,36393,3577651200,3.4059,,,2.993416e-04,43798,18.01
291200,36400,3578265600,3.4183,,,2.993413e-04,43326,18.01
291250,36406,3578880000,3.4343,,,2.993411e-04,43444,18.01
291300,36412,3579494400,3.4447,,,2.993409e-04,43517,18.01
291350,36418,3580108800,3.4142,,,2.993406e-04,43786,18.01
291400,36425,3580723200,3.4408,,,2.993404e-04,43285,18.01
291450,36431,3581337600,3.4538,,,2.993402e-04,43623,18.01
291500,36437,3581952000,3.3890,,,2.993399e-04,43488,18.01
291550,36443,3582566400,3.3831,,,2.993397e-04,42219,18.01
291600,36450,3583180800,3.4169,,,2.993395e-04,43329,18.01
291650,36456,3583795200,3.3800,,,2.993392e-04,43452,18.01
291700,36462,3584409600,3.4099,,,2.993390e-04,43646,18.01
291750,36468,3585024000,3.4066,,,2.993388e-04,43385,18.01
291800,36475,3585638400,3.4797,,,2.993385e-04,42983,18.01
291850,36481,3586252800,3.4319,,,2.993383e-04,43799,18.01
291900,36487,3586867200,3.4523,,,2.993381e-04,43745,18.01
291950,36493,3587481600,3.4659,,,2.993379e-04,43534,18.01
292000,36500,3588096000,3.4153,,,2.993376e-04,43182,18.01
292050,36506,3588710400,3.4004,,,2.993374e-04,42325,18.01
292100,36512,3589324800,3.4192,,,2.993372e-04,43785,18.01
292150,36518,3589939200,3.4410,,,2.993370e-04,43765,18.01
292200,36525,3590553600,3.3960,,,2.993367e-04,43298,18.01
292250,36531,3591168000,3.3709,,,2.993365e-04,43582,18.01
292300,36537,3591782400,3.4405,,,2.993363e-04,43507,18.01
292350,36543,3592396800,3.4362,,,2.993360e-04,43799,18.01
292400,36550,3593011200,3.4280,,,2.993358e-04,43000,18.01
292450,36556,3593625600,3.4283,,,2.993356e-04,43665,18.01
292500,36562,3594240000,3.4228,,,2.993353e-04,43676,18.01
292550,36568,3594854400,3.4840,,,2.993351e-04,42343,18.01
292600,36575,3595468800,3.4838,,,2.993349e-04,43135,18.01
292650,36581,3596083200,3.4056,,,2.993346e-04,43752,18.01
292700,36587,3596697600,3.4716,,,2.993344e-04,43885,18.01
292750,36593,3597312000,3.4230,,,2.993342e-04,43719,18.01
292800,36600,3597926400,3.4099,,,2.993339e-04,43264,18.01
292850,36606,3598540800,3.4055,,,2.993337e-04,43540,18.01
292900,36612,3599155200,3.4613,,,2.993335e-04,43724,18.01
292950,36618,3599769600,3.4077,,,2.993333e-04,43783,18.01
293000,36625,3600384000,3.3743,,,2.993330e-04,43087,18.01
293050,36631,3600998400,3.4031,,,2.993328e-04,42347,18.01
293100,36637,3601612800,3.4225,,,2.993326e-04,43604,18.01
293150,36643,3602227200,3.4320,,,2.993323e-04,43309,18.01
293200,36650,3602841600,3.3701,,,2.993321e-04,43201,18.01
293250,36656,3603456000,3.4264,,,2.993319e-04,43724,18.01
293300,36662,3604070400,3.4410,,,2.993316e-04,43606,18.01
293350,36668,3604684800,3.4777,,,2.993314e-04,43702,18.01
293400,36675,3605299200,3.4677,,,2.993312e-04,43179,18.01
293450,36681,3605913600,3.4244,,,2.993309e-04,43619,18.01
293500,36687,3606528000,3.4157,,,2.993307e-04,43872,18.01
293550,36693,3607142400,3.3923,,,2.993305e-04,42039,18.01
293600,36700,3607756800,3.3999,,,2.993302e-04,43256,18.01
293650,36706,3608371200,3.4598,,,2.993300e-04,43691,18.01
293700,36712,3608985600,3.4560,,,2.993298e-04,43733,18.01
293750,36718,3609600000,3.4445,,,2.993296e-04,43798,18.01
293800,36725,3610214400,3.3944,,,2.993293e-04,43178,18.01
293850,36731,3610828800,3.4608,,,2.993291e-04,43746,18.01
293900,36737,3611443200,3.4397,,,2.993289e-04,43298,18.01
293950,36743,3612057600,3.3858,,,2.993286e-04,43832,18.01
294000,36750,3612672000,3.4037,,,2.993284e-04,43276,18.01
294050,36756,3613286400,3.4254,,,2.993281e-04,42185,18.01
294100,36762,3613900800,3.4178,,,2.993279e-04,43849,18.01
294150,36768,3614515200,3.4453,,,2.993277e-04,43604,18.01
